file,budget,n_bots,contents_per_bot,rejection_rate,ci_lower,ci_upper,f_max,f_tv,f_kl,statistic,alpha,N,C,Q,width,depth,algorithm
sim_results_Ulastfm_pop0_a0.5_N10_C10_CPtop_Q1.0_cabaret_W1_D2.json,100,10,10,0.0,0.0,0.0,0.034383491140616895,0.2941859718795244,0.05190649848551311,tv,0.5,10,10,1.0,1,2,cabaret
sim_results_Ulastfm_pop0_a0.5_N10_C10_CPtop_Q1.0_cabaret_W1_D2.json,200,10,20,0.13333333333333333,0.011689286729835005,0.25497737993683167,0.034383491140616895,0.2941859718795244,0.05190649848551311,tv,0.5,10,10,1.0,1,2,cabaret
sim_results_Ulastfm_pop0_a0.5_N10_C10_CPtop_Q1.0_cabaret_W1_D2.json,300,10,30,0.8666666666666667,0.7450226200631684,0.988310713270165,0.034383491140616895,0.2941859718795244,0.05190649848551311,tv,0.5,10,10,1.0,1,2,cabaret
sim_results_Ulastfm_pop0_a0.5_N10_C10_CPtop_Q1.0_cabaret_W1_D2.json,400,10,40,1.0,1.0,1.0,0.034383491140616895,0.2941859718795244,0.05190649848551311,tv,0.5,10,10,1.0,1,2,cabaret
sim_results_Ulastfm_pop0_a0.5_N10_C10_CPtop_Q1.0_cabaret_W1_D2.json,500,10,50,0.9666666666666667,0.9024314507569886,1.0,0.034383491140616895,0.2941859718795244,0.05190649848551311,tv,0.5,10,10,1.0,1,2,cabaret
sim_results_Ulastfm_pop0_a0.5_N10_C10_CPtop_Q1.0_cabaret_W1_D2.json,600,10,60,1.0,1.0,1.0,0.034383491140616895,0.2941859718795244,0.05190649848551311,tv,0.5,10,10,1.0,1,2,cabaret
sim_results_Ulastfm_pop0_a0.5_N10_C10_CPtop_Q1.0_cabaret_W1_D2.json,700,10,70,1.0,1.0,1.0,0.034383491140616895,0.2941859718795244,0.05190649848551311,tv,0.5,10,10,1.0,1,2,cabaret
sim_results_Ulastfm_pop0_a0.5_N10_C10_CPtop_Q1.0_cabaret_W1_D2.json,800,10,80,1.0,1.0,1.0,0.034383491140616895,0.2941859718795244,0.05190649848551311,tv,0.5,10,10,1.0,1,2,cabaret
sim_results_Ulastfm_pop0_a0.5_N10_C10_CPtop_Q1.0_cabaret_W1_D2.json,900,10,90,1.0,1.0,1.0,0.034383491140616895,0.2941859718795244,0.05190649848551311,tv,0.5,10,10,1.0,1,2,cabaret
sim_results_Ulastfm_pop0_a0.5_N10_C10_CPtop_Q1.0_cabaret_W1_D2.json,1000,10,100,1.0,1.0,1.0,0.034383491140616895,0.2941859718795244,0.05190649848551311,tv,0.5,10,10,1.0,1,2,cabaret
sim_results_Ulastfm_pop0_a0.5_N10_C10_CPtop_Q1.0_cabaret_W2_D1.json,100,10,10,0.0,0.0,0.0,0.0398394443697747,0.24767360117406412,0.04217492714828783,tv,0.5,10,10,1.0,2,1,cabaret
sim_results_Ulastfm_pop0_a0.5_N10_C10_CPtop_Q1.0_cabaret_W2_D1.json,200,10,20,0.13333333333333333,0.011689286729835005,0.25497737993683167,0.0398394443697747,0.24767360117406412,0.04217492714828783,tv,0.5,10,10,1.0,2,1,cabaret
sim_results_Ulastfm_pop0_a0.5_N10_C10_CPtop_Q1.0_cabaret_W2_D1.json,300,10,30,0.6666666666666666,0.497976725365188,0.8353566079681453,0.0398394443697747,0.24767360117406412,0.04217492714828783,tv,0.5,10,10,1.0,2,1,cabaret
sim_results_Ulastfm_pop0_a0.5_N10_C10_CPtop_Q1.0_cabaret_W2_D1.json,400,10,40,0.9666666666666667,0.9024314507569886,1.0,0.0398394443697747,0.24767360117406412,0.04217492714828783,tv,0.5,10,10,1.0,2,1,cabaret
sim_results_Ulastfm_pop0_a0.5_N10_C10_CPtop_Q1.0_cabaret_W2_D1.json,500,10,50,1.0,1.0,1.0,0.0398394443697747,0.24767360117406412,0.04217492714828783,tv,0.5,10,10,1.0,2,1,cabaret
sim_results_Ulastfm_pop0_a0.5_N10_C10_CPtop_Q1.0_cabaret_W2_D1.json,600,10,60,0.9333333333333333,0.8440710066609742,1.0,0.0398394443697747,0.24767360117406412,0.04217492714828783,tv,0.5,10,10,1.0,2,1,cabaret
sim_results_Ulastfm_pop0_a0.5_N10_C10_CPtop_Q1.0_cabaret_W2_D1.json,700,10,70,1.0,1.0,1.0,0.0398394443697747,0.24767360117406412,0.04217492714828783,tv,0.5,10,10,1.0,2,1,cabaret
sim_results_Ulastfm_pop0_a0.5_N10_C10_CPtop_Q1.0_cabaret_W2_D1.json,800,10,80,1.0,1.0,1.0,0.0398394443697747,0.24767360117406412,0.04217492714828783,tv,0.5,10,10,1.0,2,1,cabaret
sim_results_Ulastfm_pop0_a0.5_N10_C10_CPtop_Q1.0_cabaret_W2_D1.json,900,10,90,1.0,1.0,1.0,0.0398394443697747,0.24767360117406412,0.04217492714828783,tv,0.5,10,10,1.0,2,1,cabaret
sim_results_Ulastfm_pop0_a0.5_N10_C10_CPtop_Q1.0_cabaret_W2_D1.json,1000,10,100,1.0,1.0,1.0,0.0398394443697747,0.24767360117406412,0.04217492714828783,tv,0.5,10,10,1.0,2,1,cabaret
sim_results_Ulastfm_pop0_a0.5_N10_C10_CPtop_Q1.0_cabaret_W2_D2.json,100,10,10,0.0,0.0,0.0,0.04424603759431727,0.36343412518295337,0.07765760728458691,tv,0.5,10,10,1.0,2,2,cabaret
sim_results_Ulastfm_pop0_a0.5_N10_C10_CPtop_Q1.0_cabaret_W2_D2.json,200,10,20,0.7666666666666667,0.6153150280283007,0.9180183053050327,0.04424603759431727,0.36343412518295337,0.07765760728458691,tv,0.5,10,10,1.0,2,2,cabaret
sim_results_Ulastfm_pop0_a0.5_N10_C10_CPtop_Q1.0_cabaret_W2_D2.json,300,10,30,1.0,1.0,1.0,0.04424603759431727,0.36343412518295337,0.07765760728458691,tv,0.5,10,10,1.0,2,2,cabaret
sim_results_Ulastfm_pop0_a0.5_N10_C10_CPtop_Q1.0_cabaret_W2_D2.json,400,10,40,1.0,1.0,1.0,0.04424603759431727,0.36343412518295337,0.07765760728458691,tv,0.5,10,10,1.0,2,2,cabaret
sim_results_Ulastfm_pop0_a0.5_N10_C10_CPtop_Q1.0_cabaret_W2_D2.json,500,10,50,1.0,1.0,1.0,0.04424603759431727,0.36343412518295337,0.07765760728458691,tv,0.5,10,10,1.0,2,2,cabaret
sim_results_Ulastfm_pop0_a0.5_N10_C10_CPtop_Q1.0_cabaret_W2_D2.json,600,10,60,1.0,1.0,1.0,0.04424603759431727,0.36343412518295337,0.07765760728458691,tv,0.5,10,10,1.0,2,2,cabaret
sim_results_Ulastfm_pop0_a0.5_N10_C10_CPtop_Q1.0_cabaret_W2_D2.json,700,10,70,1.0,1.0,1.0,0.04424603759431727,0.36343412518295337,0.07765760728458691,tv,0.5,10,10,1.0,2,2,cabaret
sim_results_Ulastfm_pop0_a0.5_N10_C10_CPtop_Q1.0_cabaret_W2_D2.json,800,10,80,1.0,1.0,1.0,0.04424603759431727,0.36343412518295337,0.07765760728458691,tv,0.5,10,10,1.0,2,2,cabaret
sim_results_Ulastfm_pop0_a0.5_N10_C10_CPtop_Q1.0_cabaret_W2_D2.json,900,10,90,1.0,1.0,1.0,0.04424603759431727,0.36343412518295337,0.07765760728458691,tv,0.5,10,10,1.0,2,2,cabaret
sim_results_Ulastfm_pop0_a0.5_N10_C10_CPtop_Q1.0_cabaret_W2_D2.json,1000,10,100,1.0,1.0,1.0,0.04424603759431727,0.36343412518295337,0.07765760728458691,tv,0.5,10,10,1.0,2,2,cabaret
sim_results_Ulastfm_pop0_a0.5_N10_C20_CPtop_Q1.0_cabaret_W1_D2.json,100,10,10,0.0,0.0,0.0,0.025610072164551547,0.32114562434080385,0.05579955546077062,tv,0.5,10,20,1.0,1,2,cabaret
sim_results_Ulastfm_pop0_a0.5_N10_C20_CPtop_Q1.0_cabaret_W1_D2.json,200,10,20,0.3,0.1360146347993212,0.4639853652006788,0.025610072164551547,0.32114562434080385,0.05579955546077062,tv,0.5,10,20,1.0,1,2,cabaret
sim_results_Ulastfm_pop0_a0.5_N10_C20_CPtop_Q1.0_cabaret_W1_D2.json,300,10,30,0.7,0.5360146347993211,0.8639853652006788,0.025610072164551547,0.32114562434080385,0.05579955546077062,tv,0.5,10,20,1.0,1,2,cabaret
sim_results_Ulastfm_pop0_a0.5_N10_C20_CPtop_Q1.0_cabaret_W1_D2.json,400,10,40,1.0,1.0,1.0,0.025610072164551547,0.32114562434080385,0.05579955546077062,tv,0.5,10,20,1.0,1,2,cabaret
sim_results_Ulastfm_pop0_a0.5_N10_C20_CPtop_Q1.0_cabaret_W1_D2.json,500,10,50,1.0,1.0,1.0,0.025610072164551547,0.32114562434080385,0.05579955546077062,tv,0.5,10,20,1.0,1,2,cabaret
sim_results_Ulastfm_pop0_a0.5_N10_C20_CPtop_Q1.0_cabaret_W1_D2.json,600,10,60,1.0,1.0,1.0,0.025610072164551547,0.32114562434080385,0.05579955546077062,tv,0.5,10,20,1.0,1,2,cabaret
sim_results_Ulastfm_pop0_a0.5_N10_C20_CPtop_Q1.0_cabaret_W1_D2.json,700,10,70,1.0,1.0,1.0,0.025610072164551547,0.32114562434080385,0.05579955546077062,tv,0.5,10,20,1.0,1,2,cabaret
sim_results_Ulastfm_pop0_a0.5_N10_C20_CPtop_Q1.0_cabaret_W1_D2.json,800,10,80,1.0,1.0,1.0,0.025610072164551547,0.32114562434080385,0.05579955546077062,tv,0.5,10,20,1.0,1,2,cabaret
sim_results_Ulastfm_pop0_a0.5_N10_C20_CPtop_Q1.0_cabaret_W1_D2.json,900,10,90,1.0,1.0,1.0,0.025610072164551547,0.32114562434080385,0.05579955546077062,tv,0.5,10,20,1.0,1,2,cabaret
sim_results_Ulastfm_pop0_a0.5_N10_C20_CPtop_Q1.0_cabaret_W1_D2.json,1000,10,100,1.0,1.0,1.0,0.025610072164551547,0.32114562434080385,0.05579955546077062,tv,0.5,10,20,1.0,1,2,cabaret
sim_results_Ulastfm_pop0_a0.5_N10_C20_CPtop_Q1.0_cabaret_W2_D1.json,100,10,10,0.0,0.0,0.0,0.041176535814366,0.28503500035605955,0.051187011336287676,tv,0.5,10,20,1.0,2,1,cabaret
sim_results_Ulastfm_pop0_a0.5_N10_C20_CPtop_Q1.0_cabaret_W2_D1.json,200,10,20,0.1,0.0,0.20735362127101256,0.041176535814366,0.28503500035605955,0.051187011336287676,tv,0.5,10,20,1.0,2,1,cabaret
sim_results_Ulastfm_pop0_a0.5_N10_C20_CPtop_Q1.0_cabaret_W2_D1.json,300,10,30,0.8333333333333334,0.6999722251151381,0.9666944415515286,0.041176535814366,0.28503500035605955,0.051187011336287676,tv,0.5,10,20,1.0,2,1,cabaret
sim_results_Ulastfm_pop0_a0.5_N10_C20_CPtop_Q1.0_cabaret_W2_D1.json,400,10,40,0.9666666666666667,0.9024314507569886,1.0,0.041176535814366,0.28503500035605955,0.051187011336287676,tv,0.5,10,20,1.0,2,1,cabaret
sim_results_Ulastfm_pop0_a0.5_N10_C20_CPtop_Q1.0_cabaret_W2_D1.json,500,10,50,1.0,1.0,1.0,0.041176535814366,0.28503500035605955,0.051187011336287676,tv,0.5,10,20,1.0,2,1,cabaret
sim_results_Ulastfm_pop0_a0.5_N10_C20_CPtop_Q1.0_cabaret_W2_D1.json,600,10,60,1.0,1.0,1.0,0.041176535814366,0.28503500035605955,0.051187011336287676,tv,0.5,10,20,1.0,2,1,cabaret
sim_results_Ulastfm_pop0_a0.5_N10_C20_CPtop_Q1.0_cabaret_W2_D1.json,700,10,70,1.0,1.0,1.0,0.041176535814366,0.28503500035605955,0.051187011336287676,tv,0.5,10,20,1.0,2,1,cabaret
sim_results_Ulastfm_pop0_a0.5_N10_C20_CPtop_Q1.0_cabaret_W2_D1.json,800,10,80,1.0,1.0,1.0,0.041176535814366,0.28503500035605955,0.051187011336287676,tv,0.5,10,20,1.0,2,1,cabaret
sim_results_Ulastfm_pop0_a0.5_N10_C20_CPtop_Q1.0_cabaret_W2_D1.json,900,10,90,1.0,1.0,1.0,0.041176535814366,0.28503500035605955,0.051187011336287676,tv,0.5,10,20,1.0,2,1,cabaret
sim_results_Ulastfm_pop0_a0.5_N10_C20_CPtop_Q1.0_cabaret_W2_D1.json,1000,10,100,1.0,1.0,1.0,0.041176535814366,0.28503500035605955,0.051187011336287676,tv,0.5,10,20,1.0,2,1,cabaret
sim_results_Ulastfm_pop0_a0.5_N10_C20_CPtop_Q1.0_cabaret_W2_D2.json,100,10,10,0.0,0.0,0.0,0.04521690737857857,0.3342627137284444,0.0656798343181123,tv,0.5,10,20,1.0,2,2,cabaret
sim_results_Ulastfm_pop0_a0.5_N10_C20_CPtop_Q1.0_cabaret_W2_D2.json,200,10,20,0.43333333333333335,0.2560081873235037,0.610658479343163,0.04521690737857857,0.3342627137284444,0.0656798343181123,tv,0.5,10,20,1.0,2,2,cabaret
sim_results_Ulastfm_pop0_a0.5_N10_C20_CPtop_Q1.0_cabaret_W2_D2.json,300,10,30,0.9,0.7926463787289875,1.0,0.04521690737857857,0.3342627137284444,0.0656798343181123,tv,0.5,10,20,1.0,2,2,cabaret
sim_results_Ulastfm_pop0_a0.5_N10_C20_CPtop_Q1.0_cabaret_W2_D2.json,400,10,40,1.0,1.0,1.0,0.04521690737857857,0.3342627137284444,0.0656798343181123,tv,0.5,10,20,1.0,2,2,cabaret
sim_results_Ulastfm_pop0_a0.5_N10_C20_CPtop_Q1.0_cabaret_W2_D2.json,500,10,50,1.0,1.0,1.0,0.04521690737857857,0.3342627137284444,0.0656798343181123,tv,0.5,10,20,1.0,2,2,cabaret
sim_results_Ulastfm_pop0_a0.5_N10_C20_CPtop_Q1.0_cabaret_W2_D2.json,600,10,60,1.0,1.0,1.0,0.04521690737857857,0.3342627137284444,0.0656798343181123,tv,0.5,10,20,1.0,2,2,cabaret
sim_results_Ulastfm_pop0_a0.5_N10_C20_CPtop_Q1.0_cabaret_W2_D2.json,700,10,70,1.0,1.0,1.0,0.04521690737857857,0.3342627137284444,0.0656798343181123,tv,0.5,10,20,1.0,2,2,cabaret
sim_results_Ulastfm_pop0_a0.5_N10_C20_CPtop_Q1.0_cabaret_W2_D2.json,800,10,80,1.0,1.0,1.0,0.04521690737857857,0.3342627137284444,0.0656798343181123,tv,0.5,10,20,1.0,2,2,cabaret
sim_results_Ulastfm_pop0_a0.5_N10_C20_CPtop_Q1.0_cabaret_W2_D2.json,900,10,90,1.0,1.0,1.0,0.04521690737857857,0.3342627137284444,0.0656798343181123,tv,0.5,10,20,1.0,2,2,cabaret
sim_results_Ulastfm_pop0_a0.5_N10_C20_CPtop_Q1.0_cabaret_W2_D2.json,1000,10,100,1.0,1.0,1.0,0.04521690737857857,0.3342627137284444,0.0656798343181123,tv,0.5,10,20,1.0,2,2,cabaret
sim_results_Ulastfm_pop0_a0.5_N10_C5_CPtop_Q1.0_cabaret_W1_D2.json,100,10,10,0.0,0.0,0.0,0.03174834320072857,0.16861034383737103,0.023687721356846866,tv,0.5,10,5,1.0,1,2,cabaret
sim_results_Ulastfm_pop0_a0.5_N10_C5_CPtop_Q1.0_cabaret_W1_D2.json,200,10,20,0.1,0.0,0.20735362127101256,0.03174834320072857,0.16861034383737103,0.023687721356846866,tv,0.5,10,5,1.0,1,2,cabaret
sim_results_Ulastfm_pop0_a0.5_N10_C5_CPtop_Q1.0_cabaret_W1_D2.json,300,10,30,0.36666666666666664,0.19422296678282158,0.5391103665505117,0.03174834320072857,0.16861034383737103,0.023687721356846866,tv,0.5,10,5,1.0,1,2,cabaret
sim_results_Ulastfm_pop0_a0.5_N10_C5_CPtop_Q1.0_cabaret_W1_D2.json,400,10,40,0.6666666666666666,0.497976725365188,0.8353566079681453,0.03174834320072857,0.16861034383737103,0.023687721356846866,tv,0.5,10,5,1.0,1,2,cabaret
sim_results_Ulastfm_pop0_a0.5_N10_C5_CPtop_Q1.0_cabaret_W1_D2.json,500,10,50,0.9,0.7926463787289875,1.0,0.03174834320072857,0.16861034383737103,0.023687721356846866,tv,0.5,10,5,1.0,1,2,cabaret
sim_results_Ulastfm_pop0_a0.5_N10_C5_CPtop_Q1.0_cabaret_W1_D2.json,600,10,60,1.0,1.0,1.0,0.03174834320072857,0.16861034383737103,0.023687721356846866,tv,0.5,10,5,1.0,1,2,cabaret
sim_results_Ulastfm_pop0_a0.5_N10_C5_CPtop_Q1.0_cabaret_W1_D2.json,700,10,70,0.9666666666666667,0.9024314507569886,1.0,0.03174834320072857,0.16861034383737103,0.023687721356846866,tv,0.5,10,5,1.0,1,2,cabaret
sim_results_Ulastfm_pop0_a0.5_N10_C5_CPtop_Q1.0_cabaret_W1_D2.json,800,10,80,0.9666666666666667,0.9024314507569886,1.0,0.03174834320072857,0.16861034383737103,0.023687721356846866,tv,0.5,10,5,1.0,1,2,cabaret
sim_results_Ulastfm_pop0_a0.5_N10_C5_CPtop_Q1.0_cabaret_W1_D2.json,900,10,90,1.0,1.0,1.0,0.03174834320072857,0.16861034383737103,0.023687721356846866,tv,0.5,10,5,1.0,1,2,cabaret
sim_results_Ulastfm_pop0_a0.5_N10_C5_CPtop_Q1.0_cabaret_W1_D2.json,1000,10,100,1.0,1.0,1.0,0.03174834320072857,0.16861034383737103,0.023687721356846866,tv,0.5,10,5,1.0,1,2,cabaret
sim_results_Ulastfm_pop0_a0.5_N10_C5_CPtop_Q1.0_cabaret_W2_D1.json,100,10,10,0.0,0.0,0.0,0.023607035838378566,0.08623718168021614,0.008013656442250279,tv,0.5,10,5,1.0,2,1,cabaret
sim_results_Ulastfm_pop0_a0.5_N10_C5_CPtop_Q1.0_cabaret_W2_D1.json,200,10,20,0.0,0.0,0.0,0.023607035838378566,0.08623718168021614,0.008013656442250279,tv,0.5,10,5,1.0,2,1,cabaret
sim_results_Ulastfm_pop0_a0.5_N10_C5_CPtop_Q1.0_cabaret_W2_D1.json,300,10,30,0.13333333333333333,0.011689286729835005,0.25497737993683167,0.023607035838378566,0.08623718168021614,0.008013656442250279,tv,0.5,10,5,1.0,2,1,cabaret
sim_results_Ulastfm_pop0_a0.5_N10_C5_CPtop_Q1.0_cabaret_W2_D1.json,400,10,40,0.13333333333333333,0.011689286729835005,0.25497737993683167,0.023607035838378566,0.08623718168021614,0.008013656442250279,tv,0.5,10,5,1.0,2,1,cabaret
sim_results_Ulastfm_pop0_a0.5_N10_C5_CPtop_Q1.0_cabaret_W2_D1.json,500,10,50,0.16666666666666666,0.03330555844847141,0.3000277748848619,0.023607035838378566,0.08623718168021614,0.008013656442250279,tv,0.5,10,5,1.0,2,1,cabaret
sim_results_Ulastfm_pop0_a0.5_N10_C5_CPtop_Q1.0_cabaret_W2_D1.json,600,10,60,0.26666666666666666,0.10842147482583778,0.4249118585074956,0.023607035838378566,0.08623718168021614,0.008013656442250279,tv,0.5,10,5,1.0,2,1,cabaret
sim_results_Ulastfm_pop0_a0.5_N10_C5_CPtop_Q1.0_cabaret_W2_D1.json,700,10,70,0.3,0.1360146347993212,0.4639853652006788,0.023607035838378566,0.08623718168021614,0.008013656442250279,tv,0.5,10,5,1.0,2,1,cabaret
sim_results_Ulastfm_pop0_a0.5_N10_C5_CPtop_Q1.0_cabaret_W2_D1.json,800,10,80,0.43333333333333335,0.2560081873235037,0.610658479343163,0.023607035838378566,0.08623718168021614,0.008013656442250279,tv,0.5,10,5,1.0,2,1,cabaret
sim_results_Ulastfm_pop0_a0.5_N10_C5_CPtop_Q1.0_cabaret_W2_D1.json,900,10,90,0.4666666666666667,0.28814201332194833,0.645191320011385,0.023607035838378566,0.08623718168021614,0.008013656442250279,tv,0.5,10,5,1.0,2,1,cabaret
sim_results_Ulastfm_pop0_a0.5_N10_C5_CPtop_Q1.0_cabaret_W2_D1.json,1000,10,100,0.43333333333333335,0.2560081873235037,0.610658479343163,0.023607035838378566,0.08623718168021614,0.008013656442250279,tv,0.5,10,5,1.0,2,1,cabaret
sim_results_Ulastfm_pop0_a0.5_N10_C5_CPtop_Q1.0_cabaret_W2_D2.json,100,10,10,0.03333333333333333,0.0,0.09756854924301145,0.03516710540221552,0.18439071146737668,0.02753589134722776,tv,0.5,10,5,1.0,2,2,cabaret
sim_results_Ulastfm_pop0_a0.5_N10_C5_CPtop_Q1.0_cabaret_W2_D2.json,200,10,20,0.13333333333333333,0.011689286729835005,0.25497737993683167,0.03516710540221552,0.18439071146737668,0.02753589134722776,tv,0.5,10,5,1.0,2,2,cabaret
sim_results_Ulastfm_pop0_a0.5_N10_C5_CPtop_Q1.0_cabaret_W2_D2.json,300,10,30,0.3,0.1360146347993212,0.4639853652006788,0.03516710540221552,0.18439071146737668,0.02753589134722776,tv,0.5,10,5,1.0,2,2,cabaret
sim_results_Ulastfm_pop0_a0.5_N10_C5_CPtop_Q1.0_cabaret_W2_D2.json,400,10,40,0.9666666666666667,0.9024314507569886,1.0,0.03516710540221552,0.18439071146737668,0.02753589134722776,tv,0.5,10,5,1.0,2,2,cabaret
sim_results_Ulastfm_pop0_a0.5_N10_C5_CPtop_Q1.0_cabaret_W2_D2.json,500,10,50,0.8,0.6568618383053166,0.9431381616946835,0.03516710540221552,0.18439071146737668,0.02753589134722776,tv,0.5,10,5,1.0,2,2,cabaret
sim_results_Ulastfm_pop0_a0.5_N10_C5_CPtop_Q1.0_cabaret_W2_D2.json,600,10,60,0.9,0.7926463787289875,1.0,0.03516710540221552,0.18439071146737668,0.02753589134722776,tv,0.5,10,5,1.0,2,2,cabaret
sim_results_Ulastfm_pop0_a0.5_N10_C5_CPtop_Q1.0_cabaret_W2_D2.json,700,10,70,0.9666666666666667,0.9024314507569886,1.0,0.03516710540221552,0.18439071146737668,0.02753589134722776,tv,0.5,10,5,1.0,2,2,cabaret
sim_results_Ulastfm_pop0_a0.5_N10_C5_CPtop_Q1.0_cabaret_W2_D2.json,800,10,80,1.0,1.0,1.0,0.03516710540221552,0.18439071146737668,0.02753589134722776,tv,0.5,10,5,1.0,2,2,cabaret
sim_results_Ulastfm_pop0_a0.5_N10_C5_CPtop_Q1.0_cabaret_W2_D2.json,900,10,90,1.0,1.0,1.0,0.03516710540221552,0.18439071146737668,0.02753589134722776,tv,0.5,10,5,1.0,2,2,cabaret
sim_results_Ulastfm_pop0_a0.5_N10_C5_CPtop_Q1.0_cabaret_W2_D2.json,1000,10,100,1.0,1.0,1.0,0.03516710540221552,0.18439071146737668,0.02753589134722776,tv,0.5,10,5,1.0,2,2,cabaret
sim_results_Ulastfm_pop0_a0.5_N2_C10_CPtop_Q1.0_cabaret_W1_D2.json,100,10,10,0.0,0.0,0.0,0.010632953999812953,0.07267012402033879,0.008579089966680716,tv,0.5,2,10,1.0,1,2,cabaret
sim_results_Ulastfm_pop0_a0.5_N2_C10_CPtop_Q1.0_cabaret_W1_D2.json,200,10,20,0.03333333333333333,0.0,0.09756854924301145,0.010632953999812953,0.07267012402033879,0.008579089966680716,tv,0.5,2,10,1.0,1,2,cabaret
sim_results_Ulastfm_pop0_a0.5_N2_C10_CPtop_Q1.0_cabaret_W1_D2.json,300,10,30,0.03333333333333333,0.0,0.09756854924301145,0.010632953999812953,0.07267012402033879,0.008579089966680716,tv,0.5,2,10,1.0,1,2,cabaret
sim_results_Ulastfm_pop0_a0.5_N2_C10_CPtop_Q1.0_cabaret_W1_D2.json,400,10,40,0.1,0.0,0.20735362127101256,0.010632953999812953,0.07267012402033879,0.008579089966680716,tv,0.5,2,10,1.0,1,2,cabaret
sim_results_Ulastfm_pop0_a0.5_N2_C10_CPtop_Q1.0_cabaret_W1_D2.json,500,10,50,0.06666666666666667,0.0,0.15592899333902582,0.010632953999812953,0.07267012402033879,0.008579089966680716,tv,0.5,2,10,1.0,1,2,cabaret
sim_results_Ulastfm_pop0_a0.5_N2_C10_CPtop_Q1.0_cabaret_W1_D2.json,600,10,60,0.1,0.0,0.20735362127101256,0.010632953999812953,0.07267012402033879,0.008579089966680716,tv,0.5,2,10,1.0,1,2,cabaret
sim_results_Ulastfm_pop0_a0.5_N2_C10_CPtop_Q1.0_cabaret_W1_D2.json,700,10,70,0.2,0.056861838305316575,0.3431381616946835,0.010632953999812953,0.07267012402033879,0.008579089966680716,tv,0.5,2,10,1.0,1,2,cabaret
sim_results_Ulastfm_pop0_a0.5_N2_C10_CPtop_Q1.0_cabaret_W1_D2.json,800,10,80,0.26666666666666666,0.10842147482583778,0.4249118585074956,0.010632953999812953,0.07267012402033879,0.008579089966680716,tv,0.5,2,10,1.0,1,2,cabaret
sim_results_Ulastfm_pop0_a0.5_N2_C10_CPtop_Q1.0_cabaret_W1_D2.json,900,10,90,0.2,0.056861838305316575,0.3431381616946835,0.010632953999812953,0.07267012402033879,0.008579089966680716,tv,0.5,2,10,1.0,1,2,cabaret
sim_results_Ulastfm_pop0_a0.5_N2_C10_CPtop_Q1.0_cabaret_W1_D2.json,1000,10,100,0.2,0.056861838305316575,0.3431381616946835,0.010632953999812953,0.07267012402033879,0.008579089966680716,tv,0.5,2,10,1.0,1,2,cabaret
sim_results_Ulastfm_pop0_a0.5_N2_C10_CPtop_Q1.0_cabaret_W2_D1.json,100,10,10,0.0,0.0,0.0,0.00484379224611356,0.03631366977443122,0.0029381966866272573,tv,0.5,2,10,1.0,2,1,cabaret
sim_results_Ulastfm_pop0_a0.5_N2_C10_CPtop_Q1.0_cabaret_W2_D1.json,200,10,20,0.0,0.0,0.0,0.00484379224611356,0.03631366977443122,0.0029381966866272573,tv,0.5,2,10,1.0,2,1,cabaret
sim_results_Ulastfm_pop0_a0.5_N2_C10_CPtop_Q1.0_cabaret_W2_D1.json,300,10,30,0.13333333333333333,0.011689286729835005,0.25497737993683167,0.00484379224611356,0.03631366977443122,0.0029381966866272573,tv,0.5,2,10,1.0,2,1,cabaret
sim_results_Ulastfm_pop0_a0.5_N2_C10_CPtop_Q1.0_cabaret_W2_D1.json,400,10,40,0.0,0.0,0.0,0.00484379224611356,0.03631366977443122,0.0029381966866272573,tv,0.5,2,10,1.0,2,1,cabaret
sim_results_Ulastfm_pop0_a0.5_N2_C10_CPtop_Q1.0_cabaret_W2_D1.json,500,10,50,0.06666666666666667,0.0,0.15592899333902582,0.00484379224611356,0.03631366977443122,0.0029381966866272573,tv,0.5,2,10,1.0,2,1,cabaret
sim_results_Ulastfm_pop0_a0.5_N2_C10_CPtop_Q1.0_cabaret_W2_D1.json,600,10,60,0.03333333333333333,0.0,0.09756854924301145,0.00484379224611356,0.03631366977443122,0.0029381966866272573,tv,0.5,2,10,1.0,2,1,cabaret
sim_results_Ulastfm_pop0_a0.5_N2_C10_CPtop_Q1.0_cabaret_W2_D1.json,700,10,70,0.03333333333333333,0.0,0.09756854924301145,0.00484379224611356,0.03631366977443122,0.0029381966866272573,tv,0.5,2,10,1.0,2,1,cabaret
sim_results_Ulastfm_pop0_a0.5_N2_C10_CPtop_Q1.0_cabaret_W2_D1.json,800,10,80,0.1,0.0,0.20735362127101256,0.00484379224611356,0.03631366977443122,0.0029381966866272573,tv,0.5,2,10,1.0,2,1,cabaret
sim_results_Ulastfm_pop0_a0.5_N2_C10_CPtop_Q1.0_cabaret_W2_D1.json,900,10,90,0.13333333333333333,0.011689286729835005,0.25497737993683167,0.00484379224611356,0.03631366977443122,0.0029381966866272573,tv,0.5,2,10,1.0,2,1,cabaret
sim_results_Ulastfm_pop0_a0.5_N2_C10_CPtop_Q1.0_cabaret_W2_D1.json,1000,10,100,0.2,0.056861838305316575,0.3431381616946835,0.00484379224611356,0.03631366977443122,0.0029381966866272573,tv,0.5,2,10,1.0,2,1,cabaret
sim_results_Ulastfm_pop0_a0.5_N2_C10_CPtop_Q1.0_cabaret_W2_D2.json,100,10,10,0.0,0.0,0.0,0.02172425361504359,0.18216111875993224,0.034526305606156556,tv,0.5,2,10,1.0,2,2,cabaret
sim_results_Ulastfm_pop0_a0.5_N2_C10_CPtop_Q1.0_cabaret_W2_D2.json,200,10,20,0.1,0.0,0.20735362127101256,0.02172425361504359,0.18216111875993224,0.034526305606156556,tv,0.5,2,10,1.0,2,2,cabaret
sim_results_Ulastfm_pop0_a0.5_N2_C10_CPtop_Q1.0_cabaret_W2_D2.json,300,10,30,0.4,0.2246922705640165,0.5753077294359835,0.02172425361504359,0.18216111875993224,0.034526305606156556,tv,0.5,2,10,1.0,2,2,cabaret
sim_results_Ulastfm_pop0_a0.5_N2_C10_CPtop_Q1.0_cabaret_W2_D2.json,400,10,40,0.6333333333333333,0.46088963344948825,0.8057770332171783,0.02172425361504359,0.18216111875993224,0.034526305606156556,tv,0.5,2,10,1.0,2,2,cabaret
sim_results_Ulastfm_pop0_a0.5_N2_C10_CPtop_Q1.0_cabaret_W2_D2.json,500,10,50,1.0,1.0,1.0,0.02172425361504359,0.18216111875993224,0.034526305606156556,tv,0.5,2,10,1.0,2,2,cabaret
sim_results_Ulastfm_pop0_a0.5_N2_C10_CPtop_Q1.0_cabaret_W2_D2.json,600,10,60,1.0,1.0,1.0,0.02172425361504359,0.18216111875993224,0.034526305606156556,tv,0.5,2,10,1.0,2,2,cabaret
sim_results_Ulastfm_pop0_a0.5_N2_C10_CPtop_Q1.0_cabaret_W2_D2.json,700,10,70,0.9666666666666667,0.9024314507569886,1.0,0.02172425361504359,0.18216111875993224,0.034526305606156556,tv,0.5,2,10,1.0,2,2,cabaret
sim_results_Ulastfm_pop0_a0.5_N2_C10_CPtop_Q1.0_cabaret_W2_D2.json,800,10,80,1.0,1.0,1.0,0.02172425361504359,0.18216111875993224,0.034526305606156556,tv,0.5,2,10,1.0,2,2,cabaret
sim_results_Ulastfm_pop0_a0.5_N2_C10_CPtop_Q1.0_cabaret_W2_D2.json,900,10,90,1.0,1.0,1.0,0.02172425361504359,0.18216111875993224,0.034526305606156556,tv,0.5,2,10,1.0,2,2,cabaret
sim_results_Ulastfm_pop0_a0.5_N2_C10_CPtop_Q1.0_cabaret_W2_D2.json,1000,10,100,1.0,1.0,1.0,0.02172425361504359,0.18216111875993224,0.034526305606156556,tv,0.5,2,10,1.0,2,2,cabaret
sim_results_Ulastfm_pop0_a0.5_N2_C20_CPtop_Q1.0_cabaret_W1_D2.json,100,10,10,0.06666666666666667,0.0,0.15592899333902582,0.012040100054499547,0.10967637218257875,0.01465213246545357,tv,0.5,2,20,1.0,1,2,cabaret
sim_results_Ulastfm_pop0_a0.5_N2_C20_CPtop_Q1.0_cabaret_W1_D2.json,200,10,20,0.06666666666666667,0.0,0.15592899333902582,0.012040100054499547,0.10967637218257875,0.01465213246545357,tv,0.5,2,20,1.0,1,2,cabaret
sim_results_Ulastfm_pop0_a0.5_N2_C20_CPtop_Q1.0_cabaret_W1_D2.json,300,10,30,0.1,0.0,0.20735362127101256,0.012040100054499547,0.10967637218257875,0.01465213246545357,tv,0.5,2,20,1.0,1,2,cabaret
sim_results_Ulastfm_pop0_a0.5_N2_C20_CPtop_Q1.0_cabaret_W1_D2.json,400,10,40,0.16666666666666666,0.03330555844847141,0.3000277748848619,0.012040100054499547,0.10967637218257875,0.01465213246545357,tv,0.5,2,20,1.0,1,2,cabaret
sim_results_Ulastfm_pop0_a0.5_N2_C20_CPtop_Q1.0_cabaret_W1_D2.json,500,10,50,0.2,0.056861838305316575,0.3431381616946835,0.012040100054499547,0.10967637218257875,0.01465213246545357,tv,0.5,2,20,1.0,1,2,cabaret
sim_results_Ulastfm_pop0_a0.5_N2_C20_CPtop_Q1.0_cabaret_W1_D2.json,600,10,60,0.16666666666666666,0.03330555844847141,0.3000277748848619,0.012040100054499547,0.10967637218257875,0.01465213246545357,tv,0.5,2,20,1.0,1,2,cabaret
sim_results_Ulastfm_pop0_a0.5_N2_C20_CPtop_Q1.0_cabaret_W1_D2.json,700,10,70,0.3333333333333333,0.1646433920318547,0.5020232746348119,0.012040100054499547,0.10967637218257875,0.01465213246545357,tv,0.5,2,20,1.0,1,2,cabaret
sim_results_Ulastfm_pop0_a0.5_N2_C20_CPtop_Q1.0_cabaret_W1_D2.json,800,10,80,0.3,0.1360146347993212,0.4639853652006788,0.012040100054499547,0.10967637218257875,0.01465213246545357,tv,0.5,2,20,1.0,1,2,cabaret
sim_results_Ulastfm_pop0_a0.5_N2_C20_CPtop_Q1.0_cabaret_W1_D2.json,900,10,90,0.23333333333333334,0.08198169469496736,0.3846849719716993,0.012040100054499547,0.10967637218257875,0.01465213246545357,tv,0.5,2,20,1.0,1,2,cabaret
sim_results_Ulastfm_pop0_a0.5_N2_C20_CPtop_Q1.0_cabaret_W1_D2.json,1000,10,100,0.4666666666666667,0.28814201332194833,0.645191320011385,0.012040100054499547,0.10967637218257875,0.01465213246545357,tv,0.5,2,20,1.0,1,2,cabaret
sim_results_Ulastfm_pop0_a0.5_N2_C20_CPtop_Q1.0_cabaret_W2_D1.json,100,10,10,0.0,0.0,0.0,0.004868622314438565,0.04743109933079252,0.004262385080171873,tv,0.5,2,20,1.0,2,1,cabaret
sim_results_Ulastfm_pop0_a0.5_N2_C20_CPtop_Q1.0_cabaret_W2_D1.json,200,10,20,0.03333333333333333,0.0,0.09756854924301145,0.004868622314438565,0.04743109933079252,0.004262385080171873,tv,0.5,2,20,1.0,2,1,cabaret
sim_results_Ulastfm_pop0_a0.5_N2_C20_CPtop_Q1.0_cabaret_W2_D1.json,300,10,30,0.0,0.0,0.0,0.004868622314438565,0.04743109933079252,0.004262385080171873,tv,0.5,2,20,1.0,2,1,cabaret
sim_results_Ulastfm_pop0_a0.5_N2_C20_CPtop_Q1.0_cabaret_W2_D1.json,400,10,40,0.13333333333333333,0.011689286729835005,0.25497737993683167,0.004868622314438565,0.04743109933079252,0.004262385080171873,tv,0.5,2,20,1.0,2,1,cabaret
sim_results_Ulastfm_pop0_a0.5_N2_C20_CPtop_Q1.0_cabaret_W2_D1.json,500,10,50,0.06666666666666667,0.0,0.15592899333902582,0.004868622314438565,0.04743109933079252,0.004262385080171873,tv,0.5,2,20,1.0,2,1,cabaret
sim_results_Ulastfm_pop0_a0.5_N2_C20_CPtop_Q1.0_cabaret_W2_D1.json,600,10,60,0.03333333333333333,0.0,0.09756854924301145,0.004868622314438565,0.04743109933079252,0.004262385080171873,tv,0.5,2,20,1.0,2,1,cabaret
sim_results_Ulastfm_pop0_a0.5_N2_C20_CPtop_Q1.0_cabaret_W2_D1.json,700,10,70,0.06666666666666667,0.0,0.15592899333902582,0.004868622314438565,0.04743109933079252,0.004262385080171873,tv,0.5,2,20,1.0,2,1,cabaret
sim_results_Ulastfm_pop0_a0.5_N2_C20_CPtop_Q1.0_cabaret_W2_D1.json,800,10,80,0.03333333333333333,0.0,0.09756854924301145,0.004868622314438565,0.04743109933079252,0.004262385080171873,tv,0.5,2,20,1.0,2,1,cabaret
sim_results_Ulastfm_pop0_a0.5_N2_C20_CPtop_Q1.0_cabaret_W2_D1.json,900,10,90,0.2,0.056861838305316575,0.3431381616946835,0.004868622314438565,0.04743109933079252,0.004262385080171873,tv,0.5,2,20,1.0,2,1,cabaret
sim_results_Ulastfm_pop0_a0.5_N2_C20_CPtop_Q1.0_cabaret_W2_D1.json,1000,10,100,0.03333333333333333,0.0,0.09756854924301145,0.004868622314438565,0.04743109933079252,0.004262385080171873,tv,0.5,2,20,1.0,2,1,cabaret
sim_results_Ulastfm_pop0_a0.5_N2_C20_CPtop_Q1.0_cabaret_W2_D2.json,100,10,10,0.03333333333333333,0.0,0.09756854924301145,0.019917191735804994,0.2236821990493919,0.041339113782479675,tv,0.5,2,20,1.0,2,2,cabaret
sim_results_Ulastfm_pop0_a0.5_N2_C20_CPtop_Q1.0_cabaret_W2_D2.json,200,10,20,0.06666666666666667,0.0,0.15592899333902582,0.019917191735804994,0.2236821990493919,0.041339113782479675,tv,0.5,2,20,1.0,2,2,cabaret
sim_results_Ulastfm_pop0_a0.5_N2_C20_CPtop_Q1.0_cabaret_W2_D2.json,300,10,30,0.4666666666666667,0.28814201332194833,0.645191320011385,0.019917191735804994,0.2236821990493919,0.041339113782479675,tv,0.5,2,20,1.0,2,2,cabaret
sim_results_Ulastfm_pop0_a0.5_N2_C20_CPtop_Q1.0_cabaret_W2_D2.json,400,10,40,0.8333333333333334,0.6999722251151381,0.9666944415515286,0.019917191735804994,0.2236821990493919,0.041339113782479675,tv,0.5,2,20,1.0,2,2,cabaret
sim_results_Ulastfm_pop0_a0.5_N2_C20_CPtop_Q1.0_cabaret_W2_D2.json,500,10,50,0.9666666666666667,0.9024314507569886,1.0,0.019917191735804994,0.2236821990493919,0.041339113782479675,tv,0.5,2,20,1.0,2,2,cabaret
sim_results_Ulastfm_pop0_a0.5_N2_C20_CPtop_Q1.0_cabaret_W2_D2.json,600,10,60,0.8666666666666667,0.7450226200631684,0.988310713270165,0.019917191735804994,0.2236821990493919,0.041339113782479675,tv,0.5,2,20,1.0,2,2,cabaret
sim_results_Ulastfm_pop0_a0.5_N2_C20_CPtop_Q1.0_cabaret_W2_D2.json,700,10,70,0.9333333333333333,0.8440710066609742,1.0,0.019917191735804994,0.2236821990493919,0.041339113782479675,tv,0.5,2,20,1.0,2,2,cabaret
sim_results_Ulastfm_pop0_a0.5_N2_C20_CPtop_Q1.0_cabaret_W2_D2.json,800,10,80,1.0,1.0,1.0,0.019917191735804994,0.2236821990493919,0.041339113782479675,tv,0.5,2,20,1.0,2,2,cabaret
sim_results_Ulastfm_pop0_a0.5_N2_C20_CPtop_Q1.0_cabaret_W2_D2.json,900,10,90,1.0,1.0,1.0,0.019917191735804994,0.2236821990493919,0.041339113782479675,tv,0.5,2,20,1.0,2,2,cabaret
sim_results_Ulastfm_pop0_a0.5_N2_C20_CPtop_Q1.0_cabaret_W2_D2.json,1000,10,100,1.0,1.0,1.0,0.019917191735804994,0.2236821990493919,0.041339113782479675,tv,0.5,2,20,1.0,2,2,cabaret
sim_results_Ulastfm_pop0_a0.5_N2_C5_CPtop_Q1.0_cabaret_W1_D2.json,100,10,10,0.0,0.0,0.0,0.008953459524026562,0.047903735317062275,0.00546970823855944,tv,0.5,2,5,1.0,1,2,cabaret
sim_results_Ulastfm_pop0_a0.5_N2_C5_CPtop_Q1.0_cabaret_W1_D2.json,200,10,20,0.06666666666666667,0.0,0.15592899333902582,0.008953459524026562,0.047903735317062275,0.00546970823855944,tv,0.5,2,5,1.0,1,2,cabaret
sim_results_Ulastfm_pop0_a0.5_N2_C5_CPtop_Q1.0_cabaret_W1_D2.json,300,10,30,0.06666666666666667,0.0,0.15592899333902582,0.008953459524026562,0.047903735317062275,0.00546970823855944,tv,0.5,2,5,1.0,1,2,cabaret
sim_results_Ulastfm_pop0_a0.5_N2_C5_CPtop_Q1.0_cabaret_W1_D2.json,400,10,40,0.03333333333333333,0.0,0.09756854924301145,0.008953459524026562,0.047903735317062275,0.00546970823855944,tv,0.5,2,5,1.0,1,2,cabaret
sim_results_Ulastfm_pop0_a0.5_N2_C5_CPtop_Q1.0_cabaret_W1_D2.json,500,10,50,0.13333333333333333,0.011689286729835005,0.25497737993683167,0.008953459524026562,0.047903735317062275,0.00546970823855944,tv,0.5,2,5,1.0,1,2,cabaret
sim_results_Ulastfm_pop0_a0.5_N2_C5_CPtop_Q1.0_cabaret_W1_D2.json,600,10,60,0.0,0.0,0.0,0.008953459524026562,0.047903735317062275,0.00546970823855944,tv,0.5,2,5,1.0,1,2,cabaret
sim_results_Ulastfm_pop0_a0.5_N2_C5_CPtop_Q1.0_cabaret_W1_D2.json,700,10,70,0.13333333333333333,0.011689286729835005,0.25497737993683167,0.008953459524026562,0.047903735317062275,0.00546970823855944,tv,0.5,2,5,1.0,1,2,cabaret
sim_results_Ulastfm_pop0_a0.5_N2_C5_CPtop_Q1.0_cabaret_W1_D2.json,800,10,80,0.1,0.0,0.20735362127101256,0.008953459524026562,0.047903735317062275,0.00546970823855944,tv,0.5,2,5,1.0,1,2,cabaret
sim_results_Ulastfm_pop0_a0.5_N2_C5_CPtop_Q1.0_cabaret_W1_D2.json,900,10,90,0.06666666666666667,0.0,0.15592899333902582,0.008953459524026562,0.047903735317062275,0.00546970823855944,tv,0.5,2,5,1.0,1,2,cabaret
sim_results_Ulastfm_pop0_a0.5_N2_C5_CPtop_Q1.0_cabaret_W1_D2.json,1000,10,100,0.3,0.1360146347993212,0.4639853652006788,0.008953459524026562,0.047903735317062275,0.00546970823855944,tv,0.5,2,5,1.0,1,2,cabaret
sim_results_Ulastfm_pop0_a0.5_N2_C5_CPtop_Q1.0_cabaret_W2_D1.json,100,10,10,0.06666666666666667,0.0,0.15592899333902582,0.004841540124565745,0.02432191655917581,0.0018471248341351194,tv,0.5,2,5,1.0,2,1,cabaret
sim_results_Ulastfm_pop0_a0.5_N2_C5_CPtop_Q1.0_cabaret_W2_D1.json,200,10,20,0.06666666666666667,0.0,0.15592899333902582,0.004841540124565745,0.02432191655917581,0.0018471248341351194,tv,0.5,2,5,1.0,2,1,cabaret
sim_results_Ulastfm_pop0_a0.5_N2_C5_CPtop_Q1.0_cabaret_W2_D1.json,300,10,30,0.0,0.0,0.0,0.004841540124565745,0.02432191655917581,0.0018471248341351194,tv,0.5,2,5,1.0,2,1,cabaret
sim_results_Ulastfm_pop0_a0.5_N2_C5_CPtop_Q1.0_cabaret_W2_D1.json,400,10,40,0.0,0.0,0.0,0.004841540124565745,0.02432191655917581,0.0018471248341351194,tv,0.5,2,5,1.0,2,1,cabaret
sim_results_Ulastfm_pop0_a0.5_N2_C5_CPtop_Q1.0_cabaret_W2_D1.json,500,10,50,0.0,0.0,0.0,0.004841540124565745,0.02432191655917581,0.0018471248341351194,tv,0.5,2,5,1.0,2,1,cabaret
sim_results_Ulastfm_pop0_a0.5_N2_C5_CPtop_Q1.0_cabaret_W2_D1.json,600,10,60,0.1,0.0,0.20735362127101256,0.004841540124565745,0.02432191655917581,0.0018471248341351194,tv,0.5,2,5,1.0,2,1,cabaret
sim_results_Ulastfm_pop0_a0.5_N2_C5_CPtop_Q1.0_cabaret_W2_D1.json,700,10,70,0.06666666666666667,0.0,0.15592899333902582,0.004841540124565745,0.02432191655917581,0.0018471248341351194,tv,0.5,2,5,1.0,2,1,cabaret
sim_results_Ulastfm_pop0_a0.5_N2_C5_CPtop_Q1.0_cabaret_W2_D1.json,800,10,80,0.03333333333333333,0.0,0.09756854924301145,0.004841540124565745,0.02432191655917581,0.0018471248341351194,tv,0.5,2,5,1.0,2,1,cabaret
sim_results_Ulastfm_pop0_a0.5_N2_C5_CPtop_Q1.0_cabaret_W2_D1.json,900,10,90,0.1,0.0,0.20735362127101256,0.004841540124565745,0.02432191655917581,0.0018471248341351194,tv,0.5,2,5,1.0,2,1,cabaret
sim_results_Ulastfm_pop0_a0.5_N2_C5_CPtop_Q1.0_cabaret_W2_D1.json,1000,10,100,0.13333333333333333,0.011689286729835005,0.25497737993683167,0.004841540124565745,0.02432191655917581,0.0018471248341351194,tv,0.5,2,5,1.0,2,1,cabaret
sim_results_Ulastfm_pop0_a0.5_N2_C5_CPtop_Q1.0_cabaret_W2_D2.json,100,10,10,0.0,0.0,0.0,0.019823251466832635,0.10996212815630096,0.01833817415126844,tv,0.5,2,5,1.0,2,2,cabaret
sim_results_Ulastfm_pop0_a0.5_N2_C5_CPtop_Q1.0_cabaret_W2_D2.json,200,10,20,0.23333333333333334,0.08198169469496736,0.3846849719716993,0.019823251466832635,0.10996212815630096,0.01833817415126844,tv,0.5,2,5,1.0,2,2,cabaret
sim_results_Ulastfm_pop0_a0.5_N2_C5_CPtop_Q1.0_cabaret_W2_D2.json,300,10,30,0.23333333333333334,0.08198169469496736,0.3846849719716993,0.019823251466832635,0.10996212815630096,0.01833817415126844,tv,0.5,2,5,1.0,2,2,cabaret
sim_results_Ulastfm_pop0_a0.5_N2_C5_CPtop_Q1.0_cabaret_W2_D2.json,400,10,40,0.3333333333333333,0.1646433920318547,0.5020232746348119,0.019823251466832635,0.10996212815630096,0.01833817415126844,tv,0.5,2,5,1.0,2,2,cabaret
sim_results_Ulastfm_pop0_a0.5_N2_C5_CPtop_Q1.0_cabaret_W2_D2.json,500,10,50,0.16666666666666666,0.03330555844847141,0.3000277748848619,0.019823251466832635,0.10996212815630096,0.01833817415126844,tv,0.5,2,5,1.0,2,2,cabaret
sim_results_Ulastfm_pop0_a0.5_N2_C5_CPtop_Q1.0_cabaret_W2_D2.json,600,10,60,0.13333333333333333,0.011689286729835005,0.25497737993683167,0.019823251466832635,0.10996212815630096,0.01833817415126844,tv,0.5,2,5,1.0,2,2,cabaret
sim_results_Ulastfm_pop0_a0.5_N2_C5_CPtop_Q1.0_cabaret_W2_D2.json,700,10,70,0.6,0.4246922705640165,0.7753077294359835,0.019823251466832635,0.10996212815630096,0.01833817415126844,tv,0.5,2,5,1.0,2,2,cabaret
sim_results_Ulastfm_pop0_a0.5_N2_C5_CPtop_Q1.0_cabaret_W2_D2.json,800,10,80,0.6333333333333333,0.46088963344948825,0.8057770332171783,0.019823251466832635,0.10996212815630096,0.01833817415126844,tv,0.5,2,5,1.0,2,2,cabaret
sim_results_Ulastfm_pop0_a0.5_N2_C5_CPtop_Q1.0_cabaret_W2_D2.json,900,10,90,0.4666666666666667,0.28814201332194833,0.645191320011385,0.019823251466832635,0.10996212815630096,0.01833817415126844,tv,0.5,2,5,1.0,2,2,cabaret
sim_results_Ulastfm_pop0_a0.5_N2_C5_CPtop_Q1.0_cabaret_W2_D2.json,1000,10,100,0.7,0.5360146347993211,0.8639853652006788,0.019823251466832635,0.10996212815630096,0.01833817415126844,tv,0.5,2,5,1.0,2,2,cabaret
sim_results_Ulastfm_pop0_a0.5_N5_C10_CPtop_Q1.0_cabaret_W1_D2.json,100,10,10,0.0,0.0,0.0,0.021261805496969027,0.1245153585732956,0.01459896765022266,tv,0.5,5,10,1.0,1,2,cabaret
sim_results_Ulastfm_pop0_a0.5_N5_C10_CPtop_Q1.0_cabaret_W1_D2.json,200,10,20,0.06666666666666667,0.0,0.15592899333902582,0.021261805496969027,0.1245153585732956,0.01459896765022266,tv,0.5,5,10,1.0,1,2,cabaret
sim_results_Ulastfm_pop0_a0.5_N5_C10_CPtop_Q1.0_cabaret_W1_D2.json,300,10,30,0.16666666666666666,0.03330555844847141,0.3000277748848619,0.021261805496969027,0.1245153585732956,0.01459896765022266,tv,0.5,5,10,1.0,1,2,cabaret
sim_results_Ulastfm_pop0_a0.5_N5_C10_CPtop_Q1.0_cabaret_W1_D2.json,400,10,40,0.16666666666666666,0.03330555844847141,0.3000277748848619,0.021261805496969027,0.1245153585732956,0.01459896765022266,tv,0.5,5,10,1.0,1,2,cabaret
sim_results_Ulastfm_pop0_a0.5_N5_C10_CPtop_Q1.0_cabaret_W1_D2.json,500,10,50,0.2,0.056861838305316575,0.3431381616946835,0.021261805496969027,0.1245153585732956,0.01459896765022266,tv,0.5,5,10,1.0,1,2,cabaret
sim_results_Ulastfm_pop0_a0.5_N5_C10_CPtop_Q1.0_cabaret_W1_D2.json,600,10,60,0.26666666666666666,0.10842147482583778,0.4249118585074956,0.021261805496969027,0.1245153585732956,0.01459896765022266,tv,0.5,5,10,1.0,1,2,cabaret
sim_results_Ulastfm_pop0_a0.5_N5_C10_CPtop_Q1.0_cabaret_W1_D2.json,700,10,70,0.23333333333333334,0.08198169469496736,0.3846849719716993,0.021261805496969027,0.1245153585732956,0.01459896765022266,tv,0.5,5,10,1.0,1,2,cabaret
sim_results_Ulastfm_pop0_a0.5_N5_C10_CPtop_Q1.0_cabaret_W1_D2.json,800,10,80,0.5666666666666667,0.389341520656837,0.7439918126764963,0.021261805496969027,0.1245153585732956,0.01459896765022266,tv,0.5,5,10,1.0,1,2,cabaret
sim_results_Ulastfm_pop0_a0.5_N5_C10_CPtop_Q1.0_cabaret_W1_D2.json,900,10,90,0.3333333333333333,0.1646433920318547,0.5020232746348119,0.021261805496969027,0.1245153585732956,0.01459896765022266,tv,0.5,5,10,1.0,1,2,cabaret
sim_results_Ulastfm_pop0_a0.5_N5_C10_CPtop_Q1.0_cabaret_W1_D2.json,1000,10,100,0.5,0.32107729788164574,0.6789227021183543,0.021261805496969027,0.1245153585732956,0.01459896765022266,tv,0.5,5,10,1.0,1,2,cabaret
sim_results_Ulastfm_pop0_a0.5_N5_C10_CPtop_Q1.0_cabaret_W2_D1.json,100,10,10,0.0,0.0,0.0,0.015283517203319653,0.07198912893631586,0.006995108342063405,tv,0.5,5,10,1.0,2,1,cabaret
sim_results_Ulastfm_pop0_a0.5_N5_C10_CPtop_Q1.0_cabaret_W2_D1.json,200,10,20,0.1,0.0,0.20735362127101256,0.015283517203319653,0.07198912893631586,0.006995108342063405,tv,0.5,5,10,1.0,2,1,cabaret
sim_results_Ulastfm_pop0_a0.5_N5_C10_CPtop_Q1.0_cabaret_W2_D1.json,300,10,30,0.06666666666666667,0.0,0.15592899333902582,0.015283517203319653,0.07198912893631586,0.006995108342063405,tv,0.5,5,10,1.0,2,1,cabaret
sim_results_Ulastfm_pop0_a0.5_N5_C10_CPtop_Q1.0_cabaret_W2_D1.json,400,10,40,0.1,0.0,0.20735362127101256,0.015283517203319653,0.07198912893631586,0.006995108342063405,tv,0.5,5,10,1.0,2,1,cabaret
sim_results_Ulastfm_pop0_a0.5_N5_C10_CPtop_Q1.0_cabaret_W2_D1.json,500,10,50,0.06666666666666667,0.0,0.15592899333902582,0.015283517203319653,0.07198912893631586,0.006995108342063405,tv,0.5,5,10,1.0,2,1,cabaret
sim_results_Ulastfm_pop0_a0.5_N5_C10_CPtop_Q1.0_cabaret_W2_D1.json,600,10,60,0.0,0.0,0.0,0.015283517203319653,0.07198912893631586,0.006995108342063405,tv,0.5,5,10,1.0,2,1,cabaret
sim_results_Ulastfm_pop0_a0.5_N5_C10_CPtop_Q1.0_cabaret_W2_D1.json,700,10,70,0.06666666666666667,0.0,0.15592899333902582,0.015283517203319653,0.07198912893631586,0.006995108342063405,tv,0.5,5,10,1.0,2,1,cabaret
sim_results_Ulastfm_pop0_a0.5_N5_C10_CPtop_Q1.0_cabaret_W2_D1.json,800,10,80,0.13333333333333333,0.011689286729835005,0.25497737993683167,0.015283517203319653,0.07198912893631586,0.006995108342063405,tv,0.5,5,10,1.0,2,1,cabaret
sim_results_Ulastfm_pop0_a0.5_N5_C10_CPtop_Q1.0_cabaret_W2_D1.json,900,10,90,0.13333333333333333,0.011689286729835005,0.25497737993683167,0.015283517203319653,0.07198912893631586,0.006995108342063405,tv,0.5,5,10,1.0,2,1,cabaret
sim_results_Ulastfm_pop0_a0.5_N5_C10_CPtop_Q1.0_cabaret_W2_D1.json,1000,10,100,0.16666666666666666,0.03330555844847141,0.3000277748848619,0.015283517203319653,0.07198912893631586,0.006995108342063405,tv,0.5,5,10,1.0,2,1,cabaret
sim_results_Ulastfm_pop0_a0.5_N5_C10_CPtop_Q1.0_cabaret_W2_D2.json,100,10,10,0.3333333333333333,0.1646433920318547,0.5020232746348119,0.07840518620513943,0.3950641830413495,0.09406607968905041,tv,0.5,5,10,1.0,2,2,cabaret
sim_results_Ulastfm_pop0_a0.5_N5_C10_CPtop_Q1.0_cabaret_W2_D2.json,200,10,20,0.9666666666666667,0.9024314507569886,1.0,0.07840518620513943,0.3950641830413495,0.09406607968905041,tv,0.5,5,10,1.0,2,2,cabaret
sim_results_Ulastfm_pop0_a0.5_N5_C10_CPtop_Q1.0_cabaret_W2_D2.json,300,10,30,1.0,1.0,1.0,0.07840518620513943,0.3950641830413495,0.09406607968905041,tv,0.5,5,10,1.0,2,2,cabaret
sim_results_Ulastfm_pop0_a0.5_N5_C10_CPtop_Q1.0_cabaret_W2_D2.json,400,10,40,1.0,1.0,1.0,0.07840518620513943,0.3950641830413495,0.09406607968905041,tv,0.5,5,10,1.0,2,2,cabaret
sim_results_Ulastfm_pop0_a0.5_N5_C10_CPtop_Q1.0_cabaret_W2_D2.json,500,10,50,1.0,1.0,1.0,0.07840518620513943,0.3950641830413495,0.09406607968905041,tv,0.5,5,10,1.0,2,2,cabaret
sim_results_Ulastfm_pop0_a0.5_N5_C10_CPtop_Q1.0_cabaret_W2_D2.json,600,10,60,1.0,1.0,1.0,0.07840518620513943,0.3950641830413495,0.09406607968905041,tv,0.5,5,10,1.0,2,2,cabaret
sim_results_Ulastfm_pop0_a0.5_N5_C10_CPtop_Q1.0_cabaret_W2_D2.json,700,10,70,1.0,1.0,1.0,0.07840518620513943,0.3950641830413495,0.09406607968905041,tv,0.5,5,10,1.0,2,2,cabaret
sim_results_Ulastfm_pop0_a0.5_N5_C10_CPtop_Q1.0_cabaret_W2_D2.json,800,10,80,1.0,1.0,1.0,0.07840518620513943,0.3950641830413495,0.09406607968905041,tv,0.5,5,10,1.0,2,2,cabaret
sim_results_Ulastfm_pop0_a0.5_N5_C10_CPtop_Q1.0_cabaret_W2_D2.json,900,10,90,1.0,1.0,1.0,0.07840518620513943,0.3950641830413495,0.09406607968905041,tv,0.5,5,10,1.0,2,2,cabaret
sim_results_Ulastfm_pop0_a0.5_N5_C10_CPtop_Q1.0_cabaret_W2_D2.json,1000,10,100,1.0,1.0,1.0,0.07840518620513943,0.3950641830413495,0.09406607968905041,tv,0.5,5,10,1.0,2,2,cabaret
sim_results_Ulastfm_pop0_a0.5_N5_C20_CPtop_Q1.0_cabaret_W1_D2.json,100,10,10,0.0,0.0,0.0,0.021830220449204504,0.187129590687721,0.025552107131317604,tv,0.5,5,20,1.0,1,2,cabaret
sim_results_Ulastfm_pop0_a0.5_N5_C20_CPtop_Q1.0_cabaret_W1_D2.json,200,10,20,0.13333333333333333,0.011689286729835005,0.25497737993683167,0.021830220449204504,0.187129590687721,0.025552107131317604,tv,0.5,5,20,1.0,1,2,cabaret
sim_results_Ulastfm_pop0_a0.5_N5_C20_CPtop_Q1.0_cabaret_W1_D2.json,300,10,30,0.16666666666666666,0.03330555844847141,0.3000277748848619,0.021830220449204504,0.187129590687721,0.025552107131317604,tv,0.5,5,20,1.0,1,2,cabaret
sim_results_Ulastfm_pop0_a0.5_N5_C20_CPtop_Q1.0_cabaret_W1_D2.json,400,10,40,0.4,0.2246922705640165,0.5753077294359835,0.021830220449204504,0.187129590687721,0.025552107131317604,tv,0.5,5,20,1.0,1,2,cabaret
sim_results_Ulastfm_pop0_a0.5_N5_C20_CPtop_Q1.0_cabaret_W1_D2.json,500,10,50,0.4,0.2246922705640165,0.5753077294359835,0.021830220449204504,0.187129590687721,0.025552107131317604,tv,0.5,5,20,1.0,1,2,cabaret
sim_results_Ulastfm_pop0_a0.5_N5_C20_CPtop_Q1.0_cabaret_W1_D2.json,600,10,60,0.7,0.5360146347993211,0.8639853652006788,0.021830220449204504,0.187129590687721,0.025552107131317604,tv,0.5,5,20,1.0,1,2,cabaret
sim_results_Ulastfm_pop0_a0.5_N5_C20_CPtop_Q1.0_cabaret_W1_D2.json,700,10,70,0.8333333333333334,0.6999722251151381,0.9666944415515286,0.021830220449204504,0.187129590687721,0.025552107131317604,tv,0.5,5,20,1.0,1,2,cabaret
sim_results_Ulastfm_pop0_a0.5_N5_C20_CPtop_Q1.0_cabaret_W1_D2.json,800,10,80,0.9333333333333333,0.8440710066609742,1.0,0.021830220449204504,0.187129590687721,0.025552107131317604,tv,0.5,5,20,1.0,1,2,cabaret
sim_results_Ulastfm_pop0_a0.5_N5_C20_CPtop_Q1.0_cabaret_W1_D2.json,900,10,90,0.6666666666666666,0.497976725365188,0.8353566079681453,0.021830220449204504,0.187129590687721,0.025552107131317604,tv,0.5,5,20,1.0,1,2,cabaret
sim_results_Ulastfm_pop0_a0.5_N5_C20_CPtop_Q1.0_cabaret_W1_D2.json,1000,10,100,0.9,0.7926463787289875,1.0,0.021830220449204504,0.187129590687721,0.025552107131317604,tv,0.5,5,20,1.0,1,2,cabaret
sim_results_Ulastfm_pop0_a0.5_N5_C20_CPtop_Q1.0_cabaret_W2_D1.json,100,10,10,0.0,0.0,0.0,0.015547535027929344,0.08775511615804941,0.008673100145256955,tv,0.5,5,20,1.0,2,1,cabaret
sim_results_Ulastfm_pop0_a0.5_N5_C20_CPtop_Q1.0_cabaret_W2_D1.json,200,10,20,0.03333333333333333,0.0,0.09756854924301145,0.015547535027929344,0.08775511615804941,0.008673100145256955,tv,0.5,5,20,1.0,2,1,cabaret
sim_results_Ulastfm_pop0_a0.5_N5_C20_CPtop_Q1.0_cabaret_W2_D1.json,300,10,30,0.1,0.0,0.20735362127101256,0.015547535027929344,0.08775511615804941,0.008673100145256955,tv,0.5,5,20,1.0,2,1,cabaret
sim_results_Ulastfm_pop0_a0.5_N5_C20_CPtop_Q1.0_cabaret_W2_D1.json,400,10,40,0.13333333333333333,0.011689286729835005,0.25497737993683167,0.015547535027929344,0.08775511615804941,0.008673100145256955,tv,0.5,5,20,1.0,2,1,cabaret
sim_results_Ulastfm_pop0_a0.5_N5_C20_CPtop_Q1.0_cabaret_W2_D1.json,500,10,50,0.03333333333333333,0.0,0.09756854924301145,0.015547535027929344,0.08775511615804941,0.008673100145256955,tv,0.5,5,20,1.0,2,1,cabaret
sim_results_Ulastfm_pop0_a0.5_N5_C20_CPtop_Q1.0_cabaret_W2_D1.json,600,10,60,0.06666666666666667,0.0,0.15592899333902582,0.015547535027929344,0.08775511615804941,0.008673100145256955,tv,0.5,5,20,1.0,2,1,cabaret
sim_results_Ulastfm_pop0_a0.5_N5_C20_CPtop_Q1.0_cabaret_W2_D1.json,700,10,70,0.06666666666666667,0.0,0.15592899333902582,0.015547535027929344,0.08775511615804941,0.008673100145256955,tv,0.5,5,20,1.0,2,1,cabaret
sim_results_Ulastfm_pop0_a0.5_N5_C20_CPtop_Q1.0_cabaret_W2_D1.json,800,10,80,0.2,0.056861838305316575,0.3431381616946835,0.015547535027929344,0.08775511615804941,0.008673100145256955,tv,0.5,5,20,1.0,2,1,cabaret
sim_results_Ulastfm_pop0_a0.5_N5_C20_CPtop_Q1.0_cabaret_W2_D1.json,900,10,90,0.23333333333333334,0.08198169469496736,0.3846849719716993,0.015547535027929344,0.08775511615804941,0.008673100145256955,tv,0.5,5,20,1.0,2,1,cabaret
sim_results_Ulastfm_pop0_a0.5_N5_C20_CPtop_Q1.0_cabaret_W2_D1.json,1000,10,100,0.26666666666666666,0.10842147482583778,0.4249118585074956,0.015547535027929344,0.08775511615804941,0.008673100145256955,tv,0.5,5,20,1.0,2,1,cabaret
sim_results_Ulastfm_pop0_a0.5_N5_C20_CPtop_Q1.0_cabaret_W2_D2.json,100,10,10,0.23333333333333334,0.08198169469496736,0.3846849719716993,0.06352767830581238,0.4231133670620767,0.10137752855634302,tv,0.5,5,20,1.0,2,2,cabaret
sim_results_Ulastfm_pop0_a0.5_N5_C20_CPtop_Q1.0_cabaret_W2_D2.json,200,10,20,1.0,1.0,1.0,0.06352767830581238,0.4231133670620767,0.10137752855634302,tv,0.5,5,20,1.0,2,2,cabaret
sim_results_Ulastfm_pop0_a0.5_N5_C20_CPtop_Q1.0_cabaret_W2_D2.json,300,10,30,0.9666666666666667,0.9024314507569886,1.0,0.06352767830581238,0.4231133670620767,0.10137752855634302,tv,0.5,5,20,1.0,2,2,cabaret
sim_results_Ulastfm_pop0_a0.5_N5_C20_CPtop_Q1.0_cabaret_W2_D2.json,400,10,40,1.0,1.0,1.0,0.06352767830581238,0.4231133670620767,0.10137752855634302,tv,0.5,5,20,1.0,2,2,cabaret
sim_results_Ulastfm_pop0_a0.5_N5_C20_CPtop_Q1.0_cabaret_W2_D2.json,500,10,50,1.0,1.0,1.0,0.06352767830581238,0.4231133670620767,0.10137752855634302,tv,0.5,5,20,1.0,2,2,cabaret
sim_results_Ulastfm_pop0_a0.5_N5_C20_CPtop_Q1.0_cabaret_W2_D2.json,600,10,60,1.0,1.0,1.0,0.06352767830581238,0.4231133670620767,0.10137752855634302,tv,0.5,5,20,1.0,2,2,cabaret
sim_results_Ulastfm_pop0_a0.5_N5_C20_CPtop_Q1.0_cabaret_W2_D2.json,700,10,70,1.0,1.0,1.0,0.06352767830581238,0.4231133670620767,0.10137752855634302,tv,0.5,5,20,1.0,2,2,cabaret
sim_results_Ulastfm_pop0_a0.5_N5_C20_CPtop_Q1.0_cabaret_W2_D2.json,800,10,80,1.0,1.0,1.0,0.06352767830581238,0.4231133670620767,0.10137752855634302,tv,0.5,5,20,1.0,2,2,cabaret
sim_results_Ulastfm_pop0_a0.5_N5_C20_CPtop_Q1.0_cabaret_W2_D2.json,900,10,90,1.0,1.0,1.0,0.06352767830581238,0.4231133670620767,0.10137752855634302,tv,0.5,5,20,1.0,2,2,cabaret
sim_results_Ulastfm_pop0_a0.5_N5_C20_CPtop_Q1.0_cabaret_W2_D2.json,1000,10,100,1.0,1.0,1.0,0.06352767830581238,0.4231133670620767,0.10137752855634302,tv,0.5,5,20,1.0,2,2,cabaret
sim_results_Ulastfm_pop0_a0.5_N5_C5_CPtop_Q1.0_cabaret_W1_D2.json,100,10,10,0.0,0.0,0.0,0.022048865771899268,0.07691513842603273,0.007921121191318818,tv,0.5,5,5,1.0,1,2,cabaret
sim_results_Ulastfm_pop0_a0.5_N5_C5_CPtop_Q1.0_cabaret_W1_D2.json,200,10,20,0.0,0.0,0.0,0.022048865771899268,0.07691513842603273,0.007921121191318818,tv,0.5,5,5,1.0,1,2,cabaret
sim_results_Ulastfm_pop0_a0.5_N5_C5_CPtop_Q1.0_cabaret_W1_D2.json,300,10,30,0.06666666666666667,0.0,0.15592899333902582,0.022048865771899268,0.07691513842603273,0.007921121191318818,tv,0.5,5,5,1.0,1,2,cabaret
sim_results_Ulastfm_pop0_a0.5_N5_C5_CPtop_Q1.0_cabaret_W1_D2.json,400,10,40,0.2,0.056861838305316575,0.3431381616946835,0.022048865771899268,0.07691513842603273,0.007921121191318818,tv,0.5,5,5,1.0,1,2,cabaret
sim_results_Ulastfm_pop0_a0.5_N5_C5_CPtop_Q1.0_cabaret_W1_D2.json,500,10,50,0.1,0.0,0.20735362127101256,0.022048865771899268,0.07691513842603273,0.007921121191318818,tv,0.5,5,5,1.0,1,2,cabaret
sim_results_Ulastfm_pop0_a0.5_N5_C5_CPtop_Q1.0_cabaret_W1_D2.json,600,10,60,0.26666666666666666,0.10842147482583778,0.4249118585074956,0.022048865771899268,0.07691513842603273,0.007921121191318818,tv,0.5,5,5,1.0,1,2,cabaret
sim_results_Ulastfm_pop0_a0.5_N5_C5_CPtop_Q1.0_cabaret_W1_D2.json,700,10,70,0.03333333333333333,0.0,0.09756854924301145,0.022048865771899268,0.07691513842603273,0.007921121191318818,tv,0.5,5,5,1.0,1,2,cabaret
sim_results_Ulastfm_pop0_a0.5_N5_C5_CPtop_Q1.0_cabaret_W1_D2.json,800,10,80,0.2,0.056861838305316575,0.3431381616946835,0.022048865771899268,0.07691513842603273,0.007921121191318818,tv,0.5,5,5,1.0,1,2,cabaret
sim_results_Ulastfm_pop0_a0.5_N5_C5_CPtop_Q1.0_cabaret_W1_D2.json,900,10,90,0.26666666666666666,0.10842147482583778,0.4249118585074956,0.022048865771899268,0.07691513842603273,0.007921121191318818,tv,0.5,5,5,1.0,1,2,cabaret
sim_results_Ulastfm_pop0_a0.5_N5_C5_CPtop_Q1.0_cabaret_W1_D2.json,1000,10,100,0.3333333333333333,0.1646433920318547,0.5020232746348119,0.022048865771899268,0.07691513842603273,0.007921121191318818,tv,0.5,5,5,1.0,1,2,cabaret
sim_results_Ulastfm_pop0_a0.5_N5_C5_CPtop_Q1.0_cabaret_W2_D1.json,100,10,10,0.0,0.0,0.0,0.014893354214504516,0.03211822103134458,0.0022748907489865407,tv,0.5,5,5,1.0,2,1,cabaret
sim_results_Ulastfm_pop0_a0.5_N5_C5_CPtop_Q1.0_cabaret_W2_D1.json,200,10,20,0.1,0.0,0.20735362127101256,0.014893354214504516,0.03211822103134458,0.0022748907489865407,tv,0.5,5,5,1.0,2,1,cabaret
sim_results_Ulastfm_pop0_a0.5_N5_C5_CPtop_Q1.0_cabaret_W2_D1.json,300,10,30,0.06666666666666667,0.0,0.15592899333902582,0.014893354214504516,0.03211822103134458,0.0022748907489865407,tv,0.5,5,5,1.0,2,1,cabaret
sim_results_Ulastfm_pop0_a0.5_N5_C5_CPtop_Q1.0_cabaret_W2_D1.json,400,10,40,0.0,0.0,0.0,0.014893354214504516,0.03211822103134458,0.0022748907489865407,tv,0.5,5,5,1.0,2,1,cabaret
sim_results_Ulastfm_pop0_a0.5_N5_C5_CPtop_Q1.0_cabaret_W2_D1.json,500,10,50,0.03333333333333333,0.0,0.09756854924301145,0.014893354214504516,0.03211822103134458,0.0022748907489865407,tv,0.5,5,5,1.0,2,1,cabaret
sim_results_Ulastfm_pop0_a0.5_N5_C5_CPtop_Q1.0_cabaret_W2_D1.json,600,10,60,0.03333333333333333,0.0,0.09756854924301145,0.014893354214504516,0.03211822103134458,0.0022748907489865407,tv,0.5,5,5,1.0,2,1,cabaret
sim_results_Ulastfm_pop0_a0.5_N5_C5_CPtop_Q1.0_cabaret_W2_D1.json,700,10,70,0.06666666666666667,0.0,0.15592899333902582,0.014893354214504516,0.03211822103134458,0.0022748907489865407,tv,0.5,5,5,1.0,2,1,cabaret
sim_results_Ulastfm_pop0_a0.5_N5_C5_CPtop_Q1.0_cabaret_W2_D1.json,800,10,80,0.03333333333333333,0.0,0.09756854924301145,0.014893354214504516,0.03211822103134458,0.0022748907489865407,tv,0.5,5,5,1.0,2,1,cabaret
sim_results_Ulastfm_pop0_a0.5_N5_C5_CPtop_Q1.0_cabaret_W2_D1.json,900,10,90,0.06666666666666667,0.0,0.15592899333902582,0.014893354214504516,0.03211822103134458,0.0022748907489865407,tv,0.5,5,5,1.0,2,1,cabaret
sim_results_Ulastfm_pop0_a0.5_N5_C5_CPtop_Q1.0_cabaret_W2_D1.json,1000,10,100,0.16666666666666666,0.03330555844847141,0.3000277748848619,0.014893354214504516,0.03211822103134458,0.0022748907489865407,tv,0.5,5,5,1.0,2,1,cabaret
sim_results_Ulastfm_pop0_a0.5_N5_C5_CPtop_Q1.0_cabaret_W2_D2.json,100,10,10,0.26666666666666666,0.10842147482583778,0.4249118585074956,0.06938352252559979,0.2603884426427225,0.051140259621865795,tv,0.5,5,5,1.0,2,2,cabaret
sim_results_Ulastfm_pop0_a0.5_N5_C5_CPtop_Q1.0_cabaret_W2_D2.json,200,10,20,0.7,0.5360146347993211,0.8639853652006788,0.06938352252559979,0.2603884426427225,0.051140259621865795,tv,0.5,5,5,1.0,2,2,cabaret
sim_results_Ulastfm_pop0_a0.5_N5_C5_CPtop_Q1.0_cabaret_W2_D2.json,300,10,30,0.7333333333333333,0.5750881414925044,0.8915785251741621,0.06938352252559979,0.2603884426427225,0.051140259621865795,tv,0.5,5,5,1.0,2,2,cabaret
sim_results_Ulastfm_pop0_a0.5_N5_C5_CPtop_Q1.0_cabaret_W2_D2.json,400,10,40,0.9,0.7926463787289875,1.0,0.06938352252559979,0.2603884426427225,0.051140259621865795,tv,0.5,5,5,1.0,2,2,cabaret
sim_results_Ulastfm_pop0_a0.5_N5_C5_CPtop_Q1.0_cabaret_W2_D2.json,500,10,50,1.0,1.0,1.0,0.06938352252559979,0.2603884426427225,0.051140259621865795,tv,0.5,5,5,1.0,2,2,cabaret
sim_results_Ulastfm_pop0_a0.5_N5_C5_CPtop_Q1.0_cabaret_W2_D2.json,600,10,60,1.0,1.0,1.0,0.06938352252559979,0.2603884426427225,0.051140259621865795,tv,0.5,5,5,1.0,2,2,cabaret
sim_results_Ulastfm_pop0_a0.5_N5_C5_CPtop_Q1.0_cabaret_W2_D2.json,700,10,70,1.0,1.0,1.0,0.06938352252559979,0.2603884426427225,0.051140259621865795,tv,0.5,5,5,1.0,2,2,cabaret
sim_results_Ulastfm_pop0_a0.5_N5_C5_CPtop_Q1.0_cabaret_W2_D2.json,800,10,80,1.0,1.0,1.0,0.06938352252559979,0.2603884426427225,0.051140259621865795,tv,0.5,5,5,1.0,2,2,cabaret
sim_results_Ulastfm_pop0_a0.5_N5_C5_CPtop_Q1.0_cabaret_W2_D2.json,900,10,90,1.0,1.0,1.0,0.06938352252559979,0.2603884426427225,0.051140259621865795,tv,0.5,5,5,1.0,2,2,cabaret
sim_results_Ulastfm_pop0_a0.5_N5_C5_CPtop_Q1.0_cabaret_W2_D2.json,1000,10,100,1.0,1.0,1.0,0.06938352252559979,0.2603884426427225,0.051140259621865795,tv,0.5,5,5,1.0,2,2,cabaret
sim_results_Ulastfm_pop0_a0.8_N10_C10_CPtop_Q1.0_cabaret_W1_D2.json,100,10,10,0.0,0.0,0.0,0.0558707922928374,0.50960546281599,0.15764438621444937,tv,0.8,10,10,1.0,1,2,cabaret
sim_results_Ulastfm_pop0_a0.8_N10_C10_CPtop_Q1.0_cabaret_W1_D2.json,200,10,20,0.9666666666666667,0.9024314507569886,1.0,0.0558707922928374,0.50960546281599,0.15764438621444937,tv,0.8,10,10,1.0,1,2,cabaret
sim_results_Ulastfm_pop0_a0.8_N10_C10_CPtop_Q1.0_cabaret_W1_D2.json,300,10,30,1.0,1.0,1.0,0.0558707922928374,0.50960546281599,0.15764438621444937,tv,0.8,10,10,1.0,1,2,cabaret
sim_results_Ulastfm_pop0_a0.8_N10_C10_CPtop_Q1.0_cabaret_W1_D2.json,400,10,40,1.0,1.0,1.0,0.0558707922928374,0.50960546281599,0.15764438621444937,tv,0.8,10,10,1.0,1,2,cabaret
sim_results_Ulastfm_pop0_a0.8_N10_C10_CPtop_Q1.0_cabaret_W1_D2.json,500,10,50,1.0,1.0,1.0,0.0558707922928374,0.50960546281599,0.15764438621444937,tv,0.8,10,10,1.0,1,2,cabaret
sim_results_Ulastfm_pop0_a0.8_N10_C10_CPtop_Q1.0_cabaret_W1_D2.json,600,10,60,1.0,1.0,1.0,0.0558707922928374,0.50960546281599,0.15764438621444937,tv,0.8,10,10,1.0,1,2,cabaret
sim_results_Ulastfm_pop0_a0.8_N10_C10_CPtop_Q1.0_cabaret_W1_D2.json,700,10,70,1.0,1.0,1.0,0.0558707922928374,0.50960546281599,0.15764438621444937,tv,0.8,10,10,1.0,1,2,cabaret
sim_results_Ulastfm_pop0_a0.8_N10_C10_CPtop_Q1.0_cabaret_W1_D2.json,800,10,80,1.0,1.0,1.0,0.0558707922928374,0.50960546281599,0.15764438621444937,tv,0.8,10,10,1.0,1,2,cabaret
sim_results_Ulastfm_pop0_a0.8_N10_C10_CPtop_Q1.0_cabaret_W1_D2.json,900,10,90,1.0,1.0,1.0,0.0558707922928374,0.50960546281599,0.15764438621444937,tv,0.8,10,10,1.0,1,2,cabaret
sim_results_Ulastfm_pop0_a0.8_N10_C10_CPtop_Q1.0_cabaret_W1_D2.json,1000,10,100,1.0,1.0,1.0,0.0558707922928374,0.50960546281599,0.15764438621444937,tv,0.8,10,10,1.0,1,2,cabaret
sim_results_Ulastfm_pop0_a0.8_N10_C10_CPtop_Q1.0_cabaret_W2_D1.json,100,10,10,0.0,0.0,0.0,0.06296636764301022,0.40309922273491017,0.10612973090595772,tv,0.8,10,10,1.0,2,1,cabaret
sim_results_Ulastfm_pop0_a0.8_N10_C10_CPtop_Q1.0_cabaret_W2_D1.json,200,10,20,0.5,0.32107729788164574,0.6789227021183543,0.06296636764301022,0.40309922273491017,0.10612973090595772,tv,0.8,10,10,1.0,2,1,cabaret
sim_results_Ulastfm_pop0_a0.8_N10_C10_CPtop_Q1.0_cabaret_W2_D1.json,300,10,30,1.0,1.0,1.0,0.06296636764301022,0.40309922273491017,0.10612973090595772,tv,0.8,10,10,1.0,2,1,cabaret
sim_results_Ulastfm_pop0_a0.8_N10_C10_CPtop_Q1.0_cabaret_W2_D1.json,400,10,40,1.0,1.0,1.0,0.06296636764301022,0.40309922273491017,0.10612973090595772,tv,0.8,10,10,1.0,2,1,cabaret
sim_results_Ulastfm_pop0_a0.8_N10_C10_CPtop_Q1.0_cabaret_W2_D1.json,500,10,50,1.0,1.0,1.0,0.06296636764301022,0.40309922273491017,0.10612973090595772,tv,0.8,10,10,1.0,2,1,cabaret
sim_results_Ulastfm_pop0_a0.8_N10_C10_CPtop_Q1.0_cabaret_W2_D1.json,600,10,60,1.0,1.0,1.0,0.06296636764301022,0.40309922273491017,0.10612973090595772,tv,0.8,10,10,1.0,2,1,cabaret
sim_results_Ulastfm_pop0_a0.8_N10_C10_CPtop_Q1.0_cabaret_W2_D1.json,700,10,70,1.0,1.0,1.0,0.06296636764301022,0.40309922273491017,0.10612973090595772,tv,0.8,10,10,1.0,2,1,cabaret
sim_results_Ulastfm_pop0_a0.8_N10_C10_CPtop_Q1.0_cabaret_W2_D1.json,800,10,80,1.0,1.0,1.0,0.06296636764301022,0.40309922273491017,0.10612973090595772,tv,0.8,10,10,1.0,2,1,cabaret
sim_results_Ulastfm_pop0_a0.8_N10_C10_CPtop_Q1.0_cabaret_W2_D1.json,900,10,90,1.0,1.0,1.0,0.06296636764301022,0.40309922273491017,0.10612973090595772,tv,0.8,10,10,1.0,2,1,cabaret
sim_results_Ulastfm_pop0_a0.8_N10_C10_CPtop_Q1.0_cabaret_W2_D1.json,1000,10,100,1.0,1.0,1.0,0.06296636764301022,0.40309922273491017,0.10612973090595772,tv,0.8,10,10,1.0,2,1,cabaret
sim_results_Ulastfm_pop0_a0.8_N10_C10_CPtop_Q1.0_cabaret_W2_D2.json,100,10,10,0.1,0.0,0.20735362127101256,0.07067955320106853,0.5888032506256036,0.21480561406516507,tv,0.8,10,10,1.0,2,2,cabaret
sim_results_Ulastfm_pop0_a0.8_N10_C10_CPtop_Q1.0_cabaret_W2_D2.json,200,10,20,1.0,1.0,1.0,0.07067955320106853,0.5888032506256036,0.21480561406516507,tv,0.8,10,10,1.0,2,2,cabaret
sim_results_Ulastfm_pop0_a0.8_N10_C10_CPtop_Q1.0_cabaret_W2_D2.json,300,10,30,1.0,1.0,1.0,0.07067955320106853,0.5888032506256036,0.21480561406516507,tv,0.8,10,10,1.0,2,2,cabaret
sim_results_Ulastfm_pop0_a0.8_N10_C10_CPtop_Q1.0_cabaret_W2_D2.json,400,10,40,1.0,1.0,1.0,0.07067955320106853,0.5888032506256036,0.21480561406516507,tv,0.8,10,10,1.0,2,2,cabaret
sim_results_Ulastfm_pop0_a0.8_N10_C10_CPtop_Q1.0_cabaret_W2_D2.json,500,10,50,1.0,1.0,1.0,0.07067955320106853,0.5888032506256036,0.21480561406516507,tv,0.8,10,10,1.0,2,2,cabaret
sim_results_Ulastfm_pop0_a0.8_N10_C10_CPtop_Q1.0_cabaret_W2_D2.json,600,10,60,1.0,1.0,1.0,0.07067955320106853,0.5888032506256036,0.21480561406516507,tv,0.8,10,10,1.0,2,2,cabaret
sim_results_Ulastfm_pop0_a0.8_N10_C10_CPtop_Q1.0_cabaret_W2_D2.json,700,10,70,1.0,1.0,1.0,0.07067955320106853,0.5888032506256036,0.21480561406516507,tv,0.8,10,10,1.0,2,2,cabaret
sim_results_Ulastfm_pop0_a0.8_N10_C10_CPtop_Q1.0_cabaret_W2_D2.json,800,10,80,1.0,1.0,1.0,0.07067955320106853,0.5888032506256036,0.21480561406516507,tv,0.8,10,10,1.0,2,2,cabaret
sim_results_Ulastfm_pop0_a0.8_N10_C10_CPtop_Q1.0_cabaret_W2_D2.json,900,10,90,1.0,1.0,1.0,0.07067955320106853,0.5888032506256036,0.21480561406516507,tv,0.8,10,10,1.0,2,2,cabaret
sim_results_Ulastfm_pop0_a0.8_N10_C10_CPtop_Q1.0_cabaret_W2_D2.json,1000,10,100,1.0,1.0,1.0,0.07067955320106853,0.5888032506256036,0.21480561406516507,tv,0.8,10,10,1.0,2,2,cabaret
sim_results_Ulastfm_pop0_a0.8_N10_C20_CPtop_Q1.0_cabaret_W1_D2.json,100,10,10,0.0,0.0,0.0,0.041266032502439765,0.5222500003952117,0.16452325751304608,tv,0.8,10,20,1.0,1,2,cabaret
sim_results_Ulastfm_pop0_a0.8_N10_C20_CPtop_Q1.0_cabaret_W1_D2.json,200,10,20,0.5666666666666667,0.389341520656837,0.7439918126764963,0.041266032502439765,0.5222500003952117,0.16452325751304608,tv,0.8,10,20,1.0,1,2,cabaret
sim_results_Ulastfm_pop0_a0.8_N10_C20_CPtop_Q1.0_cabaret_W1_D2.json,300,10,30,1.0,1.0,1.0,0.041266032502439765,0.5222500003952117,0.16452325751304608,tv,0.8,10,20,1.0,1,2,cabaret
sim_results_Ulastfm_pop0_a0.8_N10_C20_CPtop_Q1.0_cabaret_W1_D2.json,400,10,40,1.0,1.0,1.0,0.041266032502439765,0.5222500003952117,0.16452325751304608,tv,0.8,10,20,1.0,1,2,cabaret
sim_results_Ulastfm_pop0_a0.8_N10_C20_CPtop_Q1.0_cabaret_W1_D2.json,500,10,50,1.0,1.0,1.0,0.041266032502439765,0.5222500003952117,0.16452325751304608,tv,0.8,10,20,1.0,1,2,cabaret
sim_results_Ulastfm_pop0_a0.8_N10_C20_CPtop_Q1.0_cabaret_W1_D2.json,600,10,60,1.0,1.0,1.0,0.041266032502439765,0.5222500003952117,0.16452325751304608,tv,0.8,10,20,1.0,1,2,cabaret
sim_results_Ulastfm_pop0_a0.8_N10_C20_CPtop_Q1.0_cabaret_W1_D2.json,700,10,70,1.0,1.0,1.0,0.041266032502439765,0.5222500003952117,0.16452325751304608,tv,0.8,10,20,1.0,1,2,cabaret
sim_results_Ulastfm_pop0_a0.8_N10_C20_CPtop_Q1.0_cabaret_W1_D2.json,800,10,80,1.0,1.0,1.0,0.041266032502439765,0.5222500003952117,0.16452325751304608,tv,0.8,10,20,1.0,1,2,cabaret
sim_results_Ulastfm_pop0_a0.8_N10_C20_CPtop_Q1.0_cabaret_W1_D2.json,900,10,90,1.0,1.0,1.0,0.041266032502439765,0.5222500003952117,0.16452325751304608,tv,0.8,10,20,1.0,1,2,cabaret
sim_results_Ulastfm_pop0_a0.8_N10_C20_CPtop_Q1.0_cabaret_W1_D2.json,1000,10,100,1.0,1.0,1.0,0.041266032502439765,0.5222500003952117,0.16452325751304608,tv,0.8,10,20,1.0,1,2,cabaret
sim_results_Ulastfm_pop0_a0.8_N10_C20_CPtop_Q1.0_cabaret_W2_D1.json,100,10,10,0.1,0.0,0.20735362127101256,0.06727839225855334,0.48013718988547716,0.144701266419518,tv,0.8,10,20,1.0,2,1,cabaret
sim_results_Ulastfm_pop0_a0.8_N10_C20_CPtop_Q1.0_cabaret_W2_D1.json,200,10,20,0.7333333333333333,0.5750881414925044,0.8915785251741621,0.06727839225855334,0.48013718988547716,0.144701266419518,tv,0.8,10,20,1.0,2,1,cabaret
sim_results_Ulastfm_pop0_a0.8_N10_C20_CPtop_Q1.0_cabaret_W2_D1.json,300,10,30,1.0,1.0,1.0,0.06727839225855334,0.48013718988547716,0.144701266419518,tv,0.8,10,20,1.0,2,1,cabaret
sim_results_Ulastfm_pop0_a0.8_N10_C20_CPtop_Q1.0_cabaret_W2_D1.json,400,10,40,1.0,1.0,1.0,0.06727839225855334,0.48013718988547716,0.144701266419518,tv,0.8,10,20,1.0,2,1,cabaret
sim_results_Ulastfm_pop0_a0.8_N10_C20_CPtop_Q1.0_cabaret_W2_D1.json,500,10,50,1.0,1.0,1.0,0.06727839225855334,0.48013718988547716,0.144701266419518,tv,0.8,10,20,1.0,2,1,cabaret
sim_results_Ulastfm_pop0_a0.8_N10_C20_CPtop_Q1.0_cabaret_W2_D1.json,600,10,60,1.0,1.0,1.0,0.06727839225855334,0.48013718988547716,0.144701266419518,tv,0.8,10,20,1.0,2,1,cabaret
sim_results_Ulastfm_pop0_a0.8_N10_C20_CPtop_Q1.0_cabaret_W2_D1.json,700,10,70,1.0,1.0,1.0,0.06727839225855334,0.48013718988547716,0.144701266419518,tv,0.8,10,20,1.0,2,1,cabaret
sim_results_Ulastfm_pop0_a0.8_N10_C20_CPtop_Q1.0_cabaret_W2_D1.json,800,10,80,1.0,1.0,1.0,0.06727839225855334,0.48013718988547716,0.144701266419518,tv,0.8,10,20,1.0,2,1,cabaret
sim_results_Ulastfm_pop0_a0.8_N10_C20_CPtop_Q1.0_cabaret_W2_D1.json,900,10,90,1.0,1.0,1.0,0.06727839225855334,0.48013718988547716,0.144701266419518,tv,0.8,10,20,1.0,2,1,cabaret
sim_results_Ulastfm_pop0_a0.8_N10_C20_CPtop_Q1.0_cabaret_W2_D1.json,1000,10,100,1.0,1.0,1.0,0.06727839225855334,0.48013718988547716,0.144701266419518,tv,0.8,10,20,1.0,2,1,cabaret
sim_results_Ulastfm_pop0_a0.8_N10_C20_CPtop_Q1.0_cabaret_W2_D2.json,100,10,10,0.0,0.0,0.0,0.0722467999588779,0.5442135781794566,0.1868376492112025,tv,0.8,10,20,1.0,2,2,cabaret
sim_results_Ulastfm_pop0_a0.8_N10_C20_CPtop_Q1.0_cabaret_W2_D2.json,200,10,20,0.9666666666666667,0.9024314507569886,1.0,0.0722467999588779,0.5442135781794566,0.1868376492112025,tv,0.8,10,20,1.0,2,2,cabaret
sim_results_Ulastfm_pop0_a0.8_N10_C20_CPtop_Q1.0_cabaret_W2_D2.json,300,10,30,1.0,1.0,1.0,0.0722467999588779,0.5442135781794566,0.1868376492112025,tv,0.8,10,20,1.0,2,2,cabaret
sim_results_Ulastfm_pop0_a0.8_N10_C20_CPtop_Q1.0_cabaret_W2_D2.json,400,10,40,1.0,1.0,1.0,0.0722467999588779,0.5442135781794566,0.1868376492112025,tv,0.8,10,20,1.0,2,2,cabaret
sim_results_Ulastfm_pop0_a0.8_N10_C20_CPtop_Q1.0_cabaret_W2_D2.json,500,10,50,1.0,1.0,1.0,0.0722467999588779,0.5442135781794566,0.1868376492112025,tv,0.8,10,20,1.0,2,2,cabaret
sim_results_Ulastfm_pop0_a0.8_N10_C20_CPtop_Q1.0_cabaret_W2_D2.json,600,10,60,1.0,1.0,1.0,0.0722467999588779,0.5442135781794566,0.1868376492112025,tv,0.8,10,20,1.0,2,2,cabaret
sim_results_Ulastfm_pop0_a0.8_N10_C20_CPtop_Q1.0_cabaret_W2_D2.json,700,10,70,1.0,1.0,1.0,0.0722467999588779,0.5442135781794566,0.1868376492112025,tv,0.8,10,20,1.0,2,2,cabaret
sim_results_Ulastfm_pop0_a0.8_N10_C20_CPtop_Q1.0_cabaret_W2_D2.json,800,10,80,1.0,1.0,1.0,0.0722467999588779,0.5442135781794566,0.1868376492112025,tv,0.8,10,20,1.0,2,2,cabaret
sim_results_Ulastfm_pop0_a0.8_N10_C20_CPtop_Q1.0_cabaret_W2_D2.json,900,10,90,1.0,1.0,1.0,0.0722467999588779,0.5442135781794566,0.1868376492112025,tv,0.8,10,20,1.0,2,2,cabaret
sim_results_Ulastfm_pop0_a0.8_N10_C20_CPtop_Q1.0_cabaret_W2_D2.json,1000,10,100,1.0,1.0,1.0,0.0722467999588779,0.5442135781794566,0.1868376492112025,tv,0.8,10,20,1.0,2,2,cabaret
sim_results_Ulastfm_pop0_a0.8_N10_C5_CPtop_Q1.0_cabaret_W1_D2.json,100,10,10,0.1,0.0,0.20735362127101256,0.05194473211992205,0.3214419389349312,0.062365886189660186,tv,0.8,10,5,1.0,1,2,cabaret
sim_results_Ulastfm_pop0_a0.8_N10_C5_CPtop_Q1.0_cabaret_W1_D2.json,200,10,20,0.16666666666666666,0.03330555844847141,0.3000277748848619,0.05194473211992205,0.3214419389349312,0.062365886189660186,tv,0.8,10,5,1.0,1,2,cabaret
sim_results_Ulastfm_pop0_a0.8_N10_C5_CPtop_Q1.0_cabaret_W1_D2.json,300,10,30,0.8666666666666667,0.7450226200631684,0.988310713270165,0.05194473211992205,0.3214419389349312,0.062365886189660186,tv,0.8,10,5,1.0,1,2,cabaret
sim_results_Ulastfm_pop0_a0.8_N10_C5_CPtop_Q1.0_cabaret_W1_D2.json,400,10,40,0.9666666666666667,0.9024314507569886,1.0,0.05194473211992205,0.3214419389349312,0.062365886189660186,tv,0.8,10,5,1.0,1,2,cabaret
sim_results_Ulastfm_pop0_a0.8_N10_C5_CPtop_Q1.0_cabaret_W1_D2.json,500,10,50,1.0,1.0,1.0,0.05194473211992205,0.3214419389349312,0.062365886189660186,tv,0.8,10,5,1.0,1,2,cabaret
sim_results_Ulastfm_pop0_a0.8_N10_C5_CPtop_Q1.0_cabaret_W1_D2.json,600,10,60,1.0,1.0,1.0,0.05194473211992205,0.3214419389349312,0.062365886189660186,tv,0.8,10,5,1.0,1,2,cabaret
sim_results_Ulastfm_pop0_a0.8_N10_C5_CPtop_Q1.0_cabaret_W1_D2.json,700,10,70,1.0,1.0,1.0,0.05194473211992205,0.3214419389349312,0.062365886189660186,tv,0.8,10,5,1.0,1,2,cabaret
sim_results_Ulastfm_pop0_a0.8_N10_C5_CPtop_Q1.0_cabaret_W1_D2.json,800,10,80,1.0,1.0,1.0,0.05194473211992205,0.3214419389349312,0.062365886189660186,tv,0.8,10,5,1.0,1,2,cabaret
sim_results_Ulastfm_pop0_a0.8_N10_C5_CPtop_Q1.0_cabaret_W1_D2.json,900,10,90,1.0,1.0,1.0,0.05194473211992205,0.3214419389349312,0.062365886189660186,tv,0.8,10,5,1.0,1,2,cabaret
sim_results_Ulastfm_pop0_a0.8_N10_C5_CPtop_Q1.0_cabaret_W1_D2.json,1000,10,100,1.0,1.0,1.0,0.05194473211992205,0.3214419389349312,0.062365886189660186,tv,0.8,10,5,1.0,1,2,cabaret
sim_results_Ulastfm_pop0_a0.8_N10_C5_CPtop_Q1.0_cabaret_W2_D1.json,100,10,10,0.0,0.0,0.0,0.037143088038478086,0.16406137654837014,0.020355855224532517,tv,0.8,10,5,1.0,2,1,cabaret
sim_results_Ulastfm_pop0_a0.8_N10_C5_CPtop_Q1.0_cabaret_W2_D1.json,200,10,20,0.03333333333333333,0.0,0.09756854924301145,0.037143088038478086,0.16406137654837014,0.020355855224532517,tv,0.8,10,5,1.0,2,1,cabaret
sim_results_Ulastfm_pop0_a0.8_N10_C5_CPtop_Q1.0_cabaret_W2_D1.json,300,10,30,0.03333333333333333,0.0,0.09756854924301145,0.037143088038478086,0.16406137654837014,0.020355855224532517,tv,0.8,10,5,1.0,2,1,cabaret
sim_results_Ulastfm_pop0_a0.8_N10_C5_CPtop_Q1.0_cabaret_W2_D1.json,400,10,40,0.26666666666666666,0.10842147482583778,0.4249118585074956,0.037143088038478086,0.16406137654837014,0.020355855224532517,tv,0.8,10,5,1.0,2,1,cabaret
sim_results_Ulastfm_pop0_a0.8_N10_C5_CPtop_Q1.0_cabaret_W2_D1.json,500,10,50,0.6333333333333333,0.46088963344948825,0.8057770332171783,0.037143088038478086,0.16406137654837014,0.020355855224532517,tv,0.8,10,5,1.0,2,1,cabaret
sim_results_Ulastfm_pop0_a0.8_N10_C5_CPtop_Q1.0_cabaret_W2_D1.json,600,10,60,0.5333333333333333,0.354808679988615,0.7118579866780517,0.037143088038478086,0.16406137654837014,0.020355855224532517,tv,0.8,10,5,1.0,2,1,cabaret
sim_results_Ulastfm_pop0_a0.8_N10_C5_CPtop_Q1.0_cabaret_W2_D1.json,700,10,70,0.7,0.5360146347993211,0.8639853652006788,0.037143088038478086,0.16406137654837014,0.020355855224532517,tv,0.8,10,5,1.0,2,1,cabaret
sim_results_Ulastfm_pop0_a0.8_N10_C5_CPtop_Q1.0_cabaret_W2_D1.json,800,10,80,0.8666666666666667,0.7450226200631684,0.988310713270165,0.037143088038478086,0.16406137654837014,0.020355855224532517,tv,0.8,10,5,1.0,2,1,cabaret
sim_results_Ulastfm_pop0_a0.8_N10_C5_CPtop_Q1.0_cabaret_W2_D1.json,900,10,90,0.8,0.6568618383053166,0.9431381616946835,0.037143088038478086,0.16406137654837014,0.020355855224532517,tv,0.8,10,5,1.0,2,1,cabaret
sim_results_Ulastfm_pop0_a0.8_N10_C5_CPtop_Q1.0_cabaret_W2_D1.json,1000,10,100,0.7666666666666667,0.6153150280283007,0.9180183053050327,0.037143088038478086,0.16406137654837014,0.020355855224532517,tv,0.8,10,5,1.0,2,1,cabaret
sim_results_Ulastfm_pop0_a0.8_N10_C5_CPtop_Q1.0_cabaret_W2_D2.json,100,10,10,0.0,0.0,0.0,0.05681916134747934,0.3512297672249822,0.07416809417048824,tv,0.8,10,5,1.0,2,2,cabaret
sim_results_Ulastfm_pop0_a0.8_N10_C5_CPtop_Q1.0_cabaret_W2_D2.json,200,10,20,0.5666666666666667,0.389341520656837,0.7439918126764963,0.05681916134747934,0.3512297672249822,0.07416809417048824,tv,0.8,10,5,1.0,2,2,cabaret
sim_results_Ulastfm_pop0_a0.8_N10_C5_CPtop_Q1.0_cabaret_W2_D2.json,300,10,30,0.9666666666666667,0.9024314507569886,1.0,0.05681916134747934,0.3512297672249822,0.07416809417048824,tv,0.8,10,5,1.0,2,2,cabaret
sim_results_Ulastfm_pop0_a0.8_N10_C5_CPtop_Q1.0_cabaret_W2_D2.json,400,10,40,1.0,1.0,1.0,0.05681916134747934,0.3512297672249822,0.07416809417048824,tv,0.8,10,5,1.0,2,2,cabaret
sim_results_Ulastfm_pop0_a0.8_N10_C5_CPtop_Q1.0_cabaret_W2_D2.json,500,10,50,1.0,1.0,1.0,0.05681916134747934,0.3512297672249822,0.07416809417048824,tv,0.8,10,5,1.0,2,2,cabaret
sim_results_Ulastfm_pop0_a0.8_N10_C5_CPtop_Q1.0_cabaret_W2_D2.json,600,10,60,1.0,1.0,1.0,0.05681916134747934,0.3512297672249822,0.07416809417048824,tv,0.8,10,5,1.0,2,2,cabaret
sim_results_Ulastfm_pop0_a0.8_N10_C5_CPtop_Q1.0_cabaret_W2_D2.json,700,10,70,1.0,1.0,1.0,0.05681916134747934,0.3512297672249822,0.07416809417048824,tv,0.8,10,5,1.0,2,2,cabaret
sim_results_Ulastfm_pop0_a0.8_N10_C5_CPtop_Q1.0_cabaret_W2_D2.json,800,10,80,1.0,1.0,1.0,0.05681916134747934,0.3512297672249822,0.07416809417048824,tv,0.8,10,5,1.0,2,2,cabaret
sim_results_Ulastfm_pop0_a0.8_N10_C5_CPtop_Q1.0_cabaret_W2_D2.json,900,10,90,1.0,1.0,1.0,0.05681916134747934,0.3512297672249822,0.07416809417048824,tv,0.8,10,5,1.0,2,2,cabaret
sim_results_Ulastfm_pop0_a0.8_N10_C5_CPtop_Q1.0_cabaret_W2_D2.json,1000,10,100,1.0,1.0,1.0,0.05681916134747934,0.3512297672249822,0.07416809417048824,tv,0.8,10,5,1.0,2,2,cabaret
sim_results_Ulastfm_pop0_a0.8_N2_C10_CPtop_Q1.0_cabaret_W1_D2.json,100,10,10,0.0,0.0,0.0,0.019131021694170636,0.17576837972190837,0.036408134410609305,tv,0.8,2,10,1.0,1,2,cabaret
sim_results_Ulastfm_pop0_a0.8_N2_C10_CPtop_Q1.0_cabaret_W1_D2.json,200,10,20,0.03333333333333333,0.0,0.09756854924301145,0.019131021694170636,0.17576837972190837,0.036408134410609305,tv,0.8,2,10,1.0,1,2,cabaret
sim_results_Ulastfm_pop0_a0.8_N2_C10_CPtop_Q1.0_cabaret_W1_D2.json,300,10,30,0.13333333333333333,0.011689286729835005,0.25497737993683167,0.019131021694170636,0.17576837972190837,0.036408134410609305,tv,0.8,2,10,1.0,1,2,cabaret
sim_results_Ulastfm_pop0_a0.8_N2_C10_CPtop_Q1.0_cabaret_W1_D2.json,400,10,40,0.26666666666666666,0.10842147482583778,0.4249118585074956,0.019131021694170636,0.17576837972190837,0.036408134410609305,tv,0.8,2,10,1.0,1,2,cabaret
sim_results_Ulastfm_pop0_a0.8_N2_C10_CPtop_Q1.0_cabaret_W1_D2.json,500,10,50,0.43333333333333335,0.2560081873235037,0.610658479343163,0.019131021694170636,0.17576837972190837,0.036408134410609305,tv,0.8,2,10,1.0,1,2,cabaret
sim_results_Ulastfm_pop0_a0.8_N2_C10_CPtop_Q1.0_cabaret_W1_D2.json,600,10,60,0.23333333333333334,0.08198169469496736,0.3846849719716993,0.019131021694170636,0.17576837972190837,0.036408134410609305,tv,0.8,2,10,1.0,1,2,cabaret
sim_results_Ulastfm_pop0_a0.8_N2_C10_CPtop_Q1.0_cabaret_W1_D2.json,700,10,70,0.7,0.5360146347993211,0.8639853652006788,0.019131021694170636,0.17576837972190837,0.036408134410609305,tv,0.8,2,10,1.0,1,2,cabaret
sim_results_Ulastfm_pop0_a0.8_N2_C10_CPtop_Q1.0_cabaret_W1_D2.json,800,10,80,0.7666666666666667,0.6153150280283007,0.9180183053050327,0.019131021694170636,0.17576837972190837,0.036408134410609305,tv,0.8,2,10,1.0,1,2,cabaret
sim_results_Ulastfm_pop0_a0.8_N2_C10_CPtop_Q1.0_cabaret_W1_D2.json,900,10,90,0.9,0.7926463787289875,1.0,0.019131021694170636,0.17576837972190837,0.036408134410609305,tv,0.8,2,10,1.0,1,2,cabaret
sim_results_Ulastfm_pop0_a0.8_N2_C10_CPtop_Q1.0_cabaret_W1_D2.json,1000,10,100,0.9666666666666667,0.9024314507569886,1.0,0.019131021694170636,0.17576837972190837,0.036408134410609305,tv,0.8,2,10,1.0,1,2,cabaret
sim_results_Ulastfm_pop0_a0.8_N2_C10_CPtop_Q1.0_cabaret_W2_D1.json,100,10,10,0.06666666666666667,0.0,0.15592899333902582,0.010079339131860385,0.06594087773457347,0.008407021143955773,tv,0.8,2,10,1.0,2,1,cabaret
sim_results_Ulastfm_pop0_a0.8_N2_C10_CPtop_Q1.0_cabaret_W2_D1.json,200,10,20,0.06666666666666667,0.0,0.15592899333902582,0.010079339131860385,0.06594087773457347,0.008407021143955773,tv,0.8,2,10,1.0,2,1,cabaret
sim_results_Ulastfm_pop0_a0.8_N2_C10_CPtop_Q1.0_cabaret_W2_D1.json,300,10,30,0.03333333333333333,0.0,0.09756854924301145,0.010079339131860385,0.06594087773457347,0.008407021143955773,tv,0.8,2,10,1.0,2,1,cabaret
sim_results_Ulastfm_pop0_a0.8_N2_C10_CPtop_Q1.0_cabaret_W2_D1.json,400,10,40,0.1,0.0,0.20735362127101256,0.010079339131860385,0.06594087773457347,0.008407021143955773,tv,0.8,2,10,1.0,2,1,cabaret
sim_results_Ulastfm_pop0_a0.8_N2_C10_CPtop_Q1.0_cabaret_W2_D1.json,500,10,50,0.03333333333333333,0.0,0.09756854924301145,0.010079339131860385,0.06594087773457347,0.008407021143955773,tv,0.8,2,10,1.0,2,1,cabaret
sim_results_Ulastfm_pop0_a0.8_N2_C10_CPtop_Q1.0_cabaret_W2_D1.json,600,10,60,0.13333333333333333,0.011689286729835005,0.25497737993683167,0.010079339131860385,0.06594087773457347,0.008407021143955773,tv,0.8,2,10,1.0,2,1,cabaret
sim_results_Ulastfm_pop0_a0.8_N2_C10_CPtop_Q1.0_cabaret_W2_D1.json,700,10,70,0.13333333333333333,0.011689286729835005,0.25497737993683167,0.010079339131860385,0.06594087773457347,0.008407021143955773,tv,0.8,2,10,1.0,2,1,cabaret
sim_results_Ulastfm_pop0_a0.8_N2_C10_CPtop_Q1.0_cabaret_W2_D1.json,800,10,80,0.16666666666666666,0.03330555844847141,0.3000277748848619,0.010079339131860385,0.06594087773457347,0.008407021143955773,tv,0.8,2,10,1.0,2,1,cabaret
sim_results_Ulastfm_pop0_a0.8_N2_C10_CPtop_Q1.0_cabaret_W2_D1.json,900,10,90,0.23333333333333334,0.08198169469496736,0.3846849719716993,0.010079339131860385,0.06594087773457347,0.008407021143955773,tv,0.8,2,10,1.0,2,1,cabaret
sim_results_Ulastfm_pop0_a0.8_N2_C10_CPtop_Q1.0_cabaret_W2_D1.json,1000,10,100,0.2,0.056861838305316575,0.3431381616946835,0.010079339131860385,0.06594087773457347,0.008407021143955773,tv,0.8,2,10,1.0,2,1,cabaret
sim_results_Ulastfm_pop0_a0.8_N2_C10_CPtop_Q1.0_cabaret_W2_D2.json,100,10,10,0.0,0.0,0.0,0.037298510418742124,0.3416565127351429,0.09773708875770136,tv,0.8,2,10,1.0,2,2,cabaret
sim_results_Ulastfm_pop0_a0.8_N2_C10_CPtop_Q1.0_cabaret_W2_D2.json,200,10,20,0.5666666666666667,0.389341520656837,0.7439918126764963,0.037298510418742124,0.3416565127351429,0.09773708875770136,tv,0.8,2,10,1.0,2,2,cabaret
sim_results_Ulastfm_pop0_a0.8_N2_C10_CPtop_Q1.0_cabaret_W2_D2.json,300,10,30,0.8,0.6568618383053166,0.9431381616946835,0.037298510418742124,0.3416565127351429,0.09773708875770136,tv,0.8,2,10,1.0,2,2,cabaret
sim_results_Ulastfm_pop0_a0.8_N2_C10_CPtop_Q1.0_cabaret_W2_D2.json,400,10,40,1.0,1.0,1.0,0.037298510418742124,0.3416565127351429,0.09773708875770136,tv,0.8,2,10,1.0,2,2,cabaret
sim_results_Ulastfm_pop0_a0.8_N2_C10_CPtop_Q1.0_cabaret_W2_D2.json,500,10,50,1.0,1.0,1.0,0.037298510418742124,0.3416565127351429,0.09773708875770136,tv,0.8,2,10,1.0,2,2,cabaret
sim_results_Ulastfm_pop0_a0.8_N2_C10_CPtop_Q1.0_cabaret_W2_D2.json,600,10,60,1.0,1.0,1.0,0.037298510418742124,0.3416565127351429,0.09773708875770136,tv,0.8,2,10,1.0,2,2,cabaret
sim_results_Ulastfm_pop0_a0.8_N2_C10_CPtop_Q1.0_cabaret_W2_D2.json,700,10,70,1.0,1.0,1.0,0.037298510418742124,0.3416565127351429,0.09773708875770136,tv,0.8,2,10,1.0,2,2,cabaret
sim_results_Ulastfm_pop0_a0.8_N2_C10_CPtop_Q1.0_cabaret_W2_D2.json,800,10,80,1.0,1.0,1.0,0.037298510418742124,0.3416565127351429,0.09773708875770136,tv,0.8,2,10,1.0,2,2,cabaret
sim_results_Ulastfm_pop0_a0.8_N2_C10_CPtop_Q1.0_cabaret_W2_D2.json,900,10,90,1.0,1.0,1.0,0.037298510418742124,0.3416565127351429,0.09773708875770136,tv,0.8,2,10,1.0,2,2,cabaret
sim_results_Ulastfm_pop0_a0.8_N2_C10_CPtop_Q1.0_cabaret_W2_D2.json,1000,10,100,1.0,1.0,1.0,0.037298510418742124,0.3416565127351429,0.09773708875770136,tv,0.8,2,10,1.0,2,2,cabaret
sim_results_Ulastfm_pop0_a0.8_N2_C20_CPtop_Q1.0_cabaret_W1_D2.json,100,10,10,0.03333333333333333,0.0,0.09756854924301145,0.020098651806271864,0.23287609291944367,0.058382068322359336,tv,0.8,2,20,1.0,1,2,cabaret
sim_results_Ulastfm_pop0_a0.8_N2_C20_CPtop_Q1.0_cabaret_W1_D2.json,200,10,20,0.06666666666666667,0.0,0.15592899333902582,0.020098651806271864,0.23287609291944367,0.058382068322359336,tv,0.8,2,20,1.0,1,2,cabaret
sim_results_Ulastfm_pop0_a0.8_N2_C20_CPtop_Q1.0_cabaret_W1_D2.json,300,10,30,0.26666666666666666,0.10842147482583778,0.4249118585074956,0.020098651806271864,0.23287609291944367,0.058382068322359336,tv,0.8,2,20,1.0,1,2,cabaret
sim_results_Ulastfm_pop0_a0.8_N2_C20_CPtop_Q1.0_cabaret_W1_D2.json,400,10,40,0.6666666666666666,0.497976725365188,0.8353566079681453,0.020098651806271864,0.23287609291944367,0.058382068322359336,tv,0.8,2,20,1.0,1,2,cabaret
sim_results_Ulastfm_pop0_a0.8_N2_C20_CPtop_Q1.0_cabaret_W1_D2.json,500,10,50,0.8333333333333334,0.6999722251151381,0.9666944415515286,0.020098651806271864,0.23287609291944367,0.058382068322359336,tv,0.8,2,20,1.0,1,2,cabaret
sim_results_Ulastfm_pop0_a0.8_N2_C20_CPtop_Q1.0_cabaret_W1_D2.json,600,10,60,0.9,0.7926463787289875,1.0,0.020098651806271864,0.23287609291944367,0.058382068322359336,tv,0.8,2,20,1.0,1,2,cabaret
sim_results_Ulastfm_pop0_a0.8_N2_C20_CPtop_Q1.0_cabaret_W1_D2.json,700,10,70,0.9,0.7926463787289875,1.0,0.020098651806271864,0.23287609291944367,0.058382068322359336,tv,0.8,2,20,1.0,1,2,cabaret
sim_results_Ulastfm_pop0_a0.8_N2_C20_CPtop_Q1.0_cabaret_W1_D2.json,800,10,80,1.0,1.0,1.0,0.020098651806271864,0.23287609291944367,0.058382068322359336,tv,0.8,2,20,1.0,1,2,cabaret
sim_results_Ulastfm_pop0_a0.8_N2_C20_CPtop_Q1.0_cabaret_W1_D2.json,900,10,90,1.0,1.0,1.0,0.020098651806271864,0.23287609291944367,0.058382068322359336,tv,0.8,2,20,1.0,1,2,cabaret
sim_results_Ulastfm_pop0_a0.8_N2_C20_CPtop_Q1.0_cabaret_W1_D2.json,1000,10,100,1.0,1.0,1.0,0.020098651806271864,0.23287609291944367,0.058382068322359336,tv,0.8,2,20,1.0,1,2,cabaret
sim_results_Ulastfm_pop0_a0.8_N2_C20_CPtop_Q1.0_cabaret_W2_D1.json,100,10,10,0.0,0.0,0.0,0.008288063515342742,0.09696102664775,0.0145691659185013,tv,0.8,2,20,1.0,2,1,cabaret
sim_results_Ulastfm_pop0_a0.8_N2_C20_CPtop_Q1.0_cabaret_W2_D1.json,200,10,20,0.0,0.0,0.0,0.008288063515342742,0.09696102664775,0.0145691659185013,tv,0.8,2,20,1.0,2,1,cabaret
sim_results_Ulastfm_pop0_a0.8_N2_C20_CPtop_Q1.0_cabaret_W2_D1.json,300,10,30,0.06666666666666667,0.0,0.15592899333902582,0.008288063515342742,0.09696102664775,0.0145691659185013,tv,0.8,2,20,1.0,2,1,cabaret
sim_results_Ulastfm_pop0_a0.8_N2_C20_CPtop_Q1.0_cabaret_W2_D1.json,400,10,40,0.06666666666666667,0.0,0.15592899333902582,0.008288063515342742,0.09696102664775,0.0145691659185013,tv,0.8,2,20,1.0,2,1,cabaret
sim_results_Ulastfm_pop0_a0.8_N2_C20_CPtop_Q1.0_cabaret_W2_D1.json,500,10,50,0.03333333333333333,0.0,0.09756854924301145,0.008288063515342742,0.09696102664775,0.0145691659185013,tv,0.8,2,20,1.0,2,1,cabaret
sim_results_Ulastfm_pop0_a0.8_N2_C20_CPtop_Q1.0_cabaret_W2_D1.json,600,10,60,0.3333333333333333,0.1646433920318547,0.5020232746348119,0.008288063515342742,0.09696102664775,0.0145691659185013,tv,0.8,2,20,1.0,2,1,cabaret
sim_results_Ulastfm_pop0_a0.8_N2_C20_CPtop_Q1.0_cabaret_W2_D1.json,700,10,70,0.16666666666666666,0.03330555844847141,0.3000277748848619,0.008288063515342742,0.09696102664775,0.0145691659185013,tv,0.8,2,20,1.0,2,1,cabaret
sim_results_Ulastfm_pop0_a0.8_N2_C20_CPtop_Q1.0_cabaret_W2_D1.json,800,10,80,0.13333333333333333,0.011689286729835005,0.25497737993683167,0.008288063515342742,0.09696102664775,0.0145691659185013,tv,0.8,2,20,1.0,2,1,cabaret
sim_results_Ulastfm_pop0_a0.8_N2_C20_CPtop_Q1.0_cabaret_W2_D1.json,900,10,90,0.16666666666666666,0.03330555844847141,0.3000277748848619,0.008288063515342742,0.09696102664775,0.0145691659185013,tv,0.8,2,20,1.0,2,1,cabaret
sim_results_Ulastfm_pop0_a0.8_N2_C20_CPtop_Q1.0_cabaret_W2_D1.json,1000,10,100,0.43333333333333335,0.2560081873235037,0.610658479343163,0.008288063515342742,0.09696102664775,0.0145691659185013,tv,0.8,2,20,1.0,2,1,cabaret
sim_results_Ulastfm_pop0_a0.8_N2_C20_CPtop_Q1.0_cabaret_W2_D2.json,100,10,10,0.0,0.0,0.0,0.03033792577144342,0.37880317021896026,0.11127310964871326,tv,0.8,2,20,1.0,2,2,cabaret
sim_results_Ulastfm_pop0_a0.8_N2_C20_CPtop_Q1.0_cabaret_W2_D2.json,200,10,20,0.4,0.2246922705640165,0.5753077294359835,0.03033792577144342,0.37880317021896026,0.11127310964871326,tv,0.8,2,20,1.0,2,2,cabaret
sim_results_Ulastfm_pop0_a0.8_N2_C20_CPtop_Q1.0_cabaret_W2_D2.json,300,10,30,0.9,0.7926463787289875,1.0,0.03033792577144342,0.37880317021896026,0.11127310964871326,tv,0.8,2,20,1.0,2,2,cabaret
sim_results_Ulastfm_pop0_a0.8_N2_C20_CPtop_Q1.0_cabaret_W2_D2.json,400,10,40,1.0,1.0,1.0,0.03033792577144342,0.37880317021896026,0.11127310964871326,tv,0.8,2,20,1.0,2,2,cabaret
sim_results_Ulastfm_pop0_a0.8_N2_C20_CPtop_Q1.0_cabaret_W2_D2.json,500,10,50,1.0,1.0,1.0,0.03033792577144342,0.37880317021896026,0.11127310964871326,tv,0.8,2,20,1.0,2,2,cabaret
sim_results_Ulastfm_pop0_a0.8_N2_C20_CPtop_Q1.0_cabaret_W2_D2.json,600,10,60,1.0,1.0,1.0,0.03033792577144342,0.37880317021896026,0.11127310964871326,tv,0.8,2,20,1.0,2,2,cabaret
sim_results_Ulastfm_pop0_a0.8_N2_C20_CPtop_Q1.0_cabaret_W2_D2.json,700,10,70,1.0,1.0,1.0,0.03033792577144342,0.37880317021896026,0.11127310964871326,tv,0.8,2,20,1.0,2,2,cabaret
sim_results_Ulastfm_pop0_a0.8_N2_C20_CPtop_Q1.0_cabaret_W2_D2.json,800,10,80,1.0,1.0,1.0,0.03033792577144342,0.37880317021896026,0.11127310964871326,tv,0.8,2,20,1.0,2,2,cabaret
sim_results_Ulastfm_pop0_a0.8_N2_C20_CPtop_Q1.0_cabaret_W2_D2.json,900,10,90,1.0,1.0,1.0,0.03033792577144342,0.37880317021896026,0.11127310964871326,tv,0.8,2,20,1.0,2,2,cabaret
sim_results_Ulastfm_pop0_a0.8_N2_C20_CPtop_Q1.0_cabaret_W2_D2.json,1000,10,100,1.0,1.0,1.0,0.03033792577144342,0.37880317021896026,0.11127310964871326,tv,0.8,2,20,1.0,2,2,cabaret
sim_results_Ulastfm_pop0_a0.8_N2_C5_CPtop_Q1.0_cabaret_W1_D2.json,100,10,10,0.0,0.0,0.0,0.014533367655518017,0.11938897009475508,0.020924302255158338,tv,0.8,2,5,1.0,1,2,cabaret
sim_results_Ulastfm_pop0_a0.8_N2_C5_CPtop_Q1.0_cabaret_W1_D2.json,200,10,20,0.06666666666666667,0.0,0.15592899333902582,0.014533367655518017,0.11938897009475508,0.020924302255158338,tv,0.8,2,5,1.0,1,2,cabaret
sim_results_Ulastfm_pop0_a0.8_N2_C5_CPtop_Q1.0_cabaret_W1_D2.json,300,10,30,0.16666666666666666,0.03330555844847141,0.3000277748848619,0.014533367655518017,0.11938897009475508,0.020924302255158338,tv,0.8,2,5,1.0,1,2,cabaret
sim_results_Ulastfm_pop0_a0.8_N2_C5_CPtop_Q1.0_cabaret_W1_D2.json,400,10,40,0.06666666666666667,0.0,0.15592899333902582,0.014533367655518017,0.11938897009475508,0.020924302255158338,tv,0.8,2,5,1.0,1,2,cabaret
sim_results_Ulastfm_pop0_a0.8_N2_C5_CPtop_Q1.0_cabaret_W1_D2.json,500,10,50,0.03333333333333333,0.0,0.09756854924301145,0.014533367655518017,0.11938897009475508,0.020924302255158338,tv,0.8,2,5,1.0,1,2,cabaret
sim_results_Ulastfm_pop0_a0.8_N2_C5_CPtop_Q1.0_cabaret_W1_D2.json,600,10,60,0.16666666666666666,0.03330555844847141,0.3000277748848619,0.014533367655518017,0.11938897009475508,0.020924302255158338,tv,0.8,2,5,1.0,1,2,cabaret
sim_results_Ulastfm_pop0_a0.8_N2_C5_CPtop_Q1.0_cabaret_W1_D2.json,700,10,70,0.5666666666666667,0.389341520656837,0.7439918126764963,0.014533367655518017,0.11938897009475508,0.020924302255158338,tv,0.8,2,5,1.0,1,2,cabaret
sim_results_Ulastfm_pop0_a0.8_N2_C5_CPtop_Q1.0_cabaret_W1_D2.json,800,10,80,0.26666666666666666,0.10842147482583778,0.4249118585074956,0.014533367655518017,0.11938897009475508,0.020924302255158338,tv,0.8,2,5,1.0,1,2,cabaret
sim_results_Ulastfm_pop0_a0.8_N2_C5_CPtop_Q1.0_cabaret_W1_D2.json,900,10,90,0.3,0.1360146347993212,0.4639853652006788,0.014533367655518017,0.11938897009475508,0.020924302255158338,tv,0.8,2,5,1.0,1,2,cabaret
sim_results_Ulastfm_pop0_a0.8_N2_C5_CPtop_Q1.0_cabaret_W1_D2.json,1000,10,100,0.5333333333333333,0.354808679988615,0.7118579866780517,0.014533367655518017,0.11938897009475508,0.020924302255158338,tv,0.8,2,5,1.0,1,2,cabaret
sim_results_Ulastfm_pop0_a0.8_N2_C5_CPtop_Q1.0_cabaret_W2_D1.json,100,10,10,0.0,0.0,0.0,0.01019454796233882,0.05510853640368692,0.00720363042040117,tv,0.8,2,5,1.0,2,1,cabaret
sim_results_Ulastfm_pop0_a0.8_N2_C5_CPtop_Q1.0_cabaret_W2_D1.json,200,10,20,0.13333333333333333,0.011689286729835005,0.25497737993683167,0.01019454796233882,0.05510853640368692,0.00720363042040117,tv,0.8,2,5,1.0,2,1,cabaret
sim_results_Ulastfm_pop0_a0.8_N2_C5_CPtop_Q1.0_cabaret_W2_D1.json,300,10,30,0.0,0.0,0.0,0.01019454796233882,0.05510853640368692,0.00720363042040117,tv,0.8,2,5,1.0,2,1,cabaret
sim_results_Ulastfm_pop0_a0.8_N2_C5_CPtop_Q1.0_cabaret_W2_D1.json,400,10,40,0.03333333333333333,0.0,0.09756854924301145,0.01019454796233882,0.05510853640368692,0.00720363042040117,tv,0.8,2,5,1.0,2,1,cabaret
sim_results_Ulastfm_pop0_a0.8_N2_C5_CPtop_Q1.0_cabaret_W2_D1.json,500,10,50,0.03333333333333333,0.0,0.09756854924301145,0.01019454796233882,0.05510853640368692,0.00720363042040117,tv,0.8,2,5,1.0,2,1,cabaret
sim_results_Ulastfm_pop0_a0.8_N2_C5_CPtop_Q1.0_cabaret_W2_D1.json,600,10,60,0.06666666666666667,0.0,0.15592899333902582,0.01019454796233882,0.05510853640368692,0.00720363042040117,tv,0.8,2,5,1.0,2,1,cabaret
sim_results_Ulastfm_pop0_a0.8_N2_C5_CPtop_Q1.0_cabaret_W2_D1.json,700,10,70,0.2,0.056861838305316575,0.3431381616946835,0.01019454796233882,0.05510853640368692,0.00720363042040117,tv,0.8,2,5,1.0,2,1,cabaret
sim_results_Ulastfm_pop0_a0.8_N2_C5_CPtop_Q1.0_cabaret_W2_D1.json,800,10,80,0.0,0.0,0.0,0.01019454796233882,0.05510853640368692,0.00720363042040117,tv,0.8,2,5,1.0,2,1,cabaret
sim_results_Ulastfm_pop0_a0.8_N2_C5_CPtop_Q1.0_cabaret_W2_D1.json,900,10,90,0.23333333333333334,0.08198169469496736,0.3846849719716993,0.01019454796233882,0.05510853640368692,0.00720363042040117,tv,0.8,2,5,1.0,2,1,cabaret
sim_results_Ulastfm_pop0_a0.8_N2_C5_CPtop_Q1.0_cabaret_W2_D1.json,1000,10,100,0.13333333333333333,0.011689286729835005,0.25497737993683167,0.01019454796233882,0.05510853640368692,0.00720363042040117,tv,0.8,2,5,1.0,2,1,cabaret
sim_results_Ulastfm_pop0_a0.8_N2_C5_CPtop_Q1.0_cabaret_W2_D2.json,100,10,10,0.0,0.0,0.0,0.034299215822225414,0.22973789779311948,0.055792081555641124,tv,0.8,2,5,1.0,2,2,cabaret
sim_results_Ulastfm_pop0_a0.8_N2_C5_CPtop_Q1.0_cabaret_W2_D2.json,200,10,20,0.2,0.056861838305316575,0.3431381616946835,0.034299215822225414,0.22973789779311948,0.055792081555641124,tv,0.8,2,5,1.0,2,2,cabaret
sim_results_Ulastfm_pop0_a0.8_N2_C5_CPtop_Q1.0_cabaret_W2_D2.json,300,10,30,0.4,0.2246922705640165,0.5753077294359835,0.034299215822225414,0.22973789779311948,0.055792081555641124,tv,0.8,2,5,1.0,2,2,cabaret
sim_results_Ulastfm_pop0_a0.8_N2_C5_CPtop_Q1.0_cabaret_W2_D2.json,400,10,40,0.8333333333333334,0.6999722251151381,0.9666944415515286,0.034299215822225414,0.22973789779311948,0.055792081555641124,tv,0.8,2,5,1.0,2,2,cabaret
sim_results_Ulastfm_pop0_a0.8_N2_C5_CPtop_Q1.0_cabaret_W2_D2.json,500,10,50,0.7,0.5360146347993211,0.8639853652006788,0.034299215822225414,0.22973789779311948,0.055792081555641124,tv,0.8,2,5,1.0,2,2,cabaret
sim_results_Ulastfm_pop0_a0.8_N2_C5_CPtop_Q1.0_cabaret_W2_D2.json,600,10,60,0.9333333333333333,0.8440710066609742,1.0,0.034299215822225414,0.22973789779311948,0.055792081555641124,tv,0.8,2,5,1.0,2,2,cabaret
sim_results_Ulastfm_pop0_a0.8_N2_C5_CPtop_Q1.0_cabaret_W2_D2.json,700,10,70,0.9666666666666667,0.9024314507569886,1.0,0.034299215822225414,0.22973789779311948,0.055792081555641124,tv,0.8,2,5,1.0,2,2,cabaret
sim_results_Ulastfm_pop0_a0.8_N2_C5_CPtop_Q1.0_cabaret_W2_D2.json,800,10,80,1.0,1.0,1.0,0.034299215822225414,0.22973789779311948,0.055792081555641124,tv,0.8,2,5,1.0,2,2,cabaret
sim_results_Ulastfm_pop0_a0.8_N2_C5_CPtop_Q1.0_cabaret_W2_D2.json,900,10,90,0.9666666666666667,0.9024314507569886,1.0,0.034299215822225414,0.22973789779311948,0.055792081555641124,tv,0.8,2,5,1.0,2,2,cabaret
sim_results_Ulastfm_pop0_a0.8_N2_C5_CPtop_Q1.0_cabaret_W2_D2.json,1000,10,100,1.0,1.0,1.0,0.034299215822225414,0.22973789779311948,0.055792081555641124,tv,0.8,2,5,1.0,2,2,cabaret
sim_results_Ulastfm_pop0_a0.8_N5_C10_CPtop_Q1.0_cabaret_W1_D2.json,100,10,10,0.0,0.0,0.0,0.03504748551400866,0.26077764611009463,0.044328971341894896,tv,0.8,5,10,1.0,1,2,cabaret
sim_results_Ulastfm_pop0_a0.8_N5_C10_CPtop_Q1.0_cabaret_W1_D2.json,200,10,20,0.1,0.0,0.20735362127101256,0.03504748551400866,0.26077764611009463,0.044328971341894896,tv,0.8,5,10,1.0,1,2,cabaret
sim_results_Ulastfm_pop0_a0.8_N5_C10_CPtop_Q1.0_cabaret_W1_D2.json,300,10,30,0.2,0.056861838305316575,0.3431381616946835,0.03504748551400866,0.26077764611009463,0.044328971341894896,tv,0.8,5,10,1.0,1,2,cabaret
sim_results_Ulastfm_pop0_a0.8_N5_C10_CPtop_Q1.0_cabaret_W1_D2.json,400,10,40,0.2,0.056861838305316575,0.3431381616946835,0.03504748551400866,0.26077764611009463,0.044328971341894896,tv,0.8,5,10,1.0,1,2,cabaret
sim_results_Ulastfm_pop0_a0.8_N5_C10_CPtop_Q1.0_cabaret_W1_D2.json,500,10,50,0.7666666666666667,0.6153150280283007,0.9180183053050327,0.03504748551400866,0.26077764611009463,0.044328971341894896,tv,0.8,5,10,1.0,1,2,cabaret
sim_results_Ulastfm_pop0_a0.8_N5_C10_CPtop_Q1.0_cabaret_W1_D2.json,600,10,60,0.9,0.7926463787289875,1.0,0.03504748551400866,0.26077764611009463,0.044328971341894896,tv,0.8,5,10,1.0,1,2,cabaret
sim_results_Ulastfm_pop0_a0.8_N5_C10_CPtop_Q1.0_cabaret_W1_D2.json,700,10,70,0.8,0.6568618383053166,0.9431381616946835,0.03504748551400866,0.26077764611009463,0.044328971341894896,tv,0.8,5,10,1.0,1,2,cabaret
sim_results_Ulastfm_pop0_a0.8_N5_C10_CPtop_Q1.0_cabaret_W1_D2.json,800,10,80,1.0,1.0,1.0,0.03504748551400866,0.26077764611009463,0.044328971341894896,tv,0.8,5,10,1.0,1,2,cabaret
sim_results_Ulastfm_pop0_a0.8_N5_C10_CPtop_Q1.0_cabaret_W1_D2.json,900,10,90,0.9666666666666667,0.9024314507569886,1.0,0.03504748551400866,0.26077764611009463,0.044328971341894896,tv,0.8,5,10,1.0,1,2,cabaret
sim_results_Ulastfm_pop0_a0.8_N5_C10_CPtop_Q1.0_cabaret_W1_D2.json,1000,10,100,1.0,1.0,1.0,0.03504748551400866,0.26077764611009463,0.044328971341894896,tv,0.8,5,10,1.0,1,2,cabaret
sim_results_Ulastfm_pop0_a0.8_N5_C10_CPtop_Q1.0_cabaret_W2_D1.json,100,10,10,0.0,0.0,0.0,0.021486516553697255,0.13551356561492064,0.014920013853510236,tv,0.8,5,10,1.0,2,1,cabaret
sim_results_Ulastfm_pop0_a0.8_N5_C10_CPtop_Q1.0_cabaret_W2_D1.json,200,10,20,0.06666666666666667,0.0,0.15592899333902582,0.021486516553697255,0.13551356561492064,0.014920013853510236,tv,0.8,5,10,1.0,2,1,cabaret
sim_results_Ulastfm_pop0_a0.8_N5_C10_CPtop_Q1.0_cabaret_W2_D1.json,300,10,30,0.0,0.0,0.0,0.021486516553697255,0.13551356561492064,0.014920013853510236,tv,0.8,5,10,1.0,2,1,cabaret
sim_results_Ulastfm_pop0_a0.8_N5_C10_CPtop_Q1.0_cabaret_W2_D1.json,400,10,40,0.06666666666666667,0.0,0.15592899333902582,0.021486516553697255,0.13551356561492064,0.014920013853510236,tv,0.8,5,10,1.0,2,1,cabaret
sim_results_Ulastfm_pop0_a0.8_N5_C10_CPtop_Q1.0_cabaret_W2_D1.json,500,10,50,0.16666666666666666,0.03330555844847141,0.3000277748848619,0.021486516553697255,0.13551356561492064,0.014920013853510236,tv,0.8,5,10,1.0,2,1,cabaret
sim_results_Ulastfm_pop0_a0.8_N5_C10_CPtop_Q1.0_cabaret_W2_D1.json,600,10,60,0.1,0.0,0.20735362127101256,0.021486516553697255,0.13551356561492064,0.014920013853510236,tv,0.8,5,10,1.0,2,1,cabaret
sim_results_Ulastfm_pop0_a0.8_N5_C10_CPtop_Q1.0_cabaret_W2_D1.json,700,10,70,0.13333333333333333,0.011689286729835005,0.25497737993683167,0.021486516553697255,0.13551356561492064,0.014920013853510236,tv,0.8,5,10,1.0,2,1,cabaret
sim_results_Ulastfm_pop0_a0.8_N5_C10_CPtop_Q1.0_cabaret_W2_D1.json,800,10,80,0.23333333333333334,0.08198169469496736,0.3846849719716993,0.021486516553697255,0.13551356561492064,0.014920013853510236,tv,0.8,5,10,1.0,2,1,cabaret
sim_results_Ulastfm_pop0_a0.8_N5_C10_CPtop_Q1.0_cabaret_W2_D1.json,900,10,90,0.2,0.056861838305316575,0.3431381616946835,0.021486516553697255,0.13551356561492064,0.014920013853510236,tv,0.8,5,10,1.0,2,1,cabaret
sim_results_Ulastfm_pop0_a0.8_N5_C10_CPtop_Q1.0_cabaret_W2_D1.json,1000,10,100,0.4666666666666667,0.28814201332194833,0.645191320011385,0.021486516553697255,0.13551356561492064,0.014920013853510236,tv,0.8,5,10,1.0,2,1,cabaret
sim_results_Ulastfm_pop0_a0.8_N5_C10_CPtop_Q1.0_cabaret_W2_D2.json,100,10,10,0.6333333333333333,0.46088963344948825,0.8057770332171783,0.11728011794682945,0.6210077444167285,0.21470994094689697,tv,0.8,5,10,1.0,2,2,cabaret
sim_results_Ulastfm_pop0_a0.8_N5_C10_CPtop_Q1.0_cabaret_W2_D2.json,200,10,20,1.0,1.0,1.0,0.11728011794682945,0.6210077444167285,0.21470994094689697,tv,0.8,5,10,1.0,2,2,cabaret
sim_results_Ulastfm_pop0_a0.8_N5_C10_CPtop_Q1.0_cabaret_W2_D2.json,300,10,30,1.0,1.0,1.0,0.11728011794682945,0.6210077444167285,0.21470994094689697,tv,0.8,5,10,1.0,2,2,cabaret
sim_results_Ulastfm_pop0_a0.8_N5_C10_CPtop_Q1.0_cabaret_W2_D2.json,400,10,40,1.0,1.0,1.0,0.11728011794682945,0.6210077444167285,0.21470994094689697,tv,0.8,5,10,1.0,2,2,cabaret
sim_results_Ulastfm_pop0_a0.8_N5_C10_CPtop_Q1.0_cabaret_W2_D2.json,500,10,50,1.0,1.0,1.0,0.11728011794682945,0.6210077444167285,0.21470994094689697,tv,0.8,5,10,1.0,2,2,cabaret
sim_results_Ulastfm_pop0_a0.8_N5_C10_CPtop_Q1.0_cabaret_W2_D2.json,600,10,60,1.0,1.0,1.0,0.11728011794682945,0.6210077444167285,0.21470994094689697,tv,0.8,5,10,1.0,2,2,cabaret
sim_results_Ulastfm_pop0_a0.8_N5_C10_CPtop_Q1.0_cabaret_W2_D2.json,700,10,70,1.0,1.0,1.0,0.11728011794682945,0.6210077444167285,0.21470994094689697,tv,0.8,5,10,1.0,2,2,cabaret
sim_results_Ulastfm_pop0_a0.8_N5_C10_CPtop_Q1.0_cabaret_W2_D2.json,800,10,80,1.0,1.0,1.0,0.11728011794682945,0.6210077444167285,0.21470994094689697,tv,0.8,5,10,1.0,2,2,cabaret
sim_results_Ulastfm_pop0_a0.8_N5_C10_CPtop_Q1.0_cabaret_W2_D2.json,900,10,90,1.0,1.0,1.0,0.11728011794682945,0.6210077444167285,0.21470994094689697,tv,0.8,5,10,1.0,2,2,cabaret
sim_results_Ulastfm_pop0_a0.8_N5_C10_CPtop_Q1.0_cabaret_W2_D2.json,1000,10,100,1.0,1.0,1.0,0.11728011794682945,0.6210077444167285,0.21470994094689697,tv,0.8,5,10,1.0,2,2,cabaret
sim_results_Ulastfm_pop0_a0.8_N5_C20_CPtop_Q1.0_cabaret_W1_D2.json,100,10,10,0.0,0.0,0.0,0.03117582152066726,0.36472411141572425,0.07988523826642834,tv,0.8,5,20,1.0,1,2,cabaret
sim_results_Ulastfm_pop0_a0.8_N5_C20_CPtop_Q1.0_cabaret_W1_D2.json,200,10,20,0.06666666666666667,0.0,0.15592899333902582,0.03117582152066726,0.36472411141572425,0.07988523826642834,tv,0.8,5,20,1.0,1,2,cabaret
sim_results_Ulastfm_pop0_a0.8_N5_C20_CPtop_Q1.0_cabaret_W1_D2.json,300,10,30,0.4666666666666667,0.28814201332194833,0.645191320011385,0.03117582152066726,0.36472411141572425,0.07988523826642834,tv,0.8,5,20,1.0,1,2,cabaret
sim_results_Ulastfm_pop0_a0.8_N5_C20_CPtop_Q1.0_cabaret_W1_D2.json,400,10,40,0.9333333333333333,0.8440710066609742,1.0,0.03117582152066726,0.36472411141572425,0.07988523826642834,tv,0.8,5,20,1.0,1,2,cabaret
sim_results_Ulastfm_pop0_a0.8_N5_C20_CPtop_Q1.0_cabaret_W1_D2.json,500,10,50,1.0,1.0,1.0,0.03117582152066726,0.36472411141572425,0.07988523826642834,tv,0.8,5,20,1.0,1,2,cabaret
sim_results_Ulastfm_pop0_a0.8_N5_C20_CPtop_Q1.0_cabaret_W1_D2.json,600,10,60,1.0,1.0,1.0,0.03117582152066726,0.36472411141572425,0.07988523826642834,tv,0.8,5,20,1.0,1,2,cabaret
sim_results_Ulastfm_pop0_a0.8_N5_C20_CPtop_Q1.0_cabaret_W1_D2.json,700,10,70,1.0,1.0,1.0,0.03117582152066726,0.36472411141572425,0.07988523826642834,tv,0.8,5,20,1.0,1,2,cabaret
sim_results_Ulastfm_pop0_a0.8_N5_C20_CPtop_Q1.0_cabaret_W1_D2.json,800,10,80,1.0,1.0,1.0,0.03117582152066726,0.36472411141572425,0.07988523826642834,tv,0.8,5,20,1.0,1,2,cabaret
sim_results_Ulastfm_pop0_a0.8_N5_C20_CPtop_Q1.0_cabaret_W1_D2.json,900,10,90,1.0,1.0,1.0,0.03117582152066726,0.36472411141572425,0.07988523826642834,tv,0.8,5,20,1.0,1,2,cabaret
sim_results_Ulastfm_pop0_a0.8_N5_C20_CPtop_Q1.0_cabaret_W1_D2.json,1000,10,100,1.0,1.0,1.0,0.03117582152066726,0.36472411141572425,0.07988523826642834,tv,0.8,5,20,1.0,1,2,cabaret
sim_results_Ulastfm_pop0_a0.8_N5_C20_CPtop_Q1.0_cabaret_W2_D1.json,100,10,10,0.0,0.0,0.0,0.023938559410896603,0.17686600592273033,0.022280504745614618,tv,0.8,5,20,1.0,2,1,cabaret
sim_results_Ulastfm_pop0_a0.8_N5_C20_CPtop_Q1.0_cabaret_W2_D1.json,200,10,20,0.0,0.0,0.0,0.023938559410896603,0.17686600592273033,0.022280504745614618,tv,0.8,5,20,1.0,2,1,cabaret
sim_results_Ulastfm_pop0_a0.8_N5_C20_CPtop_Q1.0_cabaret_W2_D1.json,300,10,30,0.06666666666666667,0.0,0.15592899333902582,0.023938559410896603,0.17686600592273033,0.022280504745614618,tv,0.8,5,20,1.0,2,1,cabaret
sim_results_Ulastfm_pop0_a0.8_N5_C20_CPtop_Q1.0_cabaret_W2_D1.json,400,10,40,0.0,0.0,0.0,0.023938559410896603,0.17686600592273033,0.022280504745614618,tv,0.8,5,20,1.0,2,1,cabaret
sim_results_Ulastfm_pop0_a0.8_N5_C20_CPtop_Q1.0_cabaret_W2_D1.json,500,10,50,0.23333333333333334,0.08198169469496736,0.3846849719716993,0.023938559410896603,0.17686600592273033,0.022280504745614618,tv,0.8,5,20,1.0,2,1,cabaret
sim_results_Ulastfm_pop0_a0.8_N5_C20_CPtop_Q1.0_cabaret_W2_D1.json,600,10,60,0.3,0.1360146347993212,0.4639853652006788,0.023938559410896603,0.17686600592273033,0.022280504745614618,tv,0.8,5,20,1.0,2,1,cabaret
sim_results_Ulastfm_pop0_a0.8_N5_C20_CPtop_Q1.0_cabaret_W2_D1.json,700,10,70,0.3333333333333333,0.1646433920318547,0.5020232746348119,0.023938559410896603,0.17686600592273033,0.022280504745614618,tv,0.8,5,20,1.0,2,1,cabaret
sim_results_Ulastfm_pop0_a0.8_N5_C20_CPtop_Q1.0_cabaret_W2_D1.json,800,10,80,0.7,0.5360146347993211,0.8639853652006788,0.023938559410896603,0.17686600592273033,0.022280504745614618,tv,0.8,5,20,1.0,2,1,cabaret
sim_results_Ulastfm_pop0_a0.8_N5_C20_CPtop_Q1.0_cabaret_W2_D1.json,900,10,90,0.5666666666666667,0.389341520656837,0.7439918126764963,0.023938559410896603,0.17686600592273033,0.022280504745614618,tv,0.8,5,20,1.0,2,1,cabaret
sim_results_Ulastfm_pop0_a0.8_N5_C20_CPtop_Q1.0_cabaret_W2_D1.json,1000,10,100,0.6333333333333333,0.46088963344948825,0.8057770332171783,0.023938559410896603,0.17686600592273033,0.022280504745614618,tv,0.8,5,20,1.0,2,1,cabaret
sim_results_Ulastfm_pop0_a0.8_N5_C20_CPtop_Q1.0_cabaret_W2_D2.json,100,10,10,0.7,0.5360146347993211,0.8639853652006788,0.08250939973526882,0.6890647373150102,0.26217148873011986,tv,0.8,5,20,1.0,2,2,cabaret
sim_results_Ulastfm_pop0_a0.8_N5_C20_CPtop_Q1.0_cabaret_W2_D2.json,200,10,20,1.0,1.0,1.0,0.08250939973526882,0.6890647373150102,0.26217148873011986,tv,0.8,5,20,1.0,2,2,cabaret
sim_results_Ulastfm_pop0_a0.8_N5_C20_CPtop_Q1.0_cabaret_W2_D2.json,300,10,30,1.0,1.0,1.0,0.08250939973526882,0.6890647373150102,0.26217148873011986,tv,0.8,5,20,1.0,2,2,cabaret
sim_results_Ulastfm_pop0_a0.8_N5_C20_CPtop_Q1.0_cabaret_W2_D2.json,400,10,40,1.0,1.0,1.0,0.08250939973526882,0.6890647373150102,0.26217148873011986,tv,0.8,5,20,1.0,2,2,cabaret
sim_results_Ulastfm_pop0_a0.8_N5_C20_CPtop_Q1.0_cabaret_W2_D2.json,500,10,50,1.0,1.0,1.0,0.08250939973526882,0.6890647373150102,0.26217148873011986,tv,0.8,5,20,1.0,2,2,cabaret
sim_results_Ulastfm_pop0_a0.8_N5_C20_CPtop_Q1.0_cabaret_W2_D2.json,600,10,60,1.0,1.0,1.0,0.08250939973526882,0.6890647373150102,0.26217148873011986,tv,0.8,5,20,1.0,2,2,cabaret
sim_results_Ulastfm_pop0_a0.8_N5_C20_CPtop_Q1.0_cabaret_W2_D2.json,700,10,70,1.0,1.0,1.0,0.08250939973526882,0.6890647373150102,0.26217148873011986,tv,0.8,5,20,1.0,2,2,cabaret
sim_results_Ulastfm_pop0_a0.8_N5_C20_CPtop_Q1.0_cabaret_W2_D2.json,800,10,80,1.0,1.0,1.0,0.08250939973526882,0.6890647373150102,0.26217148873011986,tv,0.8,5,20,1.0,2,2,cabaret
sim_results_Ulastfm_pop0_a0.8_N5_C20_CPtop_Q1.0_cabaret_W2_D2.json,900,10,90,1.0,1.0,1.0,0.08250939973526882,0.6890647373150102,0.26217148873011986,tv,0.8,5,20,1.0,2,2,cabaret
sim_results_Ulastfm_pop0_a0.8_N5_C20_CPtop_Q1.0_cabaret_W2_D2.json,1000,10,100,1.0,1.0,1.0,0.08250939973526882,0.6890647373150102,0.26217148873011986,tv,0.8,5,20,1.0,2,2,cabaret
sim_results_Ulastfm_pop0_a0.8_N5_C5_CPtop_Q1.0_cabaret_W1_D2.json,100,10,10,0.0,0.0,0.0,0.03568420286944619,0.17597060639203477,0.023574788823170975,tv,0.8,5,5,1.0,1,2,cabaret
sim_results_Ulastfm_pop0_a0.8_N5_C5_CPtop_Q1.0_cabaret_W1_D2.json,200,10,20,0.0,0.0,0.0,0.03568420286944619,0.17597060639203477,0.023574788823170975,tv,0.8,5,5,1.0,1,2,cabaret
sim_results_Ulastfm_pop0_a0.8_N5_C5_CPtop_Q1.0_cabaret_W1_D2.json,300,10,30,0.03333333333333333,0.0,0.09756854924301145,0.03568420286944619,0.17597060639203477,0.023574788823170975,tv,0.8,5,5,1.0,1,2,cabaret
sim_results_Ulastfm_pop0_a0.8_N5_C5_CPtop_Q1.0_cabaret_W1_D2.json,400,10,40,0.26666666666666666,0.10842147482583778,0.4249118585074956,0.03568420286944619,0.17597060639203477,0.023574788823170975,tv,0.8,5,5,1.0,1,2,cabaret
sim_results_Ulastfm_pop0_a0.8_N5_C5_CPtop_Q1.0_cabaret_W1_D2.json,500,10,50,0.26666666666666666,0.10842147482583778,0.4249118585074956,0.03568420286944619,0.17597060639203477,0.023574788823170975,tv,0.8,5,5,1.0,1,2,cabaret
sim_results_Ulastfm_pop0_a0.8_N5_C5_CPtop_Q1.0_cabaret_W1_D2.json,600,10,60,0.23333333333333334,0.08198169469496736,0.3846849719716993,0.03568420286944619,0.17597060639203477,0.023574788823170975,tv,0.8,5,5,1.0,1,2,cabaret
sim_results_Ulastfm_pop0_a0.8_N5_C5_CPtop_Q1.0_cabaret_W1_D2.json,700,10,70,0.4666666666666667,0.28814201332194833,0.645191320011385,0.03568420286944619,0.17597060639203477,0.023574788823170975,tv,0.8,5,5,1.0,1,2,cabaret
sim_results_Ulastfm_pop0_a0.8_N5_C5_CPtop_Q1.0_cabaret_W1_D2.json,800,10,80,0.4,0.2246922705640165,0.5753077294359835,0.03568420286944619,0.17597060639203477,0.023574788823170975,tv,0.8,5,5,1.0,1,2,cabaret
sim_results_Ulastfm_pop0_a0.8_N5_C5_CPtop_Q1.0_cabaret_W1_D2.json,900,10,90,0.7666666666666667,0.6153150280283007,0.9180183053050327,0.03568420286944619,0.17597060639203477,0.023574788823170975,tv,0.8,5,5,1.0,1,2,cabaret
sim_results_Ulastfm_pop0_a0.8_N5_C5_CPtop_Q1.0_cabaret_W1_D2.json,1000,10,100,0.7666666666666667,0.6153150280283007,0.9180183053050327,0.03568420286944619,0.17597060639203477,0.023574788823170975,tv,0.8,5,5,1.0,1,2,cabaret
sim_results_Ulastfm_pop0_a0.8_N5_C5_CPtop_Q1.0_cabaret_W2_D1.json,100,10,10,0.0,0.0,0.0,0.022917019441775915,0.08460756485546456,0.007086298516947033,tv,0.8,5,5,1.0,2,1,cabaret
sim_results_Ulastfm_pop0_a0.8_N5_C5_CPtop_Q1.0_cabaret_W2_D1.json,200,10,20,0.0,0.0,0.0,0.022917019441775915,0.08460756485546456,0.007086298516947033,tv,0.8,5,5,1.0,2,1,cabaret
sim_results_Ulastfm_pop0_a0.8_N5_C5_CPtop_Q1.0_cabaret_W2_D1.json,300,10,30,0.0,0.0,0.0,0.022917019441775915,0.08460756485546456,0.007086298516947033,tv,0.8,5,5,1.0,2,1,cabaret
sim_results_Ulastfm_pop0_a0.8_N5_C5_CPtop_Q1.0_cabaret_W2_D1.json,400,10,40,0.0,0.0,0.0,0.022917019441775915,0.08460756485546456,0.007086298516947033,tv,0.8,5,5,1.0,2,1,cabaret
sim_results_Ulastfm_pop0_a0.8_N5_C5_CPtop_Q1.0_cabaret_W2_D1.json,500,10,50,0.0,0.0,0.0,0.022917019441775915,0.08460756485546456,0.007086298516947033,tv,0.8,5,5,1.0,2,1,cabaret
sim_results_Ulastfm_pop0_a0.8_N5_C5_CPtop_Q1.0_cabaret_W2_D1.json,600,10,60,0.06666666666666667,0.0,0.15592899333902582,0.022917019441775915,0.08460756485546456,0.007086298516947033,tv,0.8,5,5,1.0,2,1,cabaret
sim_results_Ulastfm_pop0_a0.8_N5_C5_CPtop_Q1.0_cabaret_W2_D1.json,700,10,70,0.06666666666666667,0.0,0.15592899333902582,0.022917019441775915,0.08460756485546456,0.007086298516947033,tv,0.8,5,5,1.0,2,1,cabaret
sim_results_Ulastfm_pop0_a0.8_N5_C5_CPtop_Q1.0_cabaret_W2_D1.json,800,10,80,0.13333333333333333,0.011689286729835005,0.25497737993683167,0.022917019441775915,0.08460756485546456,0.007086298516947033,tv,0.8,5,5,1.0,2,1,cabaret
sim_results_Ulastfm_pop0_a0.8_N5_C5_CPtop_Q1.0_cabaret_W2_D1.json,900,10,90,0.13333333333333333,0.011689286729835005,0.25497737993683167,0.022917019441775915,0.08460756485546456,0.007086298516947033,tv,0.8,5,5,1.0,2,1,cabaret
sim_results_Ulastfm_pop0_a0.8_N5_C5_CPtop_Q1.0_cabaret_W2_D1.json,1000,10,100,0.13333333333333333,0.011689286729835005,0.25497737993683167,0.022917019441775915,0.08460756485546456,0.007086298516947033,tv,0.8,5,5,1.0,2,1,cabaret
sim_results_Ulastfm_pop0_a0.8_N5_C5_CPtop_Q1.0_cabaret_W2_D2.json,100,10,10,0.13333333333333333,0.011689286729835005,0.25497737993683167,0.10064631058028863,0.4843213605369999,0.13325498736551514,tv,0.8,5,5,1.0,2,2,cabaret
sim_results_Ulastfm_pop0_a0.8_N5_C5_CPtop_Q1.0_cabaret_W2_D2.json,200,10,20,0.8,0.6568618383053166,0.9431381616946835,0.10064631058028863,0.4843213605369999,0.13325498736551514,tv,0.8,5,5,1.0,2,2,cabaret
sim_results_Ulastfm_pop0_a0.8_N5_C5_CPtop_Q1.0_cabaret_W2_D2.json,300,10,30,1.0,1.0,1.0,0.10064631058028863,0.4843213605369999,0.13325498736551514,tv,0.8,5,5,1.0,2,2,cabaret
sim_results_Ulastfm_pop0_a0.8_N5_C5_CPtop_Q1.0_cabaret_W2_D2.json,400,10,40,1.0,1.0,1.0,0.10064631058028863,0.4843213605369999,0.13325498736551514,tv,0.8,5,5,1.0,2,2,cabaret
sim_results_Ulastfm_pop0_a0.8_N5_C5_CPtop_Q1.0_cabaret_W2_D2.json,500,10,50,1.0,1.0,1.0,0.10064631058028863,0.4843213605369999,0.13325498736551514,tv,0.8,5,5,1.0,2,2,cabaret
sim_results_Ulastfm_pop0_a0.8_N5_C5_CPtop_Q1.0_cabaret_W2_D2.json,600,10,60,1.0,1.0,1.0,0.10064631058028863,0.4843213605369999,0.13325498736551514,tv,0.8,5,5,1.0,2,2,cabaret
sim_results_Ulastfm_pop0_a0.8_N5_C5_CPtop_Q1.0_cabaret_W2_D2.json,700,10,70,1.0,1.0,1.0,0.10064631058028863,0.4843213605369999,0.13325498736551514,tv,0.8,5,5,1.0,2,2,cabaret
sim_results_Ulastfm_pop0_a0.8_N5_C5_CPtop_Q1.0_cabaret_W2_D2.json,800,10,80,1.0,1.0,1.0,0.10064631058028863,0.4843213605369999,0.13325498736551514,tv,0.8,5,5,1.0,2,2,cabaret
sim_results_Ulastfm_pop0_a0.8_N5_C5_CPtop_Q1.0_cabaret_W2_D2.json,900,10,90,1.0,1.0,1.0,0.10064631058028863,0.4843213605369999,0.13325498736551514,tv,0.8,5,5,1.0,2,2,cabaret
sim_results_Ulastfm_pop0_a0.8_N5_C5_CPtop_Q1.0_cabaret_W2_D2.json,1000,10,100,1.0,1.0,1.0,0.10064631058028863,0.4843213605369999,0.13325498736551514,tv,0.8,5,5,1.0,2,2,cabaret
sim_results_Ulastfm_pop0_a0.99_N10_C10_CPtop_Q1.0_cabaret_W1_D2.json,100,10,10,0.0,0.0,0.0,0.07069893828180257,0.6465568649250455,0.4371137929633769,tv,0.99,10,10,1.0,1,2,cabaret
sim_results_Ulastfm_pop0_a0.99_N10_C10_CPtop_Q1.0_cabaret_W1_D2.json,200,10,20,1.0,1.0,1.0,0.07069893828180257,0.6465568649250455,0.4371137929633769,tv,0.99,10,10,1.0,1,2,cabaret
sim_results_Ulastfm_pop0_a0.99_N10_C10_CPtop_Q1.0_cabaret_W1_D2.json,300,10,30,1.0,1.0,1.0,0.07069893828180257,0.6465568649250455,0.4371137929633769,tv,0.99,10,10,1.0,1,2,cabaret
sim_results_Ulastfm_pop0_a0.99_N10_C10_CPtop_Q1.0_cabaret_W1_D2.json,400,10,40,1.0,1.0,1.0,0.07069893828180257,0.6465568649250455,0.4371137929633769,tv,0.99,10,10,1.0,1,2,cabaret
sim_results_Ulastfm_pop0_a0.99_N10_C10_CPtop_Q1.0_cabaret_W1_D2.json,500,10,50,1.0,1.0,1.0,0.07069893828180257,0.6465568649250455,0.4371137929633769,tv,0.99,10,10,1.0,1,2,cabaret
sim_results_Ulastfm_pop0_a0.99_N10_C10_CPtop_Q1.0_cabaret_W1_D2.json,600,10,60,1.0,1.0,1.0,0.07069893828180257,0.6465568649250455,0.4371137929633769,tv,0.99,10,10,1.0,1,2,cabaret
sim_results_Ulastfm_pop0_a0.99_N10_C10_CPtop_Q1.0_cabaret_W1_D2.json,700,10,70,1.0,1.0,1.0,0.07069893828180257,0.6465568649250455,0.4371137929633769,tv,0.99,10,10,1.0,1,2,cabaret
sim_results_Ulastfm_pop0_a0.99_N10_C10_CPtop_Q1.0_cabaret_W1_D2.json,800,10,80,1.0,1.0,1.0,0.07069893828180257,0.6465568649250455,0.4371137929633769,tv,0.99,10,10,1.0,1,2,cabaret
sim_results_Ulastfm_pop0_a0.99_N10_C10_CPtop_Q1.0_cabaret_W1_D2.json,900,10,90,1.0,1.0,1.0,0.07069893828180257,0.6465568649250455,0.4371137929633769,tv,0.99,10,10,1.0,1,2,cabaret
sim_results_Ulastfm_pop0_a0.99_N10_C10_CPtop_Q1.0_cabaret_W1_D2.json,1000,10,100,1.0,1.0,1.0,0.07069893828180257,0.6465568649250455,0.4371137929633769,tv,0.99,10,10,1.0,1,2,cabaret
sim_results_Ulastfm_pop0_a0.99_N10_C10_CPtop_Q1.0_cabaret_W2_D1.json,100,10,10,0.0,0.0,0.0,0.07300307565271409,0.4394862383956815,0.18522850091592977,tv,0.99,10,10,1.0,2,1,cabaret
sim_results_Ulastfm_pop0_a0.99_N10_C10_CPtop_Q1.0_cabaret_W2_D1.json,200,10,20,0.23333333333333334,0.08198169469496736,0.3846849719716993,0.07300307565271409,0.4394862383956815,0.18522850091592977,tv,0.99,10,10,1.0,2,1,cabaret
sim_results_Ulastfm_pop0_a0.99_N10_C10_CPtop_Q1.0_cabaret_W2_D1.json,300,10,30,0.9333333333333333,0.8440710066609742,1.0,0.07300307565271409,0.4394862383956815,0.18522850091592977,tv,0.99,10,10,1.0,2,1,cabaret
sim_results_Ulastfm_pop0_a0.99_N10_C10_CPtop_Q1.0_cabaret_W2_D1.json,400,10,40,1.0,1.0,1.0,0.07300307565271409,0.4394862383956815,0.18522850091592977,tv,0.99,10,10,1.0,2,1,cabaret
sim_results_Ulastfm_pop0_a0.99_N10_C10_CPtop_Q1.0_cabaret_W2_D1.json,500,10,50,1.0,1.0,1.0,0.07300307565271409,0.4394862383956815,0.18522850091592977,tv,0.99,10,10,1.0,2,1,cabaret
sim_results_Ulastfm_pop0_a0.99_N10_C10_CPtop_Q1.0_cabaret_W2_D1.json,600,10,60,1.0,1.0,1.0,0.07300307565271409,0.4394862383956815,0.18522850091592977,tv,0.99,10,10,1.0,2,1,cabaret
sim_results_Ulastfm_pop0_a0.99_N10_C10_CPtop_Q1.0_cabaret_W2_D1.json,700,10,70,1.0,1.0,1.0,0.07300307565271409,0.4394862383956815,0.18522850091592977,tv,0.99,10,10,1.0,2,1,cabaret
sim_results_Ulastfm_pop0_a0.99_N10_C10_CPtop_Q1.0_cabaret_W2_D1.json,800,10,80,1.0,1.0,1.0,0.07300307565271409,0.4394862383956815,0.18522850091592977,tv,0.99,10,10,1.0,2,1,cabaret
sim_results_Ulastfm_pop0_a0.99_N10_C10_CPtop_Q1.0_cabaret_W2_D1.json,900,10,90,1.0,1.0,1.0,0.07300307565271409,0.4394862383956815,0.18522850091592977,tv,0.99,10,10,1.0,2,1,cabaret
sim_results_Ulastfm_pop0_a0.99_N10_C10_CPtop_Q1.0_cabaret_W2_D1.json,1000,10,100,1.0,1.0,1.0,0.07300307565271409,0.4394862383956815,0.18522850091592977,tv,0.99,10,10,1.0,2,1,cabaret
sim_results_Ulastfm_pop0_a0.99_N10_C10_CPtop_Q1.0_cabaret_W2_D2.json,100,10,10,0.3,0.1360146347993212,0.4639853652006788,0.08755315360983479,0.7293126593843768,0.5642257630409855,tv,0.99,10,10,1.0,2,2,cabaret
sim_results_Ulastfm_pop0_a0.99_N10_C10_CPtop_Q1.0_cabaret_W2_D2.json,200,10,20,1.0,1.0,1.0,0.08755315360983479,0.7293126593843768,0.5642257630409855,tv,0.99,10,10,1.0,2,2,cabaret
sim_results_Ulastfm_pop0_a0.99_N10_C10_CPtop_Q1.0_cabaret_W2_D2.json,300,10,30,1.0,1.0,1.0,0.08755315360983479,0.7293126593843768,0.5642257630409855,tv,0.99,10,10,1.0,2,2,cabaret
sim_results_Ulastfm_pop0_a0.99_N10_C10_CPtop_Q1.0_cabaret_W2_D2.json,400,10,40,1.0,1.0,1.0,0.08755315360983479,0.7293126593843768,0.5642257630409855,tv,0.99,10,10,1.0,2,2,cabaret
sim_results_Ulastfm_pop0_a0.99_N10_C10_CPtop_Q1.0_cabaret_W2_D2.json,500,10,50,1.0,1.0,1.0,0.08755315360983479,0.7293126593843768,0.5642257630409855,tv,0.99,10,10,1.0,2,2,cabaret
sim_results_Ulastfm_pop0_a0.99_N10_C10_CPtop_Q1.0_cabaret_W2_D2.json,600,10,60,1.0,1.0,1.0,0.08755315360983479,0.7293126593843768,0.5642257630409855,tv,0.99,10,10,1.0,2,2,cabaret
sim_results_Ulastfm_pop0_a0.99_N10_C10_CPtop_Q1.0_cabaret_W2_D2.json,700,10,70,1.0,1.0,1.0,0.08755315360983479,0.7293126593843768,0.5642257630409855,tv,0.99,10,10,1.0,2,2,cabaret
sim_results_Ulastfm_pop0_a0.99_N10_C10_CPtop_Q1.0_cabaret_W2_D2.json,800,10,80,1.0,1.0,1.0,0.08755315360983479,0.7293126593843768,0.5642257630409855,tv,0.99,10,10,1.0,2,2,cabaret
sim_results_Ulastfm_pop0_a0.99_N10_C10_CPtop_Q1.0_cabaret_W2_D2.json,900,10,90,1.0,1.0,1.0,0.08755315360983479,0.7293126593843768,0.5642257630409855,tv,0.99,10,10,1.0,2,2,cabaret
sim_results_Ulastfm_pop0_a0.99_N10_C10_CPtop_Q1.0_cabaret_W2_D2.json,1000,10,100,1.0,1.0,1.0,0.08755315360983479,0.7293126593843768,0.5642257630409855,tv,0.99,10,10,1.0,2,2,cabaret
sim_results_Ulastfm_pop0_a0.99_N10_C20_CPtop_Q1.0_cabaret_W1_D2.json,100,10,10,0.0,0.0,0.0,0.05162031608678705,0.6504247034860124,0.4810891961309091,tv,0.99,10,20,1.0,1,2,cabaret
sim_results_Ulastfm_pop0_a0.99_N10_C20_CPtop_Q1.0_cabaret_W1_D2.json,200,10,20,1.0,1.0,1.0,0.05162031608678705,0.6504247034860124,0.4810891961309091,tv,0.99,10,20,1.0,1,2,cabaret
sim_results_Ulastfm_pop0_a0.99_N10_C20_CPtop_Q1.0_cabaret_W1_D2.json,300,10,30,1.0,1.0,1.0,0.05162031608678705,0.6504247034860124,0.4810891961309091,tv,0.99,10,20,1.0,1,2,cabaret
sim_results_Ulastfm_pop0_a0.99_N10_C20_CPtop_Q1.0_cabaret_W1_D2.json,400,10,40,1.0,1.0,1.0,0.05162031608678705,0.6504247034860124,0.4810891961309091,tv,0.99,10,20,1.0,1,2,cabaret
sim_results_Ulastfm_pop0_a0.99_N10_C20_CPtop_Q1.0_cabaret_W1_D2.json,500,10,50,1.0,1.0,1.0,0.05162031608678705,0.6504247034860124,0.4810891961309091,tv,0.99,10,20,1.0,1,2,cabaret
sim_results_Ulastfm_pop0_a0.99_N10_C20_CPtop_Q1.0_cabaret_W1_D2.json,600,10,60,1.0,1.0,1.0,0.05162031608678705,0.6504247034860124,0.4810891961309091,tv,0.99,10,20,1.0,1,2,cabaret
sim_results_Ulastfm_pop0_a0.99_N10_C20_CPtop_Q1.0_cabaret_W1_D2.json,700,10,70,1.0,1.0,1.0,0.05162031608678705,0.6504247034860124,0.4810891961309091,tv,0.99,10,20,1.0,1,2,cabaret
sim_results_Ulastfm_pop0_a0.99_N10_C20_CPtop_Q1.0_cabaret_W1_D2.json,800,10,80,1.0,1.0,1.0,0.05162031608678705,0.6504247034860124,0.4810891961309091,tv,0.99,10,20,1.0,1,2,cabaret
sim_results_Ulastfm_pop0_a0.99_N10_C20_CPtop_Q1.0_cabaret_W1_D2.json,900,10,90,1.0,1.0,1.0,0.05162031608678705,0.6504247034860124,0.4810891961309091,tv,0.99,10,20,1.0,1,2,cabaret
sim_results_Ulastfm_pop0_a0.99_N10_C20_CPtop_Q1.0_cabaret_W1_D2.json,1000,10,100,1.0,1.0,1.0,0.05162031608678705,0.6504247034860124,0.4810891961309091,tv,0.99,10,20,1.0,1,2,cabaret
sim_results_Ulastfm_pop0_a0.99_N10_C20_CPtop_Q1.0_cabaret_W2_D1.json,100,10,10,0.06666666666666667,0.0,0.15592899333902582,0.08386300496092858,0.6368839478666852,0.40763276029705653,tv,0.99,10,20,1.0,2,1,cabaret
sim_results_Ulastfm_pop0_a0.99_N10_C20_CPtop_Q1.0_cabaret_W2_D1.json,200,10,20,1.0,1.0,1.0,0.08386300496092858,0.6368839478666852,0.40763276029705653,tv,0.99,10,20,1.0,2,1,cabaret
sim_results_Ulastfm_pop0_a0.99_N10_C20_CPtop_Q1.0_cabaret_W2_D1.json,300,10,30,1.0,1.0,1.0,0.08386300496092858,0.6368839478666852,0.40763276029705653,tv,0.99,10,20,1.0,2,1,cabaret
sim_results_Ulastfm_pop0_a0.99_N10_C20_CPtop_Q1.0_cabaret_W2_D1.json,400,10,40,1.0,1.0,1.0,0.08386300496092858,0.6368839478666852,0.40763276029705653,tv,0.99,10,20,1.0,2,1,cabaret
sim_results_Ulastfm_pop0_a0.99_N10_C20_CPtop_Q1.0_cabaret_W2_D1.json,500,10,50,1.0,1.0,1.0,0.08386300496092858,0.6368839478666852,0.40763276029705653,tv,0.99,10,20,1.0,2,1,cabaret
sim_results_Ulastfm_pop0_a0.99_N10_C20_CPtop_Q1.0_cabaret_W2_D1.json,600,10,60,1.0,1.0,1.0,0.08386300496092858,0.6368839478666852,0.40763276029705653,tv,0.99,10,20,1.0,2,1,cabaret
sim_results_Ulastfm_pop0_a0.99_N10_C20_CPtop_Q1.0_cabaret_W2_D1.json,700,10,70,1.0,1.0,1.0,0.08386300496092858,0.6368839478666852,0.40763276029705653,tv,0.99,10,20,1.0,2,1,cabaret
sim_results_Ulastfm_pop0_a0.99_N10_C20_CPtop_Q1.0_cabaret_W2_D1.json,800,10,80,1.0,1.0,1.0,0.08386300496092858,0.6368839478666852,0.40763276029705653,tv,0.99,10,20,1.0,2,1,cabaret
sim_results_Ulastfm_pop0_a0.99_N10_C20_CPtop_Q1.0_cabaret_W2_D1.json,900,10,90,1.0,1.0,1.0,0.08386300496092858,0.6368839478666852,0.40763276029705653,tv,0.99,10,20,1.0,2,1,cabaret
sim_results_Ulastfm_pop0_a0.99_N10_C20_CPtop_Q1.0_cabaret_W2_D1.json,1000,10,100,1.0,1.0,1.0,0.08386300496092858,0.6368839478666852,0.40763276029705653,tv,0.99,10,20,1.0,2,1,cabaret
sim_results_Ulastfm_pop0_a0.99_N10_C20_CPtop_Q1.0_cabaret_W2_D2.json,100,10,10,0.1,0.0,0.20735362127101256,0.0876602253092608,0.699674784747174,0.5299033525068743,tv,0.99,10,20,1.0,2,2,cabaret
sim_results_Ulastfm_pop0_a0.99_N10_C20_CPtop_Q1.0_cabaret_W2_D2.json,200,10,20,1.0,1.0,1.0,0.0876602253092608,0.699674784747174,0.5299033525068743,tv,0.99,10,20,1.0,2,2,cabaret
sim_results_Ulastfm_pop0_a0.99_N10_C20_CPtop_Q1.0_cabaret_W2_D2.json,300,10,30,1.0,1.0,1.0,0.0876602253092608,0.699674784747174,0.5299033525068743,tv,0.99,10,20,1.0,2,2,cabaret
sim_results_Ulastfm_pop0_a0.99_N10_C20_CPtop_Q1.0_cabaret_W2_D2.json,400,10,40,1.0,1.0,1.0,0.0876602253092608,0.699674784747174,0.5299033525068743,tv,0.99,10,20,1.0,2,2,cabaret
sim_results_Ulastfm_pop0_a0.99_N10_C20_CPtop_Q1.0_cabaret_W2_D2.json,500,10,50,1.0,1.0,1.0,0.0876602253092608,0.699674784747174,0.5299033525068743,tv,0.99,10,20,1.0,2,2,cabaret
sim_results_Ulastfm_pop0_a0.99_N10_C20_CPtop_Q1.0_cabaret_W2_D2.json,600,10,60,1.0,1.0,1.0,0.0876602253092608,0.699674784747174,0.5299033525068743,tv,0.99,10,20,1.0,2,2,cabaret
sim_results_Ulastfm_pop0_a0.99_N10_C20_CPtop_Q1.0_cabaret_W2_D2.json,700,10,70,1.0,1.0,1.0,0.0876602253092608,0.699674784747174,0.5299033525068743,tv,0.99,10,20,1.0,2,2,cabaret
sim_results_Ulastfm_pop0_a0.99_N10_C20_CPtop_Q1.0_cabaret_W2_D2.json,800,10,80,1.0,1.0,1.0,0.0876602253092608,0.699674784747174,0.5299033525068743,tv,0.99,10,20,1.0,2,2,cabaret
sim_results_Ulastfm_pop0_a0.99_N10_C20_CPtop_Q1.0_cabaret_W2_D2.json,900,10,90,1.0,1.0,1.0,0.0876602253092608,0.699674784747174,0.5299033525068743,tv,0.99,10,20,1.0,2,2,cabaret
sim_results_Ulastfm_pop0_a0.99_N10_C20_CPtop_Q1.0_cabaret_W2_D2.json,1000,10,100,1.0,1.0,1.0,0.0876602253092608,0.699674784747174,0.5299033525068743,tv,0.99,10,20,1.0,2,2,cabaret
sim_results_Ulastfm_pop0_a0.99_N10_C5_CPtop_Q1.0_cabaret_W1_D2.json,100,10,10,0.16666666666666666,0.03330555844847141,0.3000277748848619,0.06681498254444664,0.46314747872077133,0.1629189219755257,tv,0.99,10,5,1.0,1,2,cabaret
sim_results_Ulastfm_pop0_a0.99_N10_C5_CPtop_Q1.0_cabaret_W1_D2.json,200,10,20,0.4,0.2246922705640165,0.5753077294359835,0.06681498254444664,0.46314747872077133,0.1629189219755257,tv,0.99,10,5,1.0,1,2,cabaret
sim_results_Ulastfm_pop0_a0.99_N10_C5_CPtop_Q1.0_cabaret_W1_D2.json,300,10,30,0.9666666666666667,0.9024314507569886,1.0,0.06681498254444664,0.46314747872077133,0.1629189219755257,tv,0.99,10,5,1.0,1,2,cabaret
sim_results_Ulastfm_pop0_a0.99_N10_C5_CPtop_Q1.0_cabaret_W1_D2.json,400,10,40,1.0,1.0,1.0,0.06681498254444664,0.46314747872077133,0.1629189219755257,tv,0.99,10,5,1.0,1,2,cabaret
sim_results_Ulastfm_pop0_a0.99_N10_C5_CPtop_Q1.0_cabaret_W1_D2.json,500,10,50,1.0,1.0,1.0,0.06681498254444664,0.46314747872077133,0.1629189219755257,tv,0.99,10,5,1.0,1,2,cabaret
sim_results_Ulastfm_pop0_a0.99_N10_C5_CPtop_Q1.0_cabaret_W1_D2.json,600,10,60,1.0,1.0,1.0,0.06681498254444664,0.46314747872077133,0.1629189219755257,tv,0.99,10,5,1.0,1,2,cabaret
sim_results_Ulastfm_pop0_a0.99_N10_C5_CPtop_Q1.0_cabaret_W1_D2.json,700,10,70,1.0,1.0,1.0,0.06681498254444664,0.46314747872077133,0.1629189219755257,tv,0.99,10,5,1.0,1,2,cabaret
sim_results_Ulastfm_pop0_a0.99_N10_C5_CPtop_Q1.0_cabaret_W1_D2.json,800,10,80,1.0,1.0,1.0,0.06681498254444664,0.46314747872077133,0.1629189219755257,tv,0.99,10,5,1.0,1,2,cabaret
sim_results_Ulastfm_pop0_a0.99_N10_C5_CPtop_Q1.0_cabaret_W1_D2.json,900,10,90,1.0,1.0,1.0,0.06681498254444664,0.46314747872077133,0.1629189219755257,tv,0.99,10,5,1.0,1,2,cabaret
sim_results_Ulastfm_pop0_a0.99_N10_C5_CPtop_Q1.0_cabaret_W1_D2.json,1000,10,100,1.0,1.0,1.0,0.06681498254444664,0.46314747872077133,0.1629189219755257,tv,0.99,10,5,1.0,1,2,cabaret
sim_results_Ulastfm_pop0_a0.99_N10_C5_CPtop_Q1.0_cabaret_W2_D1.json,100,10,10,0.0,0.0,0.0,0.04479692437958557,0.23323883100764262,0.04545752353916949,tv,0.99,10,5,1.0,2,1,cabaret
sim_results_Ulastfm_pop0_a0.99_N10_C5_CPtop_Q1.0_cabaret_W2_D1.json,200,10,20,0.13333333333333333,0.011689286729835005,0.25497737993683167,0.04479692437958557,0.23323883100764262,0.04545752353916949,tv,0.99,10,5,1.0,2,1,cabaret
sim_results_Ulastfm_pop0_a0.99_N10_C5_CPtop_Q1.0_cabaret_W2_D1.json,300,10,30,0.1,0.0,0.20735362127101256,0.04479692437958557,0.23323883100764262,0.04545752353916949,tv,0.99,10,5,1.0,2,1,cabaret
sim_results_Ulastfm_pop0_a0.99_N10_C5_CPtop_Q1.0_cabaret_W2_D1.json,400,10,40,0.3,0.1360146347993212,0.4639853652006788,0.04479692437958557,0.23323883100764262,0.04545752353916949,tv,0.99,10,5,1.0,2,1,cabaret
sim_results_Ulastfm_pop0_a0.99_N10_C5_CPtop_Q1.0_cabaret_W2_D1.json,500,10,50,0.6333333333333333,0.46088963344948825,0.8057770332171783,0.04479692437958557,0.23323883100764262,0.04545752353916949,tv,0.99,10,5,1.0,2,1,cabaret
sim_results_Ulastfm_pop0_a0.99_N10_C5_CPtop_Q1.0_cabaret_W2_D1.json,600,10,60,0.8,0.6568618383053166,0.9431381616946835,0.04479692437958557,0.23323883100764262,0.04545752353916949,tv,0.99,10,5,1.0,2,1,cabaret
sim_results_Ulastfm_pop0_a0.99_N10_C5_CPtop_Q1.0_cabaret_W2_D1.json,700,10,70,0.6666666666666666,0.497976725365188,0.8353566079681453,0.04479692437958557,0.23323883100764262,0.04545752353916949,tv,0.99,10,5,1.0,2,1,cabaret
sim_results_Ulastfm_pop0_a0.99_N10_C5_CPtop_Q1.0_cabaret_W2_D1.json,800,10,80,0.9666666666666667,0.9024314507569886,1.0,0.04479692437958557,0.23323883100764262,0.04545752353916949,tv,0.99,10,5,1.0,2,1,cabaret
sim_results_Ulastfm_pop0_a0.99_N10_C5_CPtop_Q1.0_cabaret_W2_D1.json,900,10,90,0.9333333333333333,0.8440710066609742,1.0,0.04479692437958557,0.23323883100764262,0.04545752353916949,tv,0.99,10,5,1.0,2,1,cabaret
sim_results_Ulastfm_pop0_a0.99_N10_C5_CPtop_Q1.0_cabaret_W2_D1.json,1000,10,100,0.8333333333333334,0.6999722251151381,0.9666944415515286,0.04479692437958557,0.23323883100764262,0.04545752353916949,tv,0.99,10,5,1.0,2,1,cabaret
sim_results_Ulastfm_pop0_a0.99_N10_C5_CPtop_Q1.0_cabaret_W2_D2.json,100,10,10,0.03333333333333333,0.0,0.09756854924301145,0.07355207832012431,0.5037961082282081,0.19848480889264808,tv,0.99,10,5,1.0,2,2,cabaret
sim_results_Ulastfm_pop0_a0.99_N10_C5_CPtop_Q1.0_cabaret_W2_D2.json,200,10,20,0.8333333333333334,0.6999722251151381,0.9666944415515286,0.07355207832012431,0.5037961082282081,0.19848480889264808,tv,0.99,10,5,1.0,2,2,cabaret
sim_results_Ulastfm_pop0_a0.99_N10_C5_CPtop_Q1.0_cabaret_W2_D2.json,300,10,30,1.0,1.0,1.0,0.07355207832012431,0.5037961082282081,0.19848480889264808,tv,0.99,10,5,1.0,2,2,cabaret
sim_results_Ulastfm_pop0_a0.99_N10_C5_CPtop_Q1.0_cabaret_W2_D2.json,400,10,40,1.0,1.0,1.0,0.07355207832012431,0.5037961082282081,0.19848480889264808,tv,0.99,10,5,1.0,2,2,cabaret
sim_results_Ulastfm_pop0_a0.99_N10_C5_CPtop_Q1.0_cabaret_W2_D2.json,500,10,50,1.0,1.0,1.0,0.07355207832012431,0.5037961082282081,0.19848480889264808,tv,0.99,10,5,1.0,2,2,cabaret
sim_results_Ulastfm_pop0_a0.99_N10_C5_CPtop_Q1.0_cabaret_W2_D2.json,600,10,60,1.0,1.0,1.0,0.07355207832012431,0.5037961082282081,0.19848480889264808,tv,0.99,10,5,1.0,2,2,cabaret
sim_results_Ulastfm_pop0_a0.99_N10_C5_CPtop_Q1.0_cabaret_W2_D2.json,700,10,70,1.0,1.0,1.0,0.07355207832012431,0.5037961082282081,0.19848480889264808,tv,0.99,10,5,1.0,2,2,cabaret
sim_results_Ulastfm_pop0_a0.99_N10_C5_CPtop_Q1.0_cabaret_W2_D2.json,800,10,80,1.0,1.0,1.0,0.07355207832012431,0.5037961082282081,0.19848480889264808,tv,0.99,10,5,1.0,2,2,cabaret
sim_results_Ulastfm_pop0_a0.99_N10_C5_CPtop_Q1.0_cabaret_W2_D2.json,900,10,90,1.0,1.0,1.0,0.07355207832012431,0.5037961082282081,0.19848480889264808,tv,0.99,10,5,1.0,2,2,cabaret
sim_results_Ulastfm_pop0_a0.99_N10_C5_CPtop_Q1.0_cabaret_W2_D2.json,1000,10,100,1.0,1.0,1.0,0.07355207832012431,0.5037961082282081,0.19848480889264808,tv,0.99,10,5,1.0,2,2,cabaret
sim_results_Ulastfm_pop0_a0.99_N2_C10_CPtop_Q1.0_cabaret_W1_D2.json,100,10,10,0.03333333333333333,0.0,0.09756854924301145,0.035520587948431444,0.2716608965244196,0.14686979778424178,tv,0.99,2,10,1.0,1,2,cabaret
sim_results_Ulastfm_pop0_a0.99_N2_C10_CPtop_Q1.0_cabaret_W1_D2.json,200,10,20,0.0,0.0,0.0,0.035520587948431444,0.2716608965244196,0.14686979778424178,tv,0.99,2,10,1.0,1,2,cabaret
sim_results_Ulastfm_pop0_a0.99_N2_C10_CPtop_Q1.0_cabaret_W1_D2.json,300,10,30,0.06666666666666667,0.0,0.15592899333902582,0.035520587948431444,0.2716608965244196,0.14686979778424178,tv,0.99,2,10,1.0,1,2,cabaret
sim_results_Ulastfm_pop0_a0.99_N2_C10_CPtop_Q1.0_cabaret_W1_D2.json,400,10,40,0.13333333333333333,0.011689286729835005,0.25497737993683167,0.035520587948431444,0.2716608965244196,0.14686979778424178,tv,0.99,2,10,1.0,1,2,cabaret
sim_results_Ulastfm_pop0_a0.99_N2_C10_CPtop_Q1.0_cabaret_W1_D2.json,500,10,50,0.13333333333333333,0.011689286729835005,0.25497737993683167,0.035520587948431444,0.2716608965244196,0.14686979778424178,tv,0.99,2,10,1.0,1,2,cabaret
sim_results_Ulastfm_pop0_a0.99_N2_C10_CPtop_Q1.0_cabaret_W1_D2.json,600,10,60,0.4,0.2246922705640165,0.5753077294359835,0.035520587948431444,0.2716608965244196,0.14686979778424178,tv,0.99,2,10,1.0,1,2,cabaret
sim_results_Ulastfm_pop0_a0.99_N2_C10_CPtop_Q1.0_cabaret_W1_D2.json,700,10,70,0.3333333333333333,0.1646433920318547,0.5020232746348119,0.035520587948431444,0.2716608965244196,0.14686979778424178,tv,0.99,2,10,1.0,1,2,cabaret
sim_results_Ulastfm_pop0_a0.99_N2_C10_CPtop_Q1.0_cabaret_W1_D2.json,800,10,80,0.43333333333333335,0.2560081873235037,0.610658479343163,0.035520587948431444,0.2716608965244196,0.14686979778424178,tv,0.99,2,10,1.0,1,2,cabaret
sim_results_Ulastfm_pop0_a0.99_N2_C10_CPtop_Q1.0_cabaret_W1_D2.json,900,10,90,0.5,0.32107729788164574,0.6789227021183543,0.035520587948431444,0.2716608965244196,0.14686979778424178,tv,0.99,2,10,1.0,1,2,cabaret
sim_results_Ulastfm_pop0_a0.99_N2_C10_CPtop_Q1.0_cabaret_W1_D2.json,1000,10,100,0.4666666666666667,0.28814201332194833,0.645191320011385,0.035520587948431444,0.2716608965244196,0.14686979778424178,tv,0.99,2,10,1.0,1,2,cabaret
sim_results_Ulastfm_pop0_a0.99_N2_C10_CPtop_Q1.0_cabaret_W2_D1.json,100,10,10,0.0,0.0,0.0,0.03594269282250333,0.1865672686323388,0.04687658998383277,tv,0.99,2,10,1.0,2,1,cabaret
sim_results_Ulastfm_pop0_a0.99_N2_C10_CPtop_Q1.0_cabaret_W2_D1.json,200,10,20,0.1,0.0,0.20735362127101256,0.03594269282250333,0.1865672686323388,0.04687658998383277,tv,0.99,2,10,1.0,2,1,cabaret
sim_results_Ulastfm_pop0_a0.99_N2_C10_CPtop_Q1.0_cabaret_W2_D1.json,300,10,30,0.06666666666666667,0.0,0.15592899333902582,0.03594269282250333,0.1865672686323388,0.04687658998383277,tv,0.99,2,10,1.0,2,1,cabaret
sim_results_Ulastfm_pop0_a0.99_N2_C10_CPtop_Q1.0_cabaret_W2_D1.json,400,10,40,0.06666666666666667,0.0,0.15592899333902582,0.03594269282250333,0.1865672686323388,0.04687658998383277,tv,0.99,2,10,1.0,2,1,cabaret
sim_results_Ulastfm_pop0_a0.99_N2_C10_CPtop_Q1.0_cabaret_W2_D1.json,500,10,50,0.03333333333333333,0.0,0.09756854924301145,0.03594269282250333,0.1865672686323388,0.04687658998383277,tv,0.99,2,10,1.0,2,1,cabaret
sim_results_Ulastfm_pop0_a0.99_N2_C10_CPtop_Q1.0_cabaret_W2_D1.json,600,10,60,0.0,0.0,0.0,0.03594269282250333,0.1865672686323388,0.04687658998383277,tv,0.99,2,10,1.0,2,1,cabaret
sim_results_Ulastfm_pop0_a0.99_N2_C10_CPtop_Q1.0_cabaret_W2_D1.json,700,10,70,0.16666666666666666,0.03330555844847141,0.3000277748848619,0.03594269282250333,0.1865672686323388,0.04687658998383277,tv,0.99,2,10,1.0,2,1,cabaret
sim_results_Ulastfm_pop0_a0.99_N2_C10_CPtop_Q1.0_cabaret_W2_D1.json,800,10,80,0.1,0.0,0.20735362127101256,0.03594269282250333,0.1865672686323388,0.04687658998383277,tv,0.99,2,10,1.0,2,1,cabaret
sim_results_Ulastfm_pop0_a0.99_N2_C10_CPtop_Q1.0_cabaret_W2_D1.json,900,10,90,0.06666666666666667,0.0,0.15592899333902582,0.03594269282250333,0.1865672686323388,0.04687658998383277,tv,0.99,2,10,1.0,2,1,cabaret
sim_results_Ulastfm_pop0_a0.99_N2_C10_CPtop_Q1.0_cabaret_W2_D1.json,1000,10,100,0.23333333333333334,0.08198169469496736,0.3846849719716993,0.03594269282250333,0.1865672686323388,0.04687658998383277,tv,0.99,2,10,1.0,2,1,cabaret
sim_results_Ulastfm_pop0_a0.99_N2_C10_CPtop_Q1.0_cabaret_W2_D2.json,100,10,10,0.0,0.0,0.0,0.08964415271447593,0.5202555505579922,0.342371805556132,tv,0.99,2,10,1.0,2,2,cabaret
sim_results_Ulastfm_pop0_a0.99_N2_C10_CPtop_Q1.0_cabaret_W2_D2.json,200,10,20,0.7333333333333333,0.5750881414925044,0.8915785251741621,0.08964415271447593,0.5202555505579922,0.342371805556132,tv,0.99,2,10,1.0,2,2,cabaret
sim_results_Ulastfm_pop0_a0.99_N2_C10_CPtop_Q1.0_cabaret_W2_D2.json,300,10,30,0.8666666666666667,0.7450226200631684,0.988310713270165,0.08964415271447593,0.5202555505579922,0.342371805556132,tv,0.99,2,10,1.0,2,2,cabaret
sim_results_Ulastfm_pop0_a0.99_N2_C10_CPtop_Q1.0_cabaret_W2_D2.json,400,10,40,0.9666666666666667,0.9024314507569886,1.0,0.08964415271447593,0.5202555505579922,0.342371805556132,tv,0.99,2,10,1.0,2,2,cabaret
sim_results_Ulastfm_pop0_a0.99_N2_C10_CPtop_Q1.0_cabaret_W2_D2.json,500,10,50,0.9,0.7926463787289875,1.0,0.08964415271447593,0.5202555505579922,0.342371805556132,tv,0.99,2,10,1.0,2,2,cabaret
sim_results_Ulastfm_pop0_a0.99_N2_C10_CPtop_Q1.0_cabaret_W2_D2.json,600,10,60,1.0,1.0,1.0,0.08964415271447593,0.5202555505579922,0.342371805556132,tv,0.99,2,10,1.0,2,2,cabaret
sim_results_Ulastfm_pop0_a0.99_N2_C10_CPtop_Q1.0_cabaret_W2_D2.json,700,10,70,1.0,1.0,1.0,0.08964415271447593,0.5202555505579922,0.342371805556132,tv,0.99,2,10,1.0,2,2,cabaret
sim_results_Ulastfm_pop0_a0.99_N2_C10_CPtop_Q1.0_cabaret_W2_D2.json,800,10,80,1.0,1.0,1.0,0.08964415271447593,0.5202555505579922,0.342371805556132,tv,0.99,2,10,1.0,2,2,cabaret
sim_results_Ulastfm_pop0_a0.99_N2_C10_CPtop_Q1.0_cabaret_W2_D2.json,900,10,90,1.0,1.0,1.0,0.08964415271447593,0.5202555505579922,0.342371805556132,tv,0.99,2,10,1.0,2,2,cabaret
sim_results_Ulastfm_pop0_a0.99_N2_C10_CPtop_Q1.0_cabaret_W2_D2.json,1000,10,100,1.0,1.0,1.0,0.08964415271447593,0.5202555505579922,0.342371805556132,tv,0.99,2,10,1.0,2,2,cabaret
sim_results_Ulastfm_pop0_a0.99_N2_C20_CPtop_Q1.0_cabaret_W1_D2.json,100,10,10,0.03333333333333333,0.0,0.09756854924301145,0.07496888658524097,0.5118242755638995,0.28090537027065265,tv,0.99,2,20,1.0,1,2,cabaret
sim_results_Ulastfm_pop0_a0.99_N2_C20_CPtop_Q1.0_cabaret_W1_D2.json,200,10,20,0.16666666666666666,0.03330555844847141,0.3000277748848619,0.07496888658524097,0.5118242755638995,0.28090537027065265,tv,0.99,2,20,1.0,1,2,cabaret
sim_results_Ulastfm_pop0_a0.99_N2_C20_CPtop_Q1.0_cabaret_W1_D2.json,300,10,30,0.4666666666666667,0.28814201332194833,0.645191320011385,0.07496888658524097,0.5118242755638995,0.28090537027065265,tv,0.99,2,20,1.0,1,2,cabaret
sim_results_Ulastfm_pop0_a0.99_N2_C20_CPtop_Q1.0_cabaret_W1_D2.json,400,10,40,0.8333333333333334,0.6999722251151381,0.9666944415515286,0.07496888658524097,0.5118242755638995,0.28090537027065265,tv,0.99,2,20,1.0,1,2,cabaret
sim_results_Ulastfm_pop0_a0.99_N2_C20_CPtop_Q1.0_cabaret_W1_D2.json,500,10,50,0.9333333333333333,0.8440710066609742,1.0,0.07496888658524097,0.5118242755638995,0.28090537027065265,tv,0.99,2,20,1.0,1,2,cabaret
sim_results_Ulastfm_pop0_a0.99_N2_C20_CPtop_Q1.0_cabaret_W1_D2.json,600,10,60,0.9333333333333333,0.8440710066609742,1.0,0.07496888658524097,0.5118242755638995,0.28090537027065265,tv,0.99,2,20,1.0,1,2,cabaret
sim_results_Ulastfm_pop0_a0.99_N2_C20_CPtop_Q1.0_cabaret_W1_D2.json,700,10,70,0.9666666666666667,0.9024314507569886,1.0,0.07496888658524097,0.5118242755638995,0.28090537027065265,tv,0.99,2,20,1.0,1,2,cabaret
sim_results_Ulastfm_pop0_a0.99_N2_C20_CPtop_Q1.0_cabaret_W1_D2.json,800,10,80,1.0,1.0,1.0,0.07496888658524097,0.5118242755638995,0.28090537027065265,tv,0.99,2,20,1.0,1,2,cabaret
sim_results_Ulastfm_pop0_a0.99_N2_C20_CPtop_Q1.0_cabaret_W1_D2.json,900,10,90,1.0,1.0,1.0,0.07496888658524097,0.5118242755638995,0.28090537027065265,tv,0.99,2,20,1.0,1,2,cabaret
sim_results_Ulastfm_pop0_a0.99_N2_C20_CPtop_Q1.0_cabaret_W1_D2.json,1000,10,100,1.0,1.0,1.0,0.07496888658524097,0.5118242755638995,0.28090537027065265,tv,0.99,2,20,1.0,1,2,cabaret
sim_results_Ulastfm_pop0_a0.99_N2_C20_CPtop_Q1.0_cabaret_W2_D1.json,100,10,10,0.0,0.0,0.0,0.04571567906171266,0.2975278977159215,0.11184211797423588,tv,0.99,2,20,1.0,2,1,cabaret
sim_results_Ulastfm_pop0_a0.99_N2_C20_CPtop_Q1.0_cabaret_W2_D1.json,200,10,20,0.06666666666666667,0.0,0.15592899333902582,0.04571567906171266,0.2975278977159215,0.11184211797423588,tv,0.99,2,20,1.0,2,1,cabaret
sim_results_Ulastfm_pop0_a0.99_N2_C20_CPtop_Q1.0_cabaret_W2_D1.json,300,10,30,0.16666666666666666,0.03330555844847141,0.3000277748848619,0.04571567906171266,0.2975278977159215,0.11184211797423588,tv,0.99,2,20,1.0,2,1,cabaret
sim_results_Ulastfm_pop0_a0.99_N2_C20_CPtop_Q1.0_cabaret_W2_D1.json,400,10,40,0.23333333333333334,0.08198169469496736,0.3846849719716993,0.04571567906171266,0.2975278977159215,0.11184211797423588,tv,0.99,2,20,1.0,2,1,cabaret
sim_results_Ulastfm_pop0_a0.99_N2_C20_CPtop_Q1.0_cabaret_W2_D1.json,500,10,50,0.23333333333333334,0.08198169469496736,0.3846849719716993,0.04571567906171266,0.2975278977159215,0.11184211797423588,tv,0.99,2,20,1.0,2,1,cabaret
sim_results_Ulastfm_pop0_a0.99_N2_C20_CPtop_Q1.0_cabaret_W2_D1.json,600,10,60,0.26666666666666666,0.10842147482583778,0.4249118585074956,0.04571567906171266,0.2975278977159215,0.11184211797423588,tv,0.99,2,20,1.0,2,1,cabaret
sim_results_Ulastfm_pop0_a0.99_N2_C20_CPtop_Q1.0_cabaret_W2_D1.json,700,10,70,0.3,0.1360146347993212,0.4639853652006788,0.04571567906171266,0.2975278977159215,0.11184211797423588,tv,0.99,2,20,1.0,2,1,cabaret
sim_results_Ulastfm_pop0_a0.99_N2_C20_CPtop_Q1.0_cabaret_W2_D1.json,800,10,80,0.2,0.056861838305316575,0.3431381616946835,0.04571567906171266,0.2975278977159215,0.11184211797423588,tv,0.99,2,20,1.0,2,1,cabaret
sim_results_Ulastfm_pop0_a0.99_N2_C20_CPtop_Q1.0_cabaret_W2_D1.json,900,10,90,0.4666666666666667,0.28814201332194833,0.645191320011385,0.04571567906171266,0.2975278977159215,0.11184211797423588,tv,0.99,2,20,1.0,2,1,cabaret
sim_results_Ulastfm_pop0_a0.99_N2_C20_CPtop_Q1.0_cabaret_W2_D1.json,1000,10,100,0.2,0.056861838305316575,0.3431381616946835,0.04571567906171266,0.2975278977159215,0.11184211797423588,tv,0.99,2,20,1.0,2,1,cabaret
sim_results_Ulastfm_pop0_a0.99_N2_C20_CPtop_Q1.0_cabaret_W2_D2.json,100,10,10,0.0,0.0,0.0,0.09901391862564497,0.6079986905745232,0.37483120870988507,tv,0.99,2,20,1.0,2,2,cabaret
sim_results_Ulastfm_pop0_a0.99_N2_C20_CPtop_Q1.0_cabaret_W2_D2.json,200,10,20,0.4,0.2246922705640165,0.5753077294359835,0.09901391862564497,0.6079986905745232,0.37483120870988507,tv,0.99,2,20,1.0,2,2,cabaret
sim_results_Ulastfm_pop0_a0.99_N2_C20_CPtop_Q1.0_cabaret_W2_D2.json,300,10,30,0.8666666666666667,0.7450226200631684,0.988310713270165,0.09901391862564497,0.6079986905745232,0.37483120870988507,tv,0.99,2,20,1.0,2,2,cabaret
sim_results_Ulastfm_pop0_a0.99_N2_C20_CPtop_Q1.0_cabaret_W2_D2.json,400,10,40,0.8333333333333334,0.6999722251151381,0.9666944415515286,0.09901391862564497,0.6079986905745232,0.37483120870988507,tv,0.99,2,20,1.0,2,2,cabaret
sim_results_Ulastfm_pop0_a0.99_N2_C20_CPtop_Q1.0_cabaret_W2_D2.json,500,10,50,0.8666666666666667,0.7450226200631684,0.988310713270165,0.09901391862564497,0.6079986905745232,0.37483120870988507,tv,0.99,2,20,1.0,2,2,cabaret
sim_results_Ulastfm_pop0_a0.99_N2_C20_CPtop_Q1.0_cabaret_W2_D2.json,600,10,60,0.9666666666666667,0.9024314507569886,1.0,0.09901391862564497,0.6079986905745232,0.37483120870988507,tv,0.99,2,20,1.0,2,2,cabaret
sim_results_Ulastfm_pop0_a0.99_N2_C20_CPtop_Q1.0_cabaret_W2_D2.json,700,10,70,1.0,1.0,1.0,0.09901391862564497,0.6079986905745232,0.37483120870988507,tv,0.99,2,20,1.0,2,2,cabaret
sim_results_Ulastfm_pop0_a0.99_N2_C20_CPtop_Q1.0_cabaret_W2_D2.json,800,10,80,1.0,1.0,1.0,0.09901391862564497,0.6079986905745232,0.37483120870988507,tv,0.99,2,20,1.0,2,2,cabaret
sim_results_Ulastfm_pop0_a0.99_N2_C20_CPtop_Q1.0_cabaret_W2_D2.json,900,10,90,1.0,1.0,1.0,0.09901391862564497,0.6079986905745232,0.37483120870988507,tv,0.99,2,20,1.0,2,2,cabaret
sim_results_Ulastfm_pop0_a0.99_N2_C20_CPtop_Q1.0_cabaret_W2_D2.json,1000,10,100,1.0,1.0,1.0,0.09901391862564497,0.6079986905745232,0.37483120870988507,tv,0.99,2,20,1.0,2,2,cabaret
sim_results_Ulastfm_pop0_a0.99_N2_C5_CPtop_Q1.0_cabaret_W1_D2.json,100,10,10,0.03333333333333333,0.0,0.09756854924301145,0.024908346993801796,0.21279063463759632,0.08322844323748749,tv,0.99,2,5,1.0,1,2,cabaret
sim_results_Ulastfm_pop0_a0.99_N2_C5_CPtop_Q1.0_cabaret_W1_D2.json,200,10,20,0.06666666666666667,0.0,0.15592899333902582,0.024908346993801796,0.21279063463759632,0.08322844323748749,tv,0.99,2,5,1.0,1,2,cabaret
sim_results_Ulastfm_pop0_a0.99_N2_C5_CPtop_Q1.0_cabaret_W1_D2.json,300,10,30,0.0,0.0,0.0,0.024908346993801796,0.21279063463759632,0.08322844323748749,tv,0.99,2,5,1.0,1,2,cabaret
sim_results_Ulastfm_pop0_a0.99_N2_C5_CPtop_Q1.0_cabaret_W1_D2.json,400,10,40,0.03333333333333333,0.0,0.09756854924301145,0.024908346993801796,0.21279063463759632,0.08322844323748749,tv,0.99,2,5,1.0,1,2,cabaret
sim_results_Ulastfm_pop0_a0.99_N2_C5_CPtop_Q1.0_cabaret_W1_D2.json,500,10,50,0.13333333333333333,0.011689286729835005,0.25497737993683167,0.024908346993801796,0.21279063463759632,0.08322844323748749,tv,0.99,2,5,1.0,1,2,cabaret
sim_results_Ulastfm_pop0_a0.99_N2_C5_CPtop_Q1.0_cabaret_W1_D2.json,600,10,60,0.03333333333333333,0.0,0.09756854924301145,0.024908346993801796,0.21279063463759632,0.08322844323748749,tv,0.99,2,5,1.0,1,2,cabaret
sim_results_Ulastfm_pop0_a0.99_N2_C5_CPtop_Q1.0_cabaret_W1_D2.json,700,10,70,0.13333333333333333,0.011689286729835005,0.25497737993683167,0.024908346993801796,0.21279063463759632,0.08322844323748749,tv,0.99,2,5,1.0,1,2,cabaret
sim_results_Ulastfm_pop0_a0.99_N2_C5_CPtop_Q1.0_cabaret_W1_D2.json,800,10,80,0.06666666666666667,0.0,0.15592899333902582,0.024908346993801796,0.21279063463759632,0.08322844323748749,tv,0.99,2,5,1.0,1,2,cabaret
sim_results_Ulastfm_pop0_a0.99_N2_C5_CPtop_Q1.0_cabaret_W1_D2.json,900,10,90,0.3333333333333333,0.1646433920318547,0.5020232746348119,0.024908346993801796,0.21279063463759632,0.08322844323748749,tv,0.99,2,5,1.0,1,2,cabaret
sim_results_Ulastfm_pop0_a0.99_N2_C5_CPtop_Q1.0_cabaret_W1_D2.json,1000,10,100,0.23333333333333334,0.08198169469496736,0.3846849719716993,0.024908346993801796,0.21279063463759632,0.08322844323748749,tv,0.99,2,5,1.0,1,2,cabaret
sim_results_Ulastfm_pop0_a0.99_N2_C5_CPtop_Q1.0_cabaret_W2_D1.json,100,10,10,0.03333333333333333,0.0,0.09756854924301145,0.01841588960415216,0.11283604574799518,0.024950160616118107,tv,0.99,2,5,1.0,2,1,cabaret
sim_results_Ulastfm_pop0_a0.99_N2_C5_CPtop_Q1.0_cabaret_W2_D1.json,200,10,20,0.03333333333333333,0.0,0.09756854924301145,0.01841588960415216,0.11283604574799518,0.024950160616118107,tv,0.99,2,5,1.0,2,1,cabaret
sim_results_Ulastfm_pop0_a0.99_N2_C5_CPtop_Q1.0_cabaret_W2_D1.json,300,10,30,0.0,0.0,0.0,0.01841588960415216,0.11283604574799518,0.024950160616118107,tv,0.99,2,5,1.0,2,1,cabaret
sim_results_Ulastfm_pop0_a0.99_N2_C5_CPtop_Q1.0_cabaret_W2_D1.json,400,10,40,0.13333333333333333,0.011689286729835005,0.25497737993683167,0.01841588960415216,0.11283604574799518,0.024950160616118107,tv,0.99,2,5,1.0,2,1,cabaret
sim_results_Ulastfm_pop0_a0.99_N2_C5_CPtop_Q1.0_cabaret_W2_D1.json,500,10,50,0.0,0.0,0.0,0.01841588960415216,0.11283604574799518,0.024950160616118107,tv,0.99,2,5,1.0,2,1,cabaret
sim_results_Ulastfm_pop0_a0.99_N2_C5_CPtop_Q1.0_cabaret_W2_D1.json,600,10,60,0.06666666666666667,0.0,0.15592899333902582,0.01841588960415216,0.11283604574799518,0.024950160616118107,tv,0.99,2,5,1.0,2,1,cabaret
sim_results_Ulastfm_pop0_a0.99_N2_C5_CPtop_Q1.0_cabaret_W2_D1.json,700,10,70,0.06666666666666667,0.0,0.15592899333902582,0.01841588960415216,0.11283604574799518,0.024950160616118107,tv,0.99,2,5,1.0,2,1,cabaret
sim_results_Ulastfm_pop0_a0.99_N2_C5_CPtop_Q1.0_cabaret_W2_D1.json,800,10,80,0.13333333333333333,0.011689286729835005,0.25497737993683167,0.01841588960415216,0.11283604574799518,0.024950160616118107,tv,0.99,2,5,1.0,2,1,cabaret
sim_results_Ulastfm_pop0_a0.99_N2_C5_CPtop_Q1.0_cabaret_W2_D1.json,900,10,90,0.06666666666666667,0.0,0.15592899333902582,0.01841588960415216,0.11283604574799518,0.024950160616118107,tv,0.99,2,5,1.0,2,1,cabaret
sim_results_Ulastfm_pop0_a0.99_N2_C5_CPtop_Q1.0_cabaret_W2_D1.json,1000,10,100,0.0,0.0,0.0,0.01841588960415216,0.11283604574799518,0.024950160616118107,tv,0.99,2,5,1.0,2,1,cabaret
sim_results_Ulastfm_pop0_a0.99_N2_C5_CPtop_Q1.0_cabaret_W2_D2.json,100,10,10,0.0,0.0,0.0,0.07327073688049862,0.42025131167712504,0.24925697023328558,tv,0.99,2,5,1.0,2,2,cabaret
sim_results_Ulastfm_pop0_a0.99_N2_C5_CPtop_Q1.0_cabaret_W2_D2.json,200,10,20,0.16666666666666666,0.03330555844847141,0.3000277748848619,0.07327073688049862,0.42025131167712504,0.24925697023328558,tv,0.99,2,5,1.0,2,2,cabaret
sim_results_Ulastfm_pop0_a0.99_N2_C5_CPtop_Q1.0_cabaret_W2_D2.json,300,10,30,0.4666666666666667,0.28814201332194833,0.645191320011385,0.07327073688049862,0.42025131167712504,0.24925697023328558,tv,0.99,2,5,1.0,2,2,cabaret
sim_results_Ulastfm_pop0_a0.99_N2_C5_CPtop_Q1.0_cabaret_W2_D2.json,400,10,40,0.7333333333333333,0.5750881414925044,0.8915785251741621,0.07327073688049862,0.42025131167712504,0.24925697023328558,tv,0.99,2,5,1.0,2,2,cabaret
sim_results_Ulastfm_pop0_a0.99_N2_C5_CPtop_Q1.0_cabaret_W2_D2.json,500,10,50,0.8,0.6568618383053166,0.9431381616946835,0.07327073688049862,0.42025131167712504,0.24925697023328558,tv,0.99,2,5,1.0,2,2,cabaret
sim_results_Ulastfm_pop0_a0.99_N2_C5_CPtop_Q1.0_cabaret_W2_D2.json,600,10,60,0.8333333333333334,0.6999722251151381,0.9666944415515286,0.07327073688049862,0.42025131167712504,0.24925697023328558,tv,0.99,2,5,1.0,2,2,cabaret
sim_results_Ulastfm_pop0_a0.99_N2_C5_CPtop_Q1.0_cabaret_W2_D2.json,700,10,70,0.8,0.6568618383053166,0.9431381616946835,0.07327073688049862,0.42025131167712504,0.24925697023328558,tv,0.99,2,5,1.0,2,2,cabaret
sim_results_Ulastfm_pop0_a0.99_N2_C5_CPtop_Q1.0_cabaret_W2_D2.json,800,10,80,0.9666666666666667,0.9024314507569886,1.0,0.07327073688049862,0.42025131167712504,0.24925697023328558,tv,0.99,2,5,1.0,2,2,cabaret
sim_results_Ulastfm_pop0_a0.99_N2_C5_CPtop_Q1.0_cabaret_W2_D2.json,900,10,90,0.8666666666666667,0.7450226200631684,0.988310713270165,0.07327073688049862,0.42025131167712504,0.24925697023328558,tv,0.99,2,5,1.0,2,2,cabaret
sim_results_Ulastfm_pop0_a0.99_N2_C5_CPtop_Q1.0_cabaret_W2_D2.json,1000,10,100,1.0,1.0,1.0,0.07327073688049862,0.42025131167712504,0.24925697023328558,tv,0.99,2,5,1.0,2,2,cabaret
sim_results_Ulastfm_pop0_a0.99_N5_C10_CPtop_Q1.0_cabaret_W1_D2.json,100,10,10,0.0,0.0,0.0,0.08397840531291262,0.6504321325619156,0.2731215900490989,tv,0.99,5,10,1.0,1,2,cabaret
sim_results_Ulastfm_pop0_a0.99_N5_C10_CPtop_Q1.0_cabaret_W1_D2.json,200,10,20,0.26666666666666666,0.10842147482583778,0.4249118585074956,0.08397840531291262,0.6504321325619156,0.2731215900490989,tv,0.99,5,10,1.0,1,2,cabaret
sim_results_Ulastfm_pop0_a0.99_N5_C10_CPtop_Q1.0_cabaret_W1_D2.json,300,10,30,0.26666666666666666,0.10842147482583778,0.4249118585074956,0.08397840531291262,0.6504321325619156,0.2731215900490989,tv,0.99,5,10,1.0,1,2,cabaret
sim_results_Ulastfm_pop0_a0.99_N5_C10_CPtop_Q1.0_cabaret_W1_D2.json,400,10,40,0.8333333333333334,0.6999722251151381,0.9666944415515286,0.08397840531291262,0.6504321325619156,0.2731215900490989,tv,0.99,5,10,1.0,1,2,cabaret
sim_results_Ulastfm_pop0_a0.99_N5_C10_CPtop_Q1.0_cabaret_W1_D2.json,500,10,50,0.9333333333333333,0.8440710066609742,1.0,0.08397840531291262,0.6504321325619156,0.2731215900490989,tv,0.99,5,10,1.0,1,2,cabaret
sim_results_Ulastfm_pop0_a0.99_N5_C10_CPtop_Q1.0_cabaret_W1_D2.json,600,10,60,0.9333333333333333,0.8440710066609742,1.0,0.08397840531291262,0.6504321325619156,0.2731215900490989,tv,0.99,5,10,1.0,1,2,cabaret
sim_results_Ulastfm_pop0_a0.99_N5_C10_CPtop_Q1.0_cabaret_W1_D2.json,700,10,70,1.0,1.0,1.0,0.08397840531291262,0.6504321325619156,0.2731215900490989,tv,0.99,5,10,1.0,1,2,cabaret
sim_results_Ulastfm_pop0_a0.99_N5_C10_CPtop_Q1.0_cabaret_W1_D2.json,800,10,80,1.0,1.0,1.0,0.08397840531291262,0.6504321325619156,0.2731215900490989,tv,0.99,5,10,1.0,1,2,cabaret
sim_results_Ulastfm_pop0_a0.99_N5_C10_CPtop_Q1.0_cabaret_W1_D2.json,900,10,90,1.0,1.0,1.0,0.08397840531291262,0.6504321325619156,0.2731215900490989,tv,0.99,5,10,1.0,1,2,cabaret
sim_results_Ulastfm_pop0_a0.99_N5_C10_CPtop_Q1.0_cabaret_W1_D2.json,1000,10,100,1.0,1.0,1.0,0.08397840531291262,0.6504321325619156,0.2731215900490989,tv,0.99,5,10,1.0,1,2,cabaret
sim_results_Ulastfm_pop0_a0.99_N5_C10_CPtop_Q1.0_cabaret_W2_D1.json,100,10,10,0.0,0.0,0.0,0.023996592669845558,0.2759339846909046,0.04499561290884602,tv,0.99,5,10,1.0,2,1,cabaret
sim_results_Ulastfm_pop0_a0.99_N5_C10_CPtop_Q1.0_cabaret_W2_D1.json,200,10,20,0.0,0.0,0.0,0.023996592669845558,0.2759339846909046,0.04499561290884602,tv,0.99,5,10,1.0,2,1,cabaret
sim_results_Ulastfm_pop0_a0.99_N5_C10_CPtop_Q1.0_cabaret_W2_D1.json,300,10,30,0.0,0.0,0.0,0.023996592669845558,0.2759339846909046,0.04499561290884602,tv,0.99,5,10,1.0,2,1,cabaret
sim_results_Ulastfm_pop0_a0.99_N5_C10_CPtop_Q1.0_cabaret_W2_D1.json,400,10,40,0.0,0.0,0.0,0.023996592669845558,0.2759339846909046,0.04499561290884602,tv,0.99,5,10,1.0,2,1,cabaret
sim_results_Ulastfm_pop0_a0.99_N5_C10_CPtop_Q1.0_cabaret_W2_D1.json,500,10,50,0.0,0.0,0.0,0.023996592669845558,0.2759339846909046,0.04499561290884602,tv,0.99,5,10,1.0,2,1,cabaret
sim_results_Ulastfm_pop0_a0.99_N5_C10_CPtop_Q1.0_cabaret_W2_D1.json,600,10,60,0.0,0.0,0.0,0.023996592669845558,0.2759339846909046,0.04499561290884602,tv,0.99,5,10,1.0,2,1,cabaret
sim_results_Ulastfm_pop0_a0.99_N5_C10_CPtop_Q1.0_cabaret_W2_D1.json,700,10,70,0.03333333333333333,0.0,0.09756854924301145,0.023996592669845558,0.2759339846909046,0.04499561290884602,tv,0.99,5,10,1.0,2,1,cabaret
sim_results_Ulastfm_pop0_a0.99_N5_C10_CPtop_Q1.0_cabaret_W2_D1.json,800,10,80,0.03333333333333333,0.0,0.09756854924301145,0.023996592669845558,0.2759339846909046,0.04499561290884602,tv,0.99,5,10,1.0,2,1,cabaret
sim_results_Ulastfm_pop0_a0.99_N5_C10_CPtop_Q1.0_cabaret_W2_D1.json,900,10,90,0.2,0.056861838305316575,0.3431381616946835,0.023996592669845558,0.2759339846909046,0.04499561290884602,tv,0.99,5,10,1.0,2,1,cabaret
sim_results_Ulastfm_pop0_a0.99_N5_C10_CPtop_Q1.0_cabaret_W2_D1.json,1000,10,100,0.1,0.0,0.20735362127101256,0.023996592669845558,0.2759339846909046,0.04499561290884602,tv,0.99,5,10,1.0,2,1,cabaret
sim_results_Ulastfm_pop0_a0.99_N5_C10_CPtop_Q1.0_cabaret_W2_D2.json,100,10,10,0.13333333333333333,0.011689286729835005,0.25497737993683167,0.11852632226625504,0.8094011587488661,0.5700815198990039,tv,0.99,5,10,1.0,2,2,cabaret
sim_results_Ulastfm_pop0_a0.99_N5_C10_CPtop_Q1.0_cabaret_W2_D2.json,200,10,20,0.8666666666666667,0.7450226200631684,0.988310713270165,0.11852632226625504,0.8094011587488661,0.5700815198990039,tv,0.99,5,10,1.0,2,2,cabaret
sim_results_Ulastfm_pop0_a0.99_N5_C10_CPtop_Q1.0_cabaret_W2_D2.json,300,10,30,1.0,1.0,1.0,0.11852632226625504,0.8094011587488661,0.5700815198990039,tv,0.99,5,10,1.0,2,2,cabaret
sim_results_Ulastfm_pop0_a0.99_N5_C10_CPtop_Q1.0_cabaret_W2_D2.json,400,10,40,1.0,1.0,1.0,0.11852632226625504,0.8094011587488661,0.5700815198990039,tv,0.99,5,10,1.0,2,2,cabaret
sim_results_Ulastfm_pop0_a0.99_N5_C10_CPtop_Q1.0_cabaret_W2_D2.json,500,10,50,1.0,1.0,1.0,0.11852632226625504,0.8094011587488661,0.5700815198990039,tv,0.99,5,10,1.0,2,2,cabaret
sim_results_Ulastfm_pop0_a0.99_N5_C10_CPtop_Q1.0_cabaret_W2_D2.json,600,10,60,1.0,1.0,1.0,0.11852632226625504,0.8094011587488661,0.5700815198990039,tv,0.99,5,10,1.0,2,2,cabaret
sim_results_Ulastfm_pop0_a0.99_N5_C10_CPtop_Q1.0_cabaret_W2_D2.json,700,10,70,1.0,1.0,1.0,0.11852632226625504,0.8094011587488661,0.5700815198990039,tv,0.99,5,10,1.0,2,2,cabaret
sim_results_Ulastfm_pop0_a0.99_N5_C10_CPtop_Q1.0_cabaret_W2_D2.json,800,10,80,1.0,1.0,1.0,0.11852632226625504,0.8094011587488661,0.5700815198990039,tv,0.99,5,10,1.0,2,2,cabaret
sim_results_Ulastfm_pop0_a0.99_N5_C10_CPtop_Q1.0_cabaret_W2_D2.json,900,10,90,1.0,1.0,1.0,0.11852632226625504,0.8094011587488661,0.5700815198990039,tv,0.99,5,10,1.0,2,2,cabaret
sim_results_Ulastfm_pop0_a0.99_N5_C10_CPtop_Q1.0_cabaret_W2_D2.json,1000,10,100,1.0,1.0,1.0,0.11852632226625504,0.8094011587488661,0.5700815198990039,tv,0.99,5,10,1.0,2,2,cabaret
sim_results_Ulastfm_pop0_a0.99_N5_C20_CPtop_Q1.0_cabaret_W1_D2.json,100,10,10,0.0,0.0,0.0,0.0820993639379645,0.7124157741921224,0.37615967405542133,tv,0.99,5,20,1.0,1,2,cabaret
sim_results_Ulastfm_pop0_a0.99_N5_C20_CPtop_Q1.0_cabaret_W1_D2.json,200,10,20,0.1,0.0,0.20735362127101256,0.0820993639379645,0.7124157741921224,0.37615967405542133,tv,0.99,5,20,1.0,1,2,cabaret
sim_results_Ulastfm_pop0_a0.99_N5_C20_CPtop_Q1.0_cabaret_W1_D2.json,300,10,30,0.8333333333333334,0.6999722251151381,0.9666944415515286,0.0820993639379645,0.7124157741921224,0.37615967405542133,tv,0.99,5,20,1.0,1,2,cabaret
sim_results_Ulastfm_pop0_a0.99_N5_C20_CPtop_Q1.0_cabaret_W1_D2.json,400,10,40,0.9666666666666667,0.9024314507569886,1.0,0.0820993639379645,0.7124157741921224,0.37615967405542133,tv,0.99,5,20,1.0,1,2,cabaret
sim_results_Ulastfm_pop0_a0.99_N5_C20_CPtop_Q1.0_cabaret_W1_D2.json,500,10,50,0.9666666666666667,0.9024314507569886,1.0,0.0820993639379645,0.7124157741921224,0.37615967405542133,tv,0.99,5,20,1.0,1,2,cabaret
sim_results_Ulastfm_pop0_a0.99_N5_C20_CPtop_Q1.0_cabaret_W1_D2.json,600,10,60,1.0,1.0,1.0,0.0820993639379645,0.7124157741921224,0.37615967405542133,tv,0.99,5,20,1.0,1,2,cabaret
sim_results_Ulastfm_pop0_a0.99_N5_C20_CPtop_Q1.0_cabaret_W1_D2.json,700,10,70,1.0,1.0,1.0,0.0820993639379645,0.7124157741921224,0.37615967405542133,tv,0.99,5,20,1.0,1,2,cabaret
sim_results_Ulastfm_pop0_a0.99_N5_C20_CPtop_Q1.0_cabaret_W1_D2.json,800,10,80,1.0,1.0,1.0,0.0820993639379645,0.7124157741921224,0.37615967405542133,tv,0.99,5,20,1.0,1,2,cabaret
sim_results_Ulastfm_pop0_a0.99_N5_C20_CPtop_Q1.0_cabaret_W1_D2.json,900,10,90,1.0,1.0,1.0,0.0820993639379645,0.7124157741921224,0.37615967405542133,tv,0.99,5,20,1.0,1,2,cabaret
sim_results_Ulastfm_pop0_a0.99_N5_C20_CPtop_Q1.0_cabaret_W1_D2.json,1000,10,100,1.0,1.0,1.0,0.0820993639379645,0.7124157741921224,0.37615967405542133,tv,0.99,5,20,1.0,1,2,cabaret
sim_results_Ulastfm_pop0_a0.99_N5_C20_CPtop_Q1.0_cabaret_W2_D1.json,100,10,10,0.03333333333333333,0.0,0.09756854924301145,0.042257679078877994,0.37297008567191436,0.08178005273971789,tv,0.99,5,20,1.0,2,1,cabaret
sim_results_Ulastfm_pop0_a0.99_N5_C20_CPtop_Q1.0_cabaret_W2_D1.json,200,10,20,0.0,0.0,0.0,0.042257679078877994,0.37297008567191436,0.08178005273971789,tv,0.99,5,20,1.0,2,1,cabaret
sim_results_Ulastfm_pop0_a0.99_N5_C20_CPtop_Q1.0_cabaret_W2_D1.json,300,10,30,0.0,0.0,0.0,0.042257679078877994,0.37297008567191436,0.08178005273971789,tv,0.99,5,20,1.0,2,1,cabaret
sim_results_Ulastfm_pop0_a0.99_N5_C20_CPtop_Q1.0_cabaret_W2_D1.json,400,10,40,0.1,0.0,0.20735362127101256,0.042257679078877994,0.37297008567191436,0.08178005273971789,tv,0.99,5,20,1.0,2,1,cabaret
sim_results_Ulastfm_pop0_a0.99_N5_C20_CPtop_Q1.0_cabaret_W2_D1.json,500,10,50,0.1,0.0,0.20735362127101256,0.042257679078877994,0.37297008567191436,0.08178005273971789,tv,0.99,5,20,1.0,2,1,cabaret
sim_results_Ulastfm_pop0_a0.99_N5_C20_CPtop_Q1.0_cabaret_W2_D1.json,600,10,60,0.1,0.0,0.20735362127101256,0.042257679078877994,0.37297008567191436,0.08178005273971789,tv,0.99,5,20,1.0,2,1,cabaret
sim_results_Ulastfm_pop0_a0.99_N5_C20_CPtop_Q1.0_cabaret_W2_D1.json,700,10,70,0.23333333333333334,0.08198169469496736,0.3846849719716993,0.042257679078877994,0.37297008567191436,0.08178005273971789,tv,0.99,5,20,1.0,2,1,cabaret
sim_results_Ulastfm_pop0_a0.99_N5_C20_CPtop_Q1.0_cabaret_W2_D1.json,800,10,80,0.4,0.2246922705640165,0.5753077294359835,0.042257679078877994,0.37297008567191436,0.08178005273971789,tv,0.99,5,20,1.0,2,1,cabaret
sim_results_Ulastfm_pop0_a0.99_N5_C20_CPtop_Q1.0_cabaret_W2_D1.json,900,10,90,0.6,0.4246922705640165,0.7753077294359835,0.042257679078877994,0.37297008567191436,0.08178005273971789,tv,0.99,5,20,1.0,2,1,cabaret
sim_results_Ulastfm_pop0_a0.99_N5_C20_CPtop_Q1.0_cabaret_W2_D1.json,1000,10,100,0.5333333333333333,0.354808679988615,0.7118579866780517,0.042257679078877994,0.37297008567191436,0.08178005273971789,tv,0.99,5,20,1.0,2,1,cabaret
sim_results_Ulastfm_pop0_a0.99_N5_C20_CPtop_Q1.0_cabaret_W2_D2.json,100,10,10,0.0,0.0,0.0,0.12226269498847193,0.8435036388455094,0.6089114372763628,tv,0.99,5,20,1.0,2,2,cabaret
sim_results_Ulastfm_pop0_a0.99_N5_C20_CPtop_Q1.0_cabaret_W2_D2.json,200,10,20,0.8333333333333334,0.6999722251151381,0.9666944415515286,0.12226269498847193,0.8435036388455094,0.6089114372763628,tv,0.99,5,20,1.0,2,2,cabaret
sim_results_Ulastfm_pop0_a0.99_N5_C20_CPtop_Q1.0_cabaret_W2_D2.json,300,10,30,1.0,1.0,1.0,0.12226269498847193,0.8435036388455094,0.6089114372763628,tv,0.99,5,20,1.0,2,2,cabaret
sim_results_Ulastfm_pop0_a0.99_N5_C20_CPtop_Q1.0_cabaret_W2_D2.json,400,10,40,1.0,1.0,1.0,0.12226269498847193,0.8435036388455094,0.6089114372763628,tv,0.99,5,20,1.0,2,2,cabaret
sim_results_Ulastfm_pop0_a0.99_N5_C20_CPtop_Q1.0_cabaret_W2_D2.json,500,10,50,1.0,1.0,1.0,0.12226269498847193,0.8435036388455094,0.6089114372763628,tv,0.99,5,20,1.0,2,2,cabaret
sim_results_Ulastfm_pop0_a0.99_N5_C20_CPtop_Q1.0_cabaret_W2_D2.json,600,10,60,1.0,1.0,1.0,0.12226269498847193,0.8435036388455094,0.6089114372763628,tv,0.99,5,20,1.0,2,2,cabaret
sim_results_Ulastfm_pop0_a0.99_N5_C20_CPtop_Q1.0_cabaret_W2_D2.json,700,10,70,1.0,1.0,1.0,0.12226269498847193,0.8435036388455094,0.6089114372763628,tv,0.99,5,20,1.0,2,2,cabaret
sim_results_Ulastfm_pop0_a0.99_N5_C20_CPtop_Q1.0_cabaret_W2_D2.json,800,10,80,1.0,1.0,1.0,0.12226269498847193,0.8435036388455094,0.6089114372763628,tv,0.99,5,20,1.0,2,2,cabaret
sim_results_Ulastfm_pop0_a0.99_N5_C20_CPtop_Q1.0_cabaret_W2_D2.json,900,10,90,1.0,1.0,1.0,0.12226269498847193,0.8435036388455094,0.6089114372763628,tv,0.99,5,20,1.0,2,2,cabaret
sim_results_Ulastfm_pop0_a0.99_N5_C20_CPtop_Q1.0_cabaret_W2_D2.json,1000,10,100,1.0,1.0,1.0,0.12226269498847193,0.8435036388455094,0.6089114372763628,tv,0.99,5,20,1.0,2,2,cabaret
sim_results_Ulastfm_pop0_a0.99_N5_C5_CPtop_Q1.0_cabaret_W1_D2.json,100,10,10,0.0,0.0,0.0,0.06806065331478227,0.520492610282288,0.16695535780007517,tv,0.99,5,5,1.0,1,2,cabaret
sim_results_Ulastfm_pop0_a0.99_N5_C5_CPtop_Q1.0_cabaret_W1_D2.json,200,10,20,0.0,0.0,0.0,0.06806065331478227,0.520492610282288,0.16695535780007517,tv,0.99,5,5,1.0,1,2,cabaret
sim_results_Ulastfm_pop0_a0.99_N5_C5_CPtop_Q1.0_cabaret_W1_D2.json,300,10,30,0.03333333333333333,0.0,0.09756854924301145,0.06806065331478227,0.520492610282288,0.16695535780007517,tv,0.99,5,5,1.0,1,2,cabaret
sim_results_Ulastfm_pop0_a0.99_N5_C5_CPtop_Q1.0_cabaret_W1_D2.json,400,10,40,0.13333333333333333,0.011689286729835005,0.25497737993683167,0.06806065331478227,0.520492610282288,0.16695535780007517,tv,0.99,5,5,1.0,1,2,cabaret
sim_results_Ulastfm_pop0_a0.99_N5_C5_CPtop_Q1.0_cabaret_W1_D2.json,500,10,50,0.36666666666666664,0.19422296678282158,0.5391103665505117,0.06806065331478227,0.520492610282288,0.16695535780007517,tv,0.99,5,5,1.0,1,2,cabaret
sim_results_Ulastfm_pop0_a0.99_N5_C5_CPtop_Q1.0_cabaret_W1_D2.json,600,10,60,0.7666666666666667,0.6153150280283007,0.9180183053050327,0.06806065331478227,0.520492610282288,0.16695535780007517,tv,0.99,5,5,1.0,1,2,cabaret
sim_results_Ulastfm_pop0_a0.99_N5_C5_CPtop_Q1.0_cabaret_W1_D2.json,700,10,70,0.9,0.7926463787289875,1.0,0.06806065331478227,0.520492610282288,0.16695535780007517,tv,0.99,5,5,1.0,1,2,cabaret
sim_results_Ulastfm_pop0_a0.99_N5_C5_CPtop_Q1.0_cabaret_W1_D2.json,800,10,80,1.0,1.0,1.0,0.06806065331478227,0.520492610282288,0.16695535780007517,tv,0.99,5,5,1.0,1,2,cabaret
sim_results_Ulastfm_pop0_a0.99_N5_C5_CPtop_Q1.0_cabaret_W1_D2.json,900,10,90,0.9333333333333333,0.8440710066609742,1.0,0.06806065331478227,0.520492610282288,0.16695535780007517,tv,0.99,5,5,1.0,1,2,cabaret
sim_results_Ulastfm_pop0_a0.99_N5_C5_CPtop_Q1.0_cabaret_W1_D2.json,1000,10,100,1.0,1.0,1.0,0.06806065331478227,0.520492610282288,0.16695535780007517,tv,0.99,5,5,1.0,1,2,cabaret
sim_results_Ulastfm_pop0_a0.99_N5_C5_CPtop_Q1.0_cabaret_W2_D1.json,100,10,10,0.0,0.0,0.0,0.02675914120315824,0.26705447735764987,0.041709228477891276,tv,0.99,5,5,1.0,2,1,cabaret
sim_results_Ulastfm_pop0_a0.99_N5_C5_CPtop_Q1.0_cabaret_W2_D1.json,200,10,20,0.0,0.0,0.0,0.02675914120315824,0.26705447735764987,0.041709228477891276,tv,0.99,5,5,1.0,2,1,cabaret
sim_results_Ulastfm_pop0_a0.99_N5_C5_CPtop_Q1.0_cabaret_W2_D1.json,300,10,30,0.0,0.0,0.0,0.02675914120315824,0.26705447735764987,0.041709228477891276,tv,0.99,5,5,1.0,2,1,cabaret
sim_results_Ulastfm_pop0_a0.99_N5_C5_CPtop_Q1.0_cabaret_W2_D1.json,400,10,40,0.0,0.0,0.0,0.02675914120315824,0.26705447735764987,0.041709228477891276,tv,0.99,5,5,1.0,2,1,cabaret
sim_results_Ulastfm_pop0_a0.99_N5_C5_CPtop_Q1.0_cabaret_W2_D1.json,500,10,50,0.0,0.0,0.0,0.02675914120315824,0.26705447735764987,0.041709228477891276,tv,0.99,5,5,1.0,2,1,cabaret
sim_results_Ulastfm_pop0_a0.99_N5_C5_CPtop_Q1.0_cabaret_W2_D1.json,600,10,60,0.0,0.0,0.0,0.02675914120315824,0.26705447735764987,0.041709228477891276,tv,0.99,5,5,1.0,2,1,cabaret
sim_results_Ulastfm_pop0_a0.99_N5_C5_CPtop_Q1.0_cabaret_W2_D1.json,700,10,70,0.0,0.0,0.0,0.02675914120315824,0.26705447735764987,0.041709228477891276,tv,0.99,5,5,1.0,2,1,cabaret
sim_results_Ulastfm_pop0_a0.99_N5_C5_CPtop_Q1.0_cabaret_W2_D1.json,800,10,80,0.0,0.0,0.0,0.02675914120315824,0.26705447735764987,0.041709228477891276,tv,0.99,5,5,1.0,2,1,cabaret
sim_results_Ulastfm_pop0_a0.99_N5_C5_CPtop_Q1.0_cabaret_W2_D1.json,900,10,90,0.0,0.0,0.0,0.02675914120315824,0.26705447735764987,0.041709228477891276,tv,0.99,5,5,1.0,2,1,cabaret
sim_results_Ulastfm_pop0_a0.99_N5_C5_CPtop_Q1.0_cabaret_W2_D1.json,1000,10,100,0.03333333333333333,0.0,0.09756854924301145,0.02675914120315824,0.26705447735764987,0.041709228477891276,tv,0.99,5,5,1.0,2,1,cabaret
sim_results_Ulastfm_pop0_a0.99_N5_C5_CPtop_Q1.0_cabaret_W2_D2.json,100,10,10,0.1,0.0,0.20735362127101256,0.15218776881704982,0.8513740943606407,0.5665400756817529,tv,0.99,5,5,1.0,2,2,cabaret
sim_results_Ulastfm_pop0_a0.99_N5_C5_CPtop_Q1.0_cabaret_W2_D2.json,200,10,20,1.0,1.0,1.0,0.15218776881704982,0.8513740943606407,0.5665400756817529,tv,0.99,5,5,1.0,2,2,cabaret
sim_results_Ulastfm_pop0_a0.99_N5_C5_CPtop_Q1.0_cabaret_W2_D2.json,300,10,30,1.0,1.0,1.0,0.15218776881704982,0.8513740943606407,0.5665400756817529,tv,0.99,5,5,1.0,2,2,cabaret
sim_results_Ulastfm_pop0_a0.99_N5_C5_CPtop_Q1.0_cabaret_W2_D2.json,400,10,40,1.0,1.0,1.0,0.15218776881704982,0.8513740943606407,0.5665400756817529,tv,0.99,5,5,1.0,2,2,cabaret
sim_results_Ulastfm_pop0_a0.99_N5_C5_CPtop_Q1.0_cabaret_W2_D2.json,500,10,50,1.0,1.0,1.0,0.15218776881704982,0.8513740943606407,0.5665400756817529,tv,0.99,5,5,1.0,2,2,cabaret
sim_results_Ulastfm_pop0_a0.99_N5_C5_CPtop_Q1.0_cabaret_W2_D2.json,600,10,60,1.0,1.0,1.0,0.15218776881704982,0.8513740943606407,0.5665400756817529,tv,0.99,5,5,1.0,2,2,cabaret
sim_results_Ulastfm_pop0_a0.99_N5_C5_CPtop_Q1.0_cabaret_W2_D2.json,700,10,70,1.0,1.0,1.0,0.15218776881704982,0.8513740943606407,0.5665400756817529,tv,0.99,5,5,1.0,2,2,cabaret
sim_results_Ulastfm_pop0_a0.99_N5_C5_CPtop_Q1.0_cabaret_W2_D2.json,800,10,80,1.0,1.0,1.0,0.15218776881704982,0.8513740943606407,0.5665400756817529,tv,0.99,5,5,1.0,2,2,cabaret
sim_results_Ulastfm_pop0_a0.99_N5_C5_CPtop_Q1.0_cabaret_W2_D2.json,900,10,90,1.0,1.0,1.0,0.15218776881704982,0.8513740943606407,0.5665400756817529,tv,0.99,5,5,1.0,2,2,cabaret
sim_results_Ulastfm_pop0_a0.99_N5_C5_CPtop_Q1.0_cabaret_W2_D2.json,1000,10,100,1.0,1.0,1.0,0.15218776881704982,0.8513740943606407,0.5665400756817529,tv,0.99,5,5,1.0,2,2,cabaret
sim_results_Ulastfm_pop1_a0.5_N10_C10_CPtop_Q1.0_cabaret_W1_D2.json,100,10,10,0.0,0.0,0.0,0.03175887100849044,0.15696915409502324,0.02679848237522139,tv,0.5,10,10,1.0,1,2,cabaret
sim_results_Ulastfm_pop1_a0.5_N10_C10_CPtop_Q1.0_cabaret_W1_D2.json,200,10,20,0.13333333333333333,0.011689286729835005,0.25497737993683167,0.03175887100849044,0.15696915409502324,0.02679848237522139,tv,0.5,10,10,1.0,1,2,cabaret
sim_results_Ulastfm_pop1_a0.5_N10_C10_CPtop_Q1.0_cabaret_W1_D2.json,300,10,30,0.3333333333333333,0.1646433920318547,0.5020232746348119,0.03175887100849044,0.15696915409502324,0.02679848237522139,tv,0.5,10,10,1.0,1,2,cabaret
sim_results_Ulastfm_pop1_a0.5_N10_C10_CPtop_Q1.0_cabaret_W1_D2.json,400,10,40,0.6333333333333333,0.46088963344948825,0.8057770332171783,0.03175887100849044,0.15696915409502324,0.02679848237522139,tv,0.5,10,10,1.0,1,2,cabaret
sim_results_Ulastfm_pop1_a0.5_N10_C10_CPtop_Q1.0_cabaret_W1_D2.json,500,10,50,0.5666666666666667,0.389341520656837,0.7439918126764963,0.03175887100849044,0.15696915409502324,0.02679848237522139,tv,0.5,10,10,1.0,1,2,cabaret
sim_results_Ulastfm_pop1_a0.5_N10_C10_CPtop_Q1.0_cabaret_W1_D2.json,600,10,60,0.7666666666666667,0.6153150280283007,0.9180183053050327,0.03175887100849044,0.15696915409502324,0.02679848237522139,tv,0.5,10,10,1.0,1,2,cabaret
sim_results_Ulastfm_pop1_a0.5_N10_C10_CPtop_Q1.0_cabaret_W1_D2.json,700,10,70,0.6666666666666666,0.497976725365188,0.8353566079681453,0.03175887100849044,0.15696915409502324,0.02679848237522139,tv,0.5,10,10,1.0,1,2,cabaret
sim_results_Ulastfm_pop1_a0.5_N10_C10_CPtop_Q1.0_cabaret_W1_D2.json,800,10,80,0.9666666666666667,0.9024314507569886,1.0,0.03175887100849044,0.15696915409502324,0.02679848237522139,tv,0.5,10,10,1.0,1,2,cabaret
sim_results_Ulastfm_pop1_a0.5_N10_C10_CPtop_Q1.0_cabaret_W1_D2.json,900,10,90,0.8666666666666667,0.7450226200631684,0.988310713270165,0.03175887100849044,0.15696915409502324,0.02679848237522139,tv,0.5,10,10,1.0,1,2,cabaret
sim_results_Ulastfm_pop1_a0.5_N10_C10_CPtop_Q1.0_cabaret_W1_D2.json,1000,10,100,0.9333333333333333,0.8440710066609742,1.0,0.03175887100849044,0.15696915409502324,0.02679848237522139,tv,0.5,10,10,1.0,1,2,cabaret
sim_results_Ulastfm_pop1_a0.5_N10_C10_CPtop_Q1.0_cabaret_W2_D1.json,100,10,10,0.03333333333333333,0.0,0.09756854924301145,0.023565319860936348,0.08131455768277532,0.010405286094698046,tv,0.5,10,10,1.0,2,1,cabaret
sim_results_Ulastfm_pop1_a0.5_N10_C10_CPtop_Q1.0_cabaret_W2_D1.json,200,10,20,0.03333333333333333,0.0,0.09756854924301145,0.023565319860936348,0.08131455768277532,0.010405286094698046,tv,0.5,10,10,1.0,2,1,cabaret
sim_results_Ulastfm_pop1_a0.5_N10_C10_CPtop_Q1.0_cabaret_W2_D1.json,300,10,30,0.03333333333333333,0.0,0.09756854924301145,0.023565319860936348,0.08131455768277532,0.010405286094698046,tv,0.5,10,10,1.0,2,1,cabaret
sim_results_Ulastfm_pop1_a0.5_N10_C10_CPtop_Q1.0_cabaret_W2_D1.json,400,10,40,0.13333333333333333,0.011689286729835005,0.25497737993683167,0.023565319860936348,0.08131455768277532,0.010405286094698046,tv,0.5,10,10,1.0,2,1,cabaret
sim_results_Ulastfm_pop1_a0.5_N10_C10_CPtop_Q1.0_cabaret_W2_D1.json,500,10,50,0.1,0.0,0.20735362127101256,0.023565319860936348,0.08131455768277532,0.010405286094698046,tv,0.5,10,10,1.0,2,1,cabaret
sim_results_Ulastfm_pop1_a0.5_N10_C10_CPtop_Q1.0_cabaret_W2_D1.json,600,10,60,0.06666666666666667,0.0,0.15592899333902582,0.023565319860936348,0.08131455768277532,0.010405286094698046,tv,0.5,10,10,1.0,2,1,cabaret
sim_results_Ulastfm_pop1_a0.5_N10_C10_CPtop_Q1.0_cabaret_W2_D1.json,700,10,70,0.16666666666666666,0.03330555844847141,0.3000277748848619,0.023565319860936348,0.08131455768277532,0.010405286094698046,tv,0.5,10,10,1.0,2,1,cabaret
sim_results_Ulastfm_pop1_a0.5_N10_C10_CPtop_Q1.0_cabaret_W2_D1.json,800,10,80,0.3,0.1360146347993212,0.4639853652006788,0.023565319860936348,0.08131455768277532,0.010405286094698046,tv,0.5,10,10,1.0,2,1,cabaret
sim_results_Ulastfm_pop1_a0.5_N10_C10_CPtop_Q1.0_cabaret_W2_D1.json,900,10,90,0.36666666666666664,0.19422296678282158,0.5391103665505117,0.023565319860936348,0.08131455768277532,0.010405286094698046,tv,0.5,10,10,1.0,2,1,cabaret
sim_results_Ulastfm_pop1_a0.5_N10_C10_CPtop_Q1.0_cabaret_W2_D1.json,1000,10,100,0.4666666666666667,0.28814201332194833,0.645191320011385,0.023565319860936348,0.08131455768277532,0.010405286094698046,tv,0.5,10,10,1.0,2,1,cabaret
sim_results_Ulastfm_pop1_a0.5_N10_C10_CPtop_Q1.0_cabaret_W2_D2.json,100,10,10,0.0,0.0,0.0,0.03608487349798538,0.19592432843341412,0.04132377630228254,tv,0.5,10,10,1.0,2,2,cabaret
sim_results_Ulastfm_pop1_a0.5_N10_C10_CPtop_Q1.0_cabaret_W2_D2.json,200,10,20,0.36666666666666664,0.19422296678282158,0.5391103665505117,0.03608487349798538,0.19592432843341412,0.04132377630228254,tv,0.5,10,10,1.0,2,2,cabaret
sim_results_Ulastfm_pop1_a0.5_N10_C10_CPtop_Q1.0_cabaret_W2_D2.json,300,10,30,0.4,0.2246922705640165,0.5753077294359835,0.03608487349798538,0.19592432843341412,0.04132377630228254,tv,0.5,10,10,1.0,2,2,cabaret
sim_results_Ulastfm_pop1_a0.5_N10_C10_CPtop_Q1.0_cabaret_W2_D2.json,400,10,40,0.9333333333333333,0.8440710066609742,1.0,0.03608487349798538,0.19592432843341412,0.04132377630228254,tv,0.5,10,10,1.0,2,2,cabaret
sim_results_Ulastfm_pop1_a0.5_N10_C10_CPtop_Q1.0_cabaret_W2_D2.json,500,10,50,0.9,0.7926463787289875,1.0,0.03608487349798538,0.19592432843341412,0.04132377630228254,tv,0.5,10,10,1.0,2,2,cabaret
sim_results_Ulastfm_pop1_a0.5_N10_C10_CPtop_Q1.0_cabaret_W2_D2.json,600,10,60,0.9333333333333333,0.8440710066609742,1.0,0.03608487349798538,0.19592432843341412,0.04132377630228254,tv,0.5,10,10,1.0,2,2,cabaret
sim_results_Ulastfm_pop1_a0.5_N10_C10_CPtop_Q1.0_cabaret_W2_D2.json,700,10,70,1.0,1.0,1.0,0.03608487349798538,0.19592432843341412,0.04132377630228254,tv,0.5,10,10,1.0,2,2,cabaret
sim_results_Ulastfm_pop1_a0.5_N10_C10_CPtop_Q1.0_cabaret_W2_D2.json,800,10,80,1.0,1.0,1.0,0.03608487349798538,0.19592432843341412,0.04132377630228254,tv,0.5,10,10,1.0,2,2,cabaret
sim_results_Ulastfm_pop1_a0.5_N10_C10_CPtop_Q1.0_cabaret_W2_D2.json,900,10,90,0.9666666666666667,0.9024314507569886,1.0,0.03608487349798538,0.19592432843341412,0.04132377630228254,tv,0.5,10,10,1.0,2,2,cabaret
sim_results_Ulastfm_pop1_a0.5_N10_C10_CPtop_Q1.0_cabaret_W2_D2.json,1000,10,100,1.0,1.0,1.0,0.03608487349798538,0.19592432843341412,0.04132377630228254,tv,0.5,10,10,1.0,2,2,cabaret
sim_results_Ulastfm_pop1_a0.5_N10_C20_CPtop_Q1.0_cabaret_W1_D2.json,100,10,10,0.0,0.0,0.0,0.03462627546412874,0.27714714947071156,0.0768466425661364,tv,0.5,10,20,1.0,1,2,cabaret
sim_results_Ulastfm_pop1_a0.5_N10_C20_CPtop_Q1.0_cabaret_W1_D2.json,200,10,20,0.1,0.0,0.20735362127101256,0.03462627546412874,0.27714714947071156,0.0768466425661364,tv,0.5,10,20,1.0,1,2,cabaret
sim_results_Ulastfm_pop1_a0.5_N10_C20_CPtop_Q1.0_cabaret_W1_D2.json,300,10,30,0.6,0.4246922705640165,0.7753077294359835,0.03462627546412874,0.27714714947071156,0.0768466425661364,tv,0.5,10,20,1.0,1,2,cabaret
sim_results_Ulastfm_pop1_a0.5_N10_C20_CPtop_Q1.0_cabaret_W1_D2.json,400,10,40,1.0,1.0,1.0,0.03462627546412874,0.27714714947071156,0.0768466425661364,tv,0.5,10,20,1.0,1,2,cabaret
sim_results_Ulastfm_pop1_a0.5_N10_C20_CPtop_Q1.0_cabaret_W1_D2.json,500,10,50,1.0,1.0,1.0,0.03462627546412874,0.27714714947071156,0.0768466425661364,tv,0.5,10,20,1.0,1,2,cabaret
sim_results_Ulastfm_pop1_a0.5_N10_C20_CPtop_Q1.0_cabaret_W1_D2.json,600,10,60,1.0,1.0,1.0,0.03462627546412874,0.27714714947071156,0.0768466425661364,tv,0.5,10,20,1.0,1,2,cabaret
sim_results_Ulastfm_pop1_a0.5_N10_C20_CPtop_Q1.0_cabaret_W1_D2.json,700,10,70,1.0,1.0,1.0,0.03462627546412874,0.27714714947071156,0.0768466425661364,tv,0.5,10,20,1.0,1,2,cabaret
sim_results_Ulastfm_pop1_a0.5_N10_C20_CPtop_Q1.0_cabaret_W1_D2.json,800,10,80,1.0,1.0,1.0,0.03462627546412874,0.27714714947071156,0.0768466425661364,tv,0.5,10,20,1.0,1,2,cabaret
sim_results_Ulastfm_pop1_a0.5_N10_C20_CPtop_Q1.0_cabaret_W1_D2.json,900,10,90,1.0,1.0,1.0,0.03462627546412874,0.27714714947071156,0.0768466425661364,tv,0.5,10,20,1.0,1,2,cabaret
sim_results_Ulastfm_pop1_a0.5_N10_C20_CPtop_Q1.0_cabaret_W1_D2.json,1000,10,100,1.0,1.0,1.0,0.03462627546412874,0.27714714947071156,0.0768466425661364,tv,0.5,10,20,1.0,1,2,cabaret
sim_results_Ulastfm_pop1_a0.5_N10_C20_CPtop_Q1.0_cabaret_W2_D1.json,100,10,10,0.03333333333333333,0.0,0.09756854924301145,0.03656373699514342,0.19749863275177507,0.04546190932194046,tv,0.5,10,20,1.0,2,1,cabaret
sim_results_Ulastfm_pop1_a0.5_N10_C20_CPtop_Q1.0_cabaret_W2_D1.json,200,10,20,0.16666666666666666,0.03330555844847141,0.3000277748848619,0.03656373699514342,0.19749863275177507,0.04546190932194046,tv,0.5,10,20,1.0,2,1,cabaret
sim_results_Ulastfm_pop1_a0.5_N10_C20_CPtop_Q1.0_cabaret_W2_D1.json,300,10,30,0.16666666666666666,0.03330555844847141,0.3000277748848619,0.03656373699514342,0.19749863275177507,0.04546190932194046,tv,0.5,10,20,1.0,2,1,cabaret
sim_results_Ulastfm_pop1_a0.5_N10_C20_CPtop_Q1.0_cabaret_W2_D1.json,400,10,40,0.7666666666666667,0.6153150280283007,0.9180183053050327,0.03656373699514342,0.19749863275177507,0.04546190932194046,tv,0.5,10,20,1.0,2,1,cabaret
sim_results_Ulastfm_pop1_a0.5_N10_C20_CPtop_Q1.0_cabaret_W2_D1.json,500,10,50,0.9,0.7926463787289875,1.0,0.03656373699514342,0.19749863275177507,0.04546190932194046,tv,0.5,10,20,1.0,2,1,cabaret
sim_results_Ulastfm_pop1_a0.5_N10_C20_CPtop_Q1.0_cabaret_W2_D1.json,600,10,60,0.7666666666666667,0.6153150280283007,0.9180183053050327,0.03656373699514342,0.19749863275177507,0.04546190932194046,tv,0.5,10,20,1.0,2,1,cabaret
sim_results_Ulastfm_pop1_a0.5_N10_C20_CPtop_Q1.0_cabaret_W2_D1.json,700,10,70,1.0,1.0,1.0,0.03656373699514342,0.19749863275177507,0.04546190932194046,tv,0.5,10,20,1.0,2,1,cabaret
sim_results_Ulastfm_pop1_a0.5_N10_C20_CPtop_Q1.0_cabaret_W2_D1.json,800,10,80,1.0,1.0,1.0,0.03656373699514342,0.19749863275177507,0.04546190932194046,tv,0.5,10,20,1.0,2,1,cabaret
sim_results_Ulastfm_pop1_a0.5_N10_C20_CPtop_Q1.0_cabaret_W2_D1.json,900,10,90,1.0,1.0,1.0,0.03656373699514342,0.19749863275177507,0.04546190932194046,tv,0.5,10,20,1.0,2,1,cabaret
sim_results_Ulastfm_pop1_a0.5_N10_C20_CPtop_Q1.0_cabaret_W2_D1.json,1000,10,100,1.0,1.0,1.0,0.03656373699514342,0.19749863275177507,0.04546190932194046,tv,0.5,10,20,1.0,2,1,cabaret
sim_results_Ulastfm_pop1_a0.5_N10_C20_CPtop_Q1.0_cabaret_W2_D2.json,100,10,10,0.03333333333333333,0.0,0.09756854924301145,0.04390367382549816,0.34448477376137376,0.11432169477719499,tv,0.5,10,20,1.0,2,2,cabaret
sim_results_Ulastfm_pop1_a0.5_N10_C20_CPtop_Q1.0_cabaret_W2_D2.json,200,10,20,0.3333333333333333,0.1646433920318547,0.5020232746348119,0.04390367382549816,0.34448477376137376,0.11432169477719499,tv,0.5,10,20,1.0,2,2,cabaret
sim_results_Ulastfm_pop1_a0.5_N10_C20_CPtop_Q1.0_cabaret_W2_D2.json,300,10,30,0.9,0.7926463787289875,1.0,0.04390367382549816,0.34448477376137376,0.11432169477719499,tv,0.5,10,20,1.0,2,2,cabaret
sim_results_Ulastfm_pop1_a0.5_N10_C20_CPtop_Q1.0_cabaret_W2_D2.json,400,10,40,1.0,1.0,1.0,0.04390367382549816,0.34448477376137376,0.11432169477719499,tv,0.5,10,20,1.0,2,2,cabaret
sim_results_Ulastfm_pop1_a0.5_N10_C20_CPtop_Q1.0_cabaret_W2_D2.json,500,10,50,1.0,1.0,1.0,0.04390367382549816,0.34448477376137376,0.11432169477719499,tv,0.5,10,20,1.0,2,2,cabaret
sim_results_Ulastfm_pop1_a0.5_N10_C20_CPtop_Q1.0_cabaret_W2_D2.json,600,10,60,1.0,1.0,1.0,0.04390367382549816,0.34448477376137376,0.11432169477719499,tv,0.5,10,20,1.0,2,2,cabaret
sim_results_Ulastfm_pop1_a0.5_N10_C20_CPtop_Q1.0_cabaret_W2_D2.json,700,10,70,1.0,1.0,1.0,0.04390367382549816,0.34448477376137376,0.11432169477719499,tv,0.5,10,20,1.0,2,2,cabaret
sim_results_Ulastfm_pop1_a0.5_N10_C20_CPtop_Q1.0_cabaret_W2_D2.json,800,10,80,1.0,1.0,1.0,0.04390367382549816,0.34448477376137376,0.11432169477719499,tv,0.5,10,20,1.0,2,2,cabaret
sim_results_Ulastfm_pop1_a0.5_N10_C20_CPtop_Q1.0_cabaret_W2_D2.json,900,10,90,1.0,1.0,1.0,0.04390367382549816,0.34448477376137376,0.11432169477719499,tv,0.5,10,20,1.0,2,2,cabaret
sim_results_Ulastfm_pop1_a0.5_N10_C20_CPtop_Q1.0_cabaret_W2_D2.json,1000,10,100,1.0,1.0,1.0,0.04390367382549816,0.34448477376137376,0.11432169477719499,tv,0.5,10,20,1.0,2,2,cabaret
sim_results_Ulastfm_pop1_a0.5_N10_C5_CPtop_Q1.0_cabaret_W1_D2.json,100,10,10,0.0,0.0,0.0,0.027263368272779833,0.07219896065970458,0.007294120028225828,tv,0.5,10,5,1.0,1,2,cabaret
sim_results_Ulastfm_pop1_a0.5_N10_C5_CPtop_Q1.0_cabaret_W1_D2.json,200,10,20,0.0,0.0,0.0,0.027263368272779833,0.07219896065970458,0.007294120028225828,tv,0.5,10,5,1.0,1,2,cabaret
sim_results_Ulastfm_pop1_a0.5_N10_C5_CPtop_Q1.0_cabaret_W1_D2.json,300,10,30,0.03333333333333333,0.0,0.09756854924301145,0.027263368272779833,0.07219896065970458,0.007294120028225828,tv,0.5,10,5,1.0,1,2,cabaret
sim_results_Ulastfm_pop1_a0.5_N10_C5_CPtop_Q1.0_cabaret_W1_D2.json,400,10,40,0.16666666666666666,0.03330555844847141,0.3000277748848619,0.027263368272779833,0.07219896065970458,0.007294120028225828,tv,0.5,10,5,1.0,1,2,cabaret
sim_results_Ulastfm_pop1_a0.5_N10_C5_CPtop_Q1.0_cabaret_W1_D2.json,500,10,50,0.16666666666666666,0.03330555844847141,0.3000277748848619,0.027263368272779833,0.07219896065970458,0.007294120028225828,tv,0.5,10,5,1.0,1,2,cabaret
sim_results_Ulastfm_pop1_a0.5_N10_C5_CPtop_Q1.0_cabaret_W1_D2.json,600,10,60,0.26666666666666666,0.10842147482583778,0.4249118585074956,0.027263368272779833,0.07219896065970458,0.007294120028225828,tv,0.5,10,5,1.0,1,2,cabaret
sim_results_Ulastfm_pop1_a0.5_N10_C5_CPtop_Q1.0_cabaret_W1_D2.json,700,10,70,0.1,0.0,0.20735362127101256,0.027263368272779833,0.07219896065970458,0.007294120028225828,tv,0.5,10,5,1.0,1,2,cabaret
sim_results_Ulastfm_pop1_a0.5_N10_C5_CPtop_Q1.0_cabaret_W1_D2.json,800,10,80,0.16666666666666666,0.03330555844847141,0.3000277748848619,0.027263368272779833,0.07219896065970458,0.007294120028225828,tv,0.5,10,5,1.0,1,2,cabaret
sim_results_Ulastfm_pop1_a0.5_N10_C5_CPtop_Q1.0_cabaret_W1_D2.json,900,10,90,0.43333333333333335,0.2560081873235037,0.610658479343163,0.027263368272779833,0.07219896065970458,0.007294120028225828,tv,0.5,10,5,1.0,1,2,cabaret
sim_results_Ulastfm_pop1_a0.5_N10_C5_CPtop_Q1.0_cabaret_W1_D2.json,1000,10,100,0.36666666666666664,0.19422296678282158,0.5391103665505117,0.027263368272779833,0.07219896065970458,0.007294120028225828,tv,0.5,10,5,1.0,1,2,cabaret
sim_results_Ulastfm_pop1_a0.5_N10_C5_CPtop_Q1.0_cabaret_W2_D1.json,100,10,10,0.03333333333333333,0.0,0.09756854924301145,0.014987832908507241,0.04103220304193013,0.003283285238359243,tv,0.5,10,5,1.0,2,1,cabaret
sim_results_Ulastfm_pop1_a0.5_N10_C5_CPtop_Q1.0_cabaret_W2_D1.json,200,10,20,0.1,0.0,0.20735362127101256,0.014987832908507241,0.04103220304193013,0.003283285238359243,tv,0.5,10,5,1.0,2,1,cabaret
sim_results_Ulastfm_pop1_a0.5_N10_C5_CPtop_Q1.0_cabaret_W2_D1.json,300,10,30,0.03333333333333333,0.0,0.09756854924301145,0.014987832908507241,0.04103220304193013,0.003283285238359243,tv,0.5,10,5,1.0,2,1,cabaret
sim_results_Ulastfm_pop1_a0.5_N10_C5_CPtop_Q1.0_cabaret_W2_D1.json,400,10,40,0.03333333333333333,0.0,0.09756854924301145,0.014987832908507241,0.04103220304193013,0.003283285238359243,tv,0.5,10,5,1.0,2,1,cabaret
sim_results_Ulastfm_pop1_a0.5_N10_C5_CPtop_Q1.0_cabaret_W2_D1.json,500,10,50,0.13333333333333333,0.011689286729835005,0.25497737993683167,0.014987832908507241,0.04103220304193013,0.003283285238359243,tv,0.5,10,5,1.0,2,1,cabaret
sim_results_Ulastfm_pop1_a0.5_N10_C5_CPtop_Q1.0_cabaret_W2_D1.json,600,10,60,0.03333333333333333,0.0,0.09756854924301145,0.014987832908507241,0.04103220304193013,0.003283285238359243,tv,0.5,10,5,1.0,2,1,cabaret
sim_results_Ulastfm_pop1_a0.5_N10_C5_CPtop_Q1.0_cabaret_W2_D1.json,700,10,70,0.1,0.0,0.20735362127101256,0.014987832908507241,0.04103220304193013,0.003283285238359243,tv,0.5,10,5,1.0,2,1,cabaret
sim_results_Ulastfm_pop1_a0.5_N10_C5_CPtop_Q1.0_cabaret_W2_D1.json,800,10,80,0.1,0.0,0.20735362127101256,0.014987832908507241,0.04103220304193013,0.003283285238359243,tv,0.5,10,5,1.0,2,1,cabaret
sim_results_Ulastfm_pop1_a0.5_N10_C5_CPtop_Q1.0_cabaret_W2_D1.json,900,10,90,0.06666666666666667,0.0,0.15592899333902582,0.014987832908507241,0.04103220304193013,0.003283285238359243,tv,0.5,10,5,1.0,2,1,cabaret
sim_results_Ulastfm_pop1_a0.5_N10_C5_CPtop_Q1.0_cabaret_W2_D1.json,1000,10,100,0.16666666666666666,0.03330555844847141,0.3000277748848619,0.014987832908507241,0.04103220304193013,0.003283285238359243,tv,0.5,10,5,1.0,2,1,cabaret
sim_results_Ulastfm_pop1_a0.5_N10_C5_CPtop_Q1.0_cabaret_W2_D2.json,100,10,10,0.03333333333333333,0.0,0.09756854924301145,0.02756904046330948,0.10409135879792095,0.013002217768849411,tv,0.5,10,5,1.0,2,2,cabaret
sim_results_Ulastfm_pop1_a0.5_N10_C5_CPtop_Q1.0_cabaret_W2_D2.json,200,10,20,0.13333333333333333,0.011689286729835005,0.25497737993683167,0.02756904046330948,0.10409135879792095,0.013002217768849411,tv,0.5,10,5,1.0,2,2,cabaret
sim_results_Ulastfm_pop1_a0.5_N10_C5_CPtop_Q1.0_cabaret_W2_D2.json,300,10,30,0.1,0.0,0.20735362127101256,0.02756904046330948,0.10409135879792095,0.013002217768849411,tv,0.5,10,5,1.0,2,2,cabaret
sim_results_Ulastfm_pop1_a0.5_N10_C5_CPtop_Q1.0_cabaret_W2_D2.json,400,10,40,0.06666666666666667,0.0,0.15592899333902582,0.02756904046330948,0.10409135879792095,0.013002217768849411,tv,0.5,10,5,1.0,2,2,cabaret
sim_results_Ulastfm_pop1_a0.5_N10_C5_CPtop_Q1.0_cabaret_W2_D2.json,500,10,50,0.5666666666666667,0.389341520656837,0.7439918126764963,0.02756904046330948,0.10409135879792095,0.013002217768849411,tv,0.5,10,5,1.0,2,2,cabaret
sim_results_Ulastfm_pop1_a0.5_N10_C5_CPtop_Q1.0_cabaret_W2_D2.json,600,10,60,0.4,0.2246922705640165,0.5753077294359835,0.02756904046330948,0.10409135879792095,0.013002217768849411,tv,0.5,10,5,1.0,2,2,cabaret
sim_results_Ulastfm_pop1_a0.5_N10_C5_CPtop_Q1.0_cabaret_W2_D2.json,700,10,70,0.5333333333333333,0.354808679988615,0.7118579866780517,0.02756904046330948,0.10409135879792095,0.013002217768849411,tv,0.5,10,5,1.0,2,2,cabaret
sim_results_Ulastfm_pop1_a0.5_N10_C5_CPtop_Q1.0_cabaret_W2_D2.json,800,10,80,0.4666666666666667,0.28814201332194833,0.645191320011385,0.02756904046330948,0.10409135879792095,0.013002217768849411,tv,0.5,10,5,1.0,2,2,cabaret
sim_results_Ulastfm_pop1_a0.5_N10_C5_CPtop_Q1.0_cabaret_W2_D2.json,900,10,90,0.7,0.5360146347993211,0.8639853652006788,0.02756904046330948,0.10409135879792095,0.013002217768849411,tv,0.5,10,5,1.0,2,2,cabaret
sim_results_Ulastfm_pop1_a0.5_N10_C5_CPtop_Q1.0_cabaret_W2_D2.json,1000,10,100,0.5666666666666667,0.389341520656837,0.7439918126764963,0.02756904046330948,0.10409135879792095,0.013002217768849411,tv,0.5,10,5,1.0,2,2,cabaret
sim_results_Ulastfm_pop1_a0.5_N2_C10_CPtop_Q1.0_cabaret_W1_D2.json,100,10,10,0.06666666666666667,0.0,0.15592899333902582,0.005377505792906075,0.014456296600594352,0.001643211950647641,tv,0.5,2,10,1.0,1,2,cabaret
sim_results_Ulastfm_pop1_a0.5_N2_C10_CPtop_Q1.0_cabaret_W1_D2.json,200,10,20,0.0,0.0,0.0,0.005377505792906075,0.014456296600594352,0.001643211950647641,tv,0.5,2,10,1.0,1,2,cabaret
sim_results_Ulastfm_pop1_a0.5_N2_C10_CPtop_Q1.0_cabaret_W1_D2.json,300,10,30,0.0,0.0,0.0,0.005377505792906075,0.014456296600594352,0.001643211950647641,tv,0.5,2,10,1.0,1,2,cabaret
sim_results_Ulastfm_pop1_a0.5_N2_C10_CPtop_Q1.0_cabaret_W1_D2.json,400,10,40,0.0,0.0,0.0,0.005377505792906075,0.014456296600594352,0.001643211950647641,tv,0.5,2,10,1.0,1,2,cabaret
sim_results_Ulastfm_pop1_a0.5_N2_C10_CPtop_Q1.0_cabaret_W1_D2.json,500,10,50,0.0,0.0,0.0,0.005377505792906075,0.014456296600594352,0.001643211950647641,tv,0.5,2,10,1.0,1,2,cabaret
sim_results_Ulastfm_pop1_a0.5_N2_C10_CPtop_Q1.0_cabaret_W1_D2.json,600,10,60,0.0,0.0,0.0,0.005377505792906075,0.014456296600594352,0.001643211950647641,tv,0.5,2,10,1.0,1,2,cabaret
sim_results_Ulastfm_pop1_a0.5_N2_C10_CPtop_Q1.0_cabaret_W1_D2.json,700,10,70,0.03333333333333333,0.0,0.09756854924301145,0.005377505792906075,0.014456296600594352,0.001643211950647641,tv,0.5,2,10,1.0,1,2,cabaret
sim_results_Ulastfm_pop1_a0.5_N2_C10_CPtop_Q1.0_cabaret_W1_D2.json,800,10,80,0.03333333333333333,0.0,0.09756854924301145,0.005377505792906075,0.014456296600594352,0.001643211950647641,tv,0.5,2,10,1.0,1,2,cabaret
sim_results_Ulastfm_pop1_a0.5_N2_C10_CPtop_Q1.0_cabaret_W1_D2.json,900,10,90,0.03333333333333333,0.0,0.09756854924301145,0.005377505792906075,0.014456296600594352,0.001643211950647641,tv,0.5,2,10,1.0,1,2,cabaret
sim_results_Ulastfm_pop1_a0.5_N2_C10_CPtop_Q1.0_cabaret_W1_D2.json,1000,10,100,0.0,0.0,0.0,0.005377505792906075,0.014456296600594352,0.001643211950647641,tv,0.5,2,10,1.0,1,2,cabaret
sim_results_Ulastfm_pop1_a0.5_N2_C10_CPtop_Q1.0_cabaret_W2_D1.json,100,10,10,0.06666666666666667,0.0,0.15592899333902582,0.012364813542031977,0.035182755301808775,0.006818818133643486,tv,0.5,2,10,1.0,2,1,cabaret
sim_results_Ulastfm_pop1_a0.5_N2_C10_CPtop_Q1.0_cabaret_W2_D1.json,200,10,20,0.1,0.0,0.20735362127101256,0.012364813542031977,0.035182755301808775,0.006818818133643486,tv,0.5,2,10,1.0,2,1,cabaret
sim_results_Ulastfm_pop1_a0.5_N2_C10_CPtop_Q1.0_cabaret_W2_D1.json,300,10,30,0.0,0.0,0.0,0.012364813542031977,0.035182755301808775,0.006818818133643486,tv,0.5,2,10,1.0,2,1,cabaret
sim_results_Ulastfm_pop1_a0.5_N2_C10_CPtop_Q1.0_cabaret_W2_D1.json,400,10,40,0.03333333333333333,0.0,0.09756854924301145,0.012364813542031977,0.035182755301808775,0.006818818133643486,tv,0.5,2,10,1.0,2,1,cabaret
sim_results_Ulastfm_pop1_a0.5_N2_C10_CPtop_Q1.0_cabaret_W2_D1.json,500,10,50,0.1,0.0,0.20735362127101256,0.012364813542031977,0.035182755301808775,0.006818818133643486,tv,0.5,2,10,1.0,2,1,cabaret
sim_results_Ulastfm_pop1_a0.5_N2_C10_CPtop_Q1.0_cabaret_W2_D1.json,600,10,60,0.03333333333333333,0.0,0.09756854924301145,0.012364813542031977,0.035182755301808775,0.006818818133643486,tv,0.5,2,10,1.0,2,1,cabaret
sim_results_Ulastfm_pop1_a0.5_N2_C10_CPtop_Q1.0_cabaret_W2_D1.json,700,10,70,0.03333333333333333,0.0,0.09756854924301145,0.012364813542031977,0.035182755301808775,0.006818818133643486,tv,0.5,2,10,1.0,2,1,cabaret
sim_results_Ulastfm_pop1_a0.5_N2_C10_CPtop_Q1.0_cabaret_W2_D1.json,800,10,80,0.06666666666666667,0.0,0.15592899333902582,0.012364813542031977,0.035182755301808775,0.006818818133643486,tv,0.5,2,10,1.0,2,1,cabaret
sim_results_Ulastfm_pop1_a0.5_N2_C10_CPtop_Q1.0_cabaret_W2_D1.json,900,10,90,0.16666666666666666,0.03330555844847141,0.3000277748848619,0.012364813542031977,0.035182755301808775,0.006818818133643486,tv,0.5,2,10,1.0,2,1,cabaret
sim_results_Ulastfm_pop1_a0.5_N2_C10_CPtop_Q1.0_cabaret_W2_D1.json,1000,10,100,0.03333333333333333,0.0,0.09756854924301145,0.012364813542031977,0.035182755301808775,0.006818818133643486,tv,0.5,2,10,1.0,2,1,cabaret
sim_results_Ulastfm_pop1_a0.5_N2_C10_CPtop_Q1.0_cabaret_W2_D2.json,100,10,10,0.03333333333333333,0.0,0.09756854924301145,0.015088091368429313,0.08544354754365192,0.01985152896079365,tv,0.5,2,10,1.0,2,2,cabaret
sim_results_Ulastfm_pop1_a0.5_N2_C10_CPtop_Q1.0_cabaret_W2_D2.json,200,10,20,0.0,0.0,0.0,0.015088091368429313,0.08544354754365192,0.01985152896079365,tv,0.5,2,10,1.0,2,2,cabaret
sim_results_Ulastfm_pop1_a0.5_N2_C10_CPtop_Q1.0_cabaret_W2_D2.json,300,10,30,0.13333333333333333,0.011689286729835005,0.25497737993683167,0.015088091368429313,0.08544354754365192,0.01985152896079365,tv,0.5,2,10,1.0,2,2,cabaret
sim_results_Ulastfm_pop1_a0.5_N2_C10_CPtop_Q1.0_cabaret_W2_D2.json,400,10,40,0.13333333333333333,0.011689286729835005,0.25497737993683167,0.015088091368429313,0.08544354754365192,0.01985152896079365,tv,0.5,2,10,1.0,2,2,cabaret
sim_results_Ulastfm_pop1_a0.5_N2_C10_CPtop_Q1.0_cabaret_W2_D2.json,500,10,50,0.0,0.0,0.0,0.015088091368429313,0.08544354754365192,0.01985152896079365,tv,0.5,2,10,1.0,2,2,cabaret
sim_results_Ulastfm_pop1_a0.5_N2_C10_CPtop_Q1.0_cabaret_W2_D2.json,600,10,60,0.1,0.0,0.20735362127101256,0.015088091368429313,0.08544354754365192,0.01985152896079365,tv,0.5,2,10,1.0,2,2,cabaret
sim_results_Ulastfm_pop1_a0.5_N2_C10_CPtop_Q1.0_cabaret_W2_D2.json,700,10,70,0.43333333333333335,0.2560081873235037,0.610658479343163,0.015088091368429313,0.08544354754365192,0.01985152896079365,tv,0.5,2,10,1.0,2,2,cabaret
sim_results_Ulastfm_pop1_a0.5_N2_C10_CPtop_Q1.0_cabaret_W2_D2.json,800,10,80,0.36666666666666664,0.19422296678282158,0.5391103665505117,0.015088091368429313,0.08544354754365192,0.01985152896079365,tv,0.5,2,10,1.0,2,2,cabaret
sim_results_Ulastfm_pop1_a0.5_N2_C10_CPtop_Q1.0_cabaret_W2_D2.json,900,10,90,0.4666666666666667,0.28814201332194833,0.645191320011385,0.015088091368429313,0.08544354754365192,0.01985152896079365,tv,0.5,2,10,1.0,2,2,cabaret
sim_results_Ulastfm_pop1_a0.5_N2_C10_CPtop_Q1.0_cabaret_W2_D2.json,1000,10,100,0.3,0.1360146347993212,0.4639853652006788,0.015088091368429313,0.08544354754365192,0.01985152896079365,tv,0.5,2,10,1.0,2,2,cabaret
sim_results_Ulastfm_pop1_a0.5_N2_C20_CPtop_Q1.0_cabaret_W1_D2.json,100,10,10,0.03333333333333333,0.0,0.09756854924301145,0.006191947541963521,0.03994619963136119,0.00595843212441728,tv,0.5,2,20,1.0,1,2,cabaret
sim_results_Ulastfm_pop1_a0.5_N2_C20_CPtop_Q1.0_cabaret_W1_D2.json,200,10,20,0.06666666666666667,0.0,0.15592899333902582,0.006191947541963521,0.03994619963136119,0.00595843212441728,tv,0.5,2,20,1.0,1,2,cabaret
sim_results_Ulastfm_pop1_a0.5_N2_C20_CPtop_Q1.0_cabaret_W1_D2.json,300,10,30,0.03333333333333333,0.0,0.09756854924301145,0.006191947541963521,0.03994619963136119,0.00595843212441728,tv,0.5,2,20,1.0,1,2,cabaret
sim_results_Ulastfm_pop1_a0.5_N2_C20_CPtop_Q1.0_cabaret_W1_D2.json,400,10,40,0.03333333333333333,0.0,0.09756854924301145,0.006191947541963521,0.03994619963136119,0.00595843212441728,tv,0.5,2,20,1.0,1,2,cabaret
sim_results_Ulastfm_pop1_a0.5_N2_C20_CPtop_Q1.0_cabaret_W1_D2.json,500,10,50,0.06666666666666667,0.0,0.15592899333902582,0.006191947541963521,0.03994619963136119,0.00595843212441728,tv,0.5,2,20,1.0,1,2,cabaret
sim_results_Ulastfm_pop1_a0.5_N2_C20_CPtop_Q1.0_cabaret_W1_D2.json,600,10,60,0.03333333333333333,0.0,0.09756854924301145,0.006191947541963521,0.03994619963136119,0.00595843212441728,tv,0.5,2,20,1.0,1,2,cabaret
sim_results_Ulastfm_pop1_a0.5_N2_C20_CPtop_Q1.0_cabaret_W1_D2.json,700,10,70,0.16666666666666666,0.03330555844847141,0.3000277748848619,0.006191947541963521,0.03994619963136119,0.00595843212441728,tv,0.5,2,20,1.0,1,2,cabaret
sim_results_Ulastfm_pop1_a0.5_N2_C20_CPtop_Q1.0_cabaret_W1_D2.json,800,10,80,0.06666666666666667,0.0,0.15592899333902582,0.006191947541963521,0.03994619963136119,0.00595843212441728,tv,0.5,2,20,1.0,1,2,cabaret
sim_results_Ulastfm_pop1_a0.5_N2_C20_CPtop_Q1.0_cabaret_W1_D2.json,900,10,90,0.06666666666666667,0.0,0.15592899333902582,0.006191947541963521,0.03994619963136119,0.00595843212441728,tv,0.5,2,20,1.0,1,2,cabaret
sim_results_Ulastfm_pop1_a0.5_N2_C20_CPtop_Q1.0_cabaret_W1_D2.json,1000,10,100,0.1,0.0,0.20735362127101256,0.006191947541963521,0.03994619963136119,0.00595843212441728,tv,0.5,2,20,1.0,1,2,cabaret
sim_results_Ulastfm_pop1_a0.5_N2_C20_CPtop_Q1.0_cabaret_W2_D1.json,100,10,10,0.0,0.0,0.0,0.012353871311528736,0.047530909462005604,0.00828703968172016,tv,0.5,2,20,1.0,2,1,cabaret
sim_results_Ulastfm_pop1_a0.5_N2_C20_CPtop_Q1.0_cabaret_W2_D1.json,200,10,20,0.03333333333333333,0.0,0.09756854924301145,0.012353871311528736,0.047530909462005604,0.00828703968172016,tv,0.5,2,20,1.0,2,1,cabaret
sim_results_Ulastfm_pop1_a0.5_N2_C20_CPtop_Q1.0_cabaret_W2_D1.json,300,10,30,0.03333333333333333,0.0,0.09756854924301145,0.012353871311528736,0.047530909462005604,0.00828703968172016,tv,0.5,2,20,1.0,2,1,cabaret
sim_results_Ulastfm_pop1_a0.5_N2_C20_CPtop_Q1.0_cabaret_W2_D1.json,400,10,40,0.0,0.0,0.0,0.012353871311528736,0.047530909462005604,0.00828703968172016,tv,0.5,2,20,1.0,2,1,cabaret
sim_results_Ulastfm_pop1_a0.5_N2_C20_CPtop_Q1.0_cabaret_W2_D1.json,500,10,50,0.0,0.0,0.0,0.012353871311528736,0.047530909462005604,0.00828703968172016,tv,0.5,2,20,1.0,2,1,cabaret
sim_results_Ulastfm_pop1_a0.5_N2_C20_CPtop_Q1.0_cabaret_W2_D1.json,600,10,60,0.03333333333333333,0.0,0.09756854924301145,0.012353871311528736,0.047530909462005604,0.00828703968172016,tv,0.5,2,20,1.0,2,1,cabaret
sim_results_Ulastfm_pop1_a0.5_N2_C20_CPtop_Q1.0_cabaret_W2_D1.json,700,10,70,0.0,0.0,0.0,0.012353871311528736,0.047530909462005604,0.00828703968172016,tv,0.5,2,20,1.0,2,1,cabaret
sim_results_Ulastfm_pop1_a0.5_N2_C20_CPtop_Q1.0_cabaret_W2_D1.json,800,10,80,0.13333333333333333,0.011689286729835005,0.25497737993683167,0.012353871311528736,0.047530909462005604,0.00828703968172016,tv,0.5,2,20,1.0,2,1,cabaret
sim_results_Ulastfm_pop1_a0.5_N2_C20_CPtop_Q1.0_cabaret_W2_D1.json,900,10,90,0.1,0.0,0.20735362127101256,0.012353871311528736,0.047530909462005604,0.00828703968172016,tv,0.5,2,20,1.0,2,1,cabaret
sim_results_Ulastfm_pop1_a0.5_N2_C20_CPtop_Q1.0_cabaret_W2_D1.json,1000,10,100,0.06666666666666667,0.0,0.15592899333902582,0.012353871311528736,0.047530909462005604,0.00828703968172016,tv,0.5,2,20,1.0,2,1,cabaret
sim_results_Ulastfm_pop1_a0.5_N2_C20_CPtop_Q1.0_cabaret_W2_D2.json,100,10,10,0.03333333333333333,0.0,0.09756854924301145,0.014895105465821512,0.1476453903404804,0.032955792321862534,tv,0.5,2,20,1.0,2,2,cabaret
sim_results_Ulastfm_pop1_a0.5_N2_C20_CPtop_Q1.0_cabaret_W2_D2.json,200,10,20,0.23333333333333334,0.08198169469496736,0.3846849719716993,0.014895105465821512,0.1476453903404804,0.032955792321862534,tv,0.5,2,20,1.0,2,2,cabaret
sim_results_Ulastfm_pop1_a0.5_N2_C20_CPtop_Q1.0_cabaret_W2_D2.json,300,10,30,0.03333333333333333,0.0,0.09756854924301145,0.014895105465821512,0.1476453903404804,0.032955792321862534,tv,0.5,2,20,1.0,2,2,cabaret
sim_results_Ulastfm_pop1_a0.5_N2_C20_CPtop_Q1.0_cabaret_W2_D2.json,400,10,40,0.2,0.056861838305316575,0.3431381616946835,0.014895105465821512,0.1476453903404804,0.032955792321862534,tv,0.5,2,20,1.0,2,2,cabaret
sim_results_Ulastfm_pop1_a0.5_N2_C20_CPtop_Q1.0_cabaret_W2_D2.json,500,10,50,0.3333333333333333,0.1646433920318547,0.5020232746348119,0.014895105465821512,0.1476453903404804,0.032955792321862534,tv,0.5,2,20,1.0,2,2,cabaret
sim_results_Ulastfm_pop1_a0.5_N2_C20_CPtop_Q1.0_cabaret_W2_D2.json,600,10,60,0.43333333333333335,0.2560081873235037,0.610658479343163,0.014895105465821512,0.1476453903404804,0.032955792321862534,tv,0.5,2,20,1.0,2,2,cabaret
sim_results_Ulastfm_pop1_a0.5_N2_C20_CPtop_Q1.0_cabaret_W2_D2.json,700,10,70,0.36666666666666664,0.19422296678282158,0.5391103665505117,0.014895105465821512,0.1476453903404804,0.032955792321862534,tv,0.5,2,20,1.0,2,2,cabaret
sim_results_Ulastfm_pop1_a0.5_N2_C20_CPtop_Q1.0_cabaret_W2_D2.json,800,10,80,0.36666666666666664,0.19422296678282158,0.5391103665505117,0.014895105465821512,0.1476453903404804,0.032955792321862534,tv,0.5,2,20,1.0,2,2,cabaret
sim_results_Ulastfm_pop1_a0.5_N2_C20_CPtop_Q1.0_cabaret_W2_D2.json,900,10,90,0.4666666666666667,0.28814201332194833,0.645191320011385,0.014895105465821512,0.1476453903404804,0.032955792321862534,tv,0.5,2,20,1.0,2,2,cabaret
sim_results_Ulastfm_pop1_a0.5_N2_C20_CPtop_Q1.0_cabaret_W2_D2.json,1000,10,100,0.8333333333333334,0.6999722251151381,0.9666944415515286,0.014895105465821512,0.1476453903404804,0.032955792321862534,tv,0.5,2,20,1.0,2,2,cabaret
sim_results_Ulastfm_pop1_a0.5_N2_C5_CPtop_Q1.0_cabaret_W1_D2.json,100,10,10,0.03333333333333333,0.0,0.09756854924301145,0.0016700553601766213,0.005038789327934549,0.00016873180581430545,tv,0.5,2,5,1.0,1,2,cabaret
sim_results_Ulastfm_pop1_a0.5_N2_C5_CPtop_Q1.0_cabaret_W1_D2.json,200,10,20,0.06666666666666667,0.0,0.15592899333902582,0.0016700553601766213,0.005038789327934549,0.00016873180581430545,tv,0.5,2,5,1.0,1,2,cabaret
sim_results_Ulastfm_pop1_a0.5_N2_C5_CPtop_Q1.0_cabaret_W1_D2.json,300,10,30,0.03333333333333333,0.0,0.09756854924301145,0.0016700553601766213,0.005038789327934549,0.00016873180581430545,tv,0.5,2,5,1.0,1,2,cabaret
sim_results_Ulastfm_pop1_a0.5_N2_C5_CPtop_Q1.0_cabaret_W1_D2.json,400,10,40,0.0,0.0,0.0,0.0016700553601766213,0.005038789327934549,0.00016873180581430545,tv,0.5,2,5,1.0,1,2,cabaret
sim_results_Ulastfm_pop1_a0.5_N2_C5_CPtop_Q1.0_cabaret_W1_D2.json,500,10,50,0.1,0.0,0.20735362127101256,0.0016700553601766213,0.005038789327934549,0.00016873180581430545,tv,0.5,2,5,1.0,1,2,cabaret
sim_results_Ulastfm_pop1_a0.5_N2_C5_CPtop_Q1.0_cabaret_W1_D2.json,600,10,60,0.0,0.0,0.0,0.0016700553601766213,0.005038789327934549,0.00016873180581430545,tv,0.5,2,5,1.0,1,2,cabaret
sim_results_Ulastfm_pop1_a0.5_N2_C5_CPtop_Q1.0_cabaret_W1_D2.json,700,10,70,0.0,0.0,0.0,0.0016700553601766213,0.005038789327934549,0.00016873180581430545,tv,0.5,2,5,1.0,1,2,cabaret
sim_results_Ulastfm_pop1_a0.5_N2_C5_CPtop_Q1.0_cabaret_W1_D2.json,800,10,80,0.06666666666666667,0.0,0.15592899333902582,0.0016700553601766213,0.005038789327934549,0.00016873180581430545,tv,0.5,2,5,1.0,1,2,cabaret
sim_results_Ulastfm_pop1_a0.5_N2_C5_CPtop_Q1.0_cabaret_W1_D2.json,900,10,90,0.0,0.0,0.0,0.0016700553601766213,0.005038789327934549,0.00016873180581430545,tv,0.5,2,5,1.0,1,2,cabaret
sim_results_Ulastfm_pop1_a0.5_N2_C5_CPtop_Q1.0_cabaret_W1_D2.json,1000,10,100,0.0,0.0,0.0,0.0016700553601766213,0.005038789327934549,0.00016873180581430545,tv,0.5,2,5,1.0,1,2,cabaret
sim_results_Ulastfm_pop1_a0.5_N2_C5_CPtop_Q1.0_cabaret_W2_D1.json,100,10,10,0.0,0.0,0.0,0.012374080645313035,0.029259892834778003,0.006447067295510049,tv,0.5,2,5,1.0,2,1,cabaret
sim_results_Ulastfm_pop1_a0.5_N2_C5_CPtop_Q1.0_cabaret_W2_D1.json,200,10,20,0.1,0.0,0.20735362127101256,0.012374080645313035,0.029259892834778003,0.006447067295510049,tv,0.5,2,5,1.0,2,1,cabaret
sim_results_Ulastfm_pop1_a0.5_N2_C5_CPtop_Q1.0_cabaret_W2_D1.json,300,10,30,0.1,0.0,0.20735362127101256,0.012374080645313035,0.029259892834778003,0.006447067295510049,tv,0.5,2,5,1.0,2,1,cabaret
sim_results_Ulastfm_pop1_a0.5_N2_C5_CPtop_Q1.0_cabaret_W2_D1.json,400,10,40,0.0,0.0,0.0,0.012374080645313035,0.029259892834778003,0.006447067295510049,tv,0.5,2,5,1.0,2,1,cabaret
sim_results_Ulastfm_pop1_a0.5_N2_C5_CPtop_Q1.0_cabaret_W2_D1.json,500,10,50,0.0,0.0,0.0,0.012374080645313035,0.029259892834778003,0.006447067295510049,tv,0.5,2,5,1.0,2,1,cabaret
sim_results_Ulastfm_pop1_a0.5_N2_C5_CPtop_Q1.0_cabaret_W2_D1.json,600,10,60,0.13333333333333333,0.011689286729835005,0.25497737993683167,0.012374080645313035,0.029259892834778003,0.006447067295510049,tv,0.5,2,5,1.0,2,1,cabaret
sim_results_Ulastfm_pop1_a0.5_N2_C5_CPtop_Q1.0_cabaret_W2_D1.json,700,10,70,0.06666666666666667,0.0,0.15592899333902582,0.012374080645313035,0.029259892834778003,0.006447067295510049,tv,0.5,2,5,1.0,2,1,cabaret
sim_results_Ulastfm_pop1_a0.5_N2_C5_CPtop_Q1.0_cabaret_W2_D1.json,800,10,80,0.03333333333333333,0.0,0.09756854924301145,0.012374080645313035,0.029259892834778003,0.006447067295510049,tv,0.5,2,5,1.0,2,1,cabaret
sim_results_Ulastfm_pop1_a0.5_N2_C5_CPtop_Q1.0_cabaret_W2_D1.json,900,10,90,0.1,0.0,0.20735362127101256,0.012374080645313035,0.029259892834778003,0.006447067295510049,tv,0.5,2,5,1.0,2,1,cabaret
sim_results_Ulastfm_pop1_a0.5_N2_C5_CPtop_Q1.0_cabaret_W2_D1.json,1000,10,100,0.03333333333333333,0.0,0.09756854924301145,0.012374080645313035,0.029259892834778003,0.006447067295510049,tv,0.5,2,5,1.0,2,1,cabaret
sim_results_Ulastfm_pop1_a0.5_N2_C5_CPtop_Q1.0_cabaret_W2_D2.json,100,10,10,0.06666666666666667,0.0,0.15592899333902582,0.01538363659496303,0.055609586148118326,0.012576681480628574,tv,0.5,2,5,1.0,2,2,cabaret
sim_results_Ulastfm_pop1_a0.5_N2_C5_CPtop_Q1.0_cabaret_W2_D2.json,200,10,20,0.03333333333333333,0.0,0.09756854924301145,0.01538363659496303,0.055609586148118326,0.012576681480628574,tv,0.5,2,5,1.0,2,2,cabaret
sim_results_Ulastfm_pop1_a0.5_N2_C5_CPtop_Q1.0_cabaret_W2_D2.json,300,10,30,0.0,0.0,0.0,0.01538363659496303,0.055609586148118326,0.012576681480628574,tv,0.5,2,5,1.0,2,2,cabaret
sim_results_Ulastfm_pop1_a0.5_N2_C5_CPtop_Q1.0_cabaret_W2_D2.json,400,10,40,0.06666666666666667,0.0,0.15592899333902582,0.01538363659496303,0.055609586148118326,0.012576681480628574,tv,0.5,2,5,1.0,2,2,cabaret
sim_results_Ulastfm_pop1_a0.5_N2_C5_CPtop_Q1.0_cabaret_W2_D2.json,500,10,50,0.13333333333333333,0.011689286729835005,0.25497737993683167,0.01538363659496303,0.055609586148118326,0.012576681480628574,tv,0.5,2,5,1.0,2,2,cabaret
sim_results_Ulastfm_pop1_a0.5_N2_C5_CPtop_Q1.0_cabaret_W2_D2.json,600,10,60,0.3333333333333333,0.1646433920318547,0.5020232746348119,0.01538363659496303,0.055609586148118326,0.012576681480628574,tv,0.5,2,5,1.0,2,2,cabaret
sim_results_Ulastfm_pop1_a0.5_N2_C5_CPtop_Q1.0_cabaret_W2_D2.json,700,10,70,0.16666666666666666,0.03330555844847141,0.3000277748848619,0.01538363659496303,0.055609586148118326,0.012576681480628574,tv,0.5,2,5,1.0,2,2,cabaret
sim_results_Ulastfm_pop1_a0.5_N2_C5_CPtop_Q1.0_cabaret_W2_D2.json,800,10,80,0.23333333333333334,0.08198169469496736,0.3846849719716993,0.01538363659496303,0.055609586148118326,0.012576681480628574,tv,0.5,2,5,1.0,2,2,cabaret
sim_results_Ulastfm_pop1_a0.5_N2_C5_CPtop_Q1.0_cabaret_W2_D2.json,900,10,90,0.23333333333333334,0.08198169469496736,0.3846849719716993,0.01538363659496303,0.055609586148118326,0.012576681480628574,tv,0.5,2,5,1.0,2,2,cabaret
sim_results_Ulastfm_pop1_a0.5_N2_C5_CPtop_Q1.0_cabaret_W2_D2.json,1000,10,100,0.16666666666666666,0.03330555844847141,0.3000277748848619,0.01538363659496303,0.055609586148118326,0.012576681480628574,tv,0.5,2,5,1.0,2,2,cabaret
sim_results_Ulastfm_pop1_a0.5_N5_C10_CPtop_Q1.0_cabaret_W1_D2.json,100,10,10,0.0,0.0,0.0,0.010593295060979557,0.04136863766855586,0.004683694308872675,tv,0.5,5,10,1.0,1,2,cabaret
sim_results_Ulastfm_pop1_a0.5_N5_C10_CPtop_Q1.0_cabaret_W1_D2.json,200,10,20,0.03333333333333333,0.0,0.09756854924301145,0.010593295060979557,0.04136863766855586,0.004683694308872675,tv,0.5,5,10,1.0,1,2,cabaret
sim_results_Ulastfm_pop1_a0.5_N5_C10_CPtop_Q1.0_cabaret_W1_D2.json,300,10,30,0.1,0.0,0.20735362127101256,0.010593295060979557,0.04136863766855586,0.004683694308872675,tv,0.5,5,10,1.0,1,2,cabaret
sim_results_Ulastfm_pop1_a0.5_N5_C10_CPtop_Q1.0_cabaret_W1_D2.json,400,10,40,0.06666666666666667,0.0,0.15592899333902582,0.010593295060979557,0.04136863766855586,0.004683694308872675,tv,0.5,5,10,1.0,1,2,cabaret
sim_results_Ulastfm_pop1_a0.5_N5_C10_CPtop_Q1.0_cabaret_W1_D2.json,500,10,50,0.0,0.0,0.0,0.010593295060979557,0.04136863766855586,0.004683694308872675,tv,0.5,5,10,1.0,1,2,cabaret
sim_results_Ulastfm_pop1_a0.5_N5_C10_CPtop_Q1.0_cabaret_W1_D2.json,600,10,60,0.1,0.0,0.20735362127101256,0.010593295060979557,0.04136863766855586,0.004683694308872675,tv,0.5,5,10,1.0,1,2,cabaret
sim_results_Ulastfm_pop1_a0.5_N5_C10_CPtop_Q1.0_cabaret_W1_D2.json,700,10,70,0.06666666666666667,0.0,0.15592899333902582,0.010593295060979557,0.04136863766855586,0.004683694308872675,tv,0.5,5,10,1.0,1,2,cabaret
sim_results_Ulastfm_pop1_a0.5_N5_C10_CPtop_Q1.0_cabaret_W1_D2.json,800,10,80,0.0,0.0,0.0,0.010593295060979557,0.04136863766855586,0.004683694308872675,tv,0.5,5,10,1.0,1,2,cabaret
sim_results_Ulastfm_pop1_a0.5_N5_C10_CPtop_Q1.0_cabaret_W1_D2.json,900,10,90,0.2,0.056861838305316575,0.3431381616946835,0.010593295060979557,0.04136863766855586,0.004683694308872675,tv,0.5,5,10,1.0,1,2,cabaret
sim_results_Ulastfm_pop1_a0.5_N5_C10_CPtop_Q1.0_cabaret_W1_D2.json,1000,10,100,0.06666666666666667,0.0,0.15592899333902582,0.010593295060979557,0.04136863766855586,0.004683694308872675,tv,0.5,5,10,1.0,1,2,cabaret
sim_results_Ulastfm_pop1_a0.5_N5_C10_CPtop_Q1.0_cabaret_W2_D1.json,100,10,10,0.06666666666666667,0.0,0.15592899333902582,0.0011700659962063722,0.007388382199880748,0.00018510002286253985,tv,0.5,5,10,1.0,2,1,cabaret
sim_results_Ulastfm_pop1_a0.5_N5_C10_CPtop_Q1.0_cabaret_W2_D1.json,200,10,20,0.03333333333333333,0.0,0.09756854924301145,0.0011700659962063722,0.007388382199880748,0.00018510002286253985,tv,0.5,5,10,1.0,2,1,cabaret
sim_results_Ulastfm_pop1_a0.5_N5_C10_CPtop_Q1.0_cabaret_W2_D1.json,300,10,30,0.03333333333333333,0.0,0.09756854924301145,0.0011700659962063722,0.007388382199880748,0.00018510002286253985,tv,0.5,5,10,1.0,2,1,cabaret
sim_results_Ulastfm_pop1_a0.5_N5_C10_CPtop_Q1.0_cabaret_W2_D1.json,400,10,40,0.0,0.0,0.0,0.0011700659962063722,0.007388382199880748,0.00018510002286253985,tv,0.5,5,10,1.0,2,1,cabaret
sim_results_Ulastfm_pop1_a0.5_N5_C10_CPtop_Q1.0_cabaret_W2_D1.json,500,10,50,0.03333333333333333,0.0,0.09756854924301145,0.0011700659962063722,0.007388382199880748,0.00018510002286253985,tv,0.5,5,10,1.0,2,1,cabaret
sim_results_Ulastfm_pop1_a0.5_N5_C10_CPtop_Q1.0_cabaret_W2_D1.json,600,10,60,0.0,0.0,0.0,0.0011700659962063722,0.007388382199880748,0.00018510002286253985,tv,0.5,5,10,1.0,2,1,cabaret
sim_results_Ulastfm_pop1_a0.5_N5_C10_CPtop_Q1.0_cabaret_W2_D1.json,700,10,70,0.03333333333333333,0.0,0.09756854924301145,0.0011700659962063722,0.007388382199880748,0.00018510002286253985,tv,0.5,5,10,1.0,2,1,cabaret
sim_results_Ulastfm_pop1_a0.5_N5_C10_CPtop_Q1.0_cabaret_W2_D1.json,800,10,80,0.03333333333333333,0.0,0.09756854924301145,0.0011700659962063722,0.007388382199880748,0.00018510002286253985,tv,0.5,5,10,1.0,2,1,cabaret
sim_results_Ulastfm_pop1_a0.5_N5_C10_CPtop_Q1.0_cabaret_W2_D1.json,900,10,90,0.03333333333333333,0.0,0.09756854924301145,0.0011700659962063722,0.007388382199880748,0.00018510002286253985,tv,0.5,5,10,1.0,2,1,cabaret
sim_results_Ulastfm_pop1_a0.5_N5_C10_CPtop_Q1.0_cabaret_W2_D1.json,1000,10,100,0.0,0.0,0.0,0.0011700659962063722,0.007388382199880748,0.00018510002286253985,tv,0.5,5,10,1.0,2,1,cabaret
sim_results_Ulastfm_pop1_a0.5_N5_C10_CPtop_Q1.0_cabaret_W2_D2.json,100,10,10,0.03333333333333333,0.0,0.09756854924301145,0.011406332584864436,0.06721073908998154,0.007494037929425462,tv,0.5,5,10,1.0,2,2,cabaret
sim_results_Ulastfm_pop1_a0.5_N5_C10_CPtop_Q1.0_cabaret_W2_D2.json,200,10,20,0.03333333333333333,0.0,0.09756854924301145,0.011406332584864436,0.06721073908998154,0.007494037929425462,tv,0.5,5,10,1.0,2,2,cabaret
sim_results_Ulastfm_pop1_a0.5_N5_C10_CPtop_Q1.0_cabaret_W2_D2.json,300,10,30,0.13333333333333333,0.011689286729835005,0.25497737993683167,0.011406332584864436,0.06721073908998154,0.007494037929425462,tv,0.5,5,10,1.0,2,2,cabaret
sim_results_Ulastfm_pop1_a0.5_N5_C10_CPtop_Q1.0_cabaret_W2_D2.json,400,10,40,0.03333333333333333,0.0,0.09756854924301145,0.011406332584864436,0.06721073908998154,0.007494037929425462,tv,0.5,5,10,1.0,2,2,cabaret
sim_results_Ulastfm_pop1_a0.5_N5_C10_CPtop_Q1.0_cabaret_W2_D2.json,500,10,50,0.0,0.0,0.0,0.011406332584864436,0.06721073908998154,0.007494037929425462,tv,0.5,5,10,1.0,2,2,cabaret
sim_results_Ulastfm_pop1_a0.5_N5_C10_CPtop_Q1.0_cabaret_W2_D2.json,600,10,60,0.13333333333333333,0.011689286729835005,0.25497737993683167,0.011406332584864436,0.06721073908998154,0.007494037929425462,tv,0.5,5,10,1.0,2,2,cabaret
sim_results_Ulastfm_pop1_a0.5_N5_C10_CPtop_Q1.0_cabaret_W2_D2.json,700,10,70,0.1,0.0,0.20735362127101256,0.011406332584864436,0.06721073908998154,0.007494037929425462,tv,0.5,5,10,1.0,2,2,cabaret
sim_results_Ulastfm_pop1_a0.5_N5_C10_CPtop_Q1.0_cabaret_W2_D2.json,800,10,80,0.06666666666666667,0.0,0.15592899333902582,0.011406332584864436,0.06721073908998154,0.007494037929425462,tv,0.5,5,10,1.0,2,2,cabaret
sim_results_Ulastfm_pop1_a0.5_N5_C10_CPtop_Q1.0_cabaret_W2_D2.json,900,10,90,0.16666666666666666,0.03330555844847141,0.3000277748848619,0.011406332584864436,0.06721073908998154,0.007494037929425462,tv,0.5,5,10,1.0,2,2,cabaret
sim_results_Ulastfm_pop1_a0.5_N5_C10_CPtop_Q1.0_cabaret_W2_D2.json,1000,10,100,0.16666666666666666,0.03330555844847141,0.3000277748848619,0.011406332584864436,0.06721073908998154,0.007494037929425462,tv,0.5,5,10,1.0,2,2,cabaret
sim_results_Ulastfm_pop1_a0.5_N5_C20_CPtop_Q1.0_cabaret_W1_D2.json,100,10,10,0.0,0.0,0.0,0.01829327307880657,0.08894171344243394,0.012450605334266058,tv,0.5,5,20,1.0,1,2,cabaret
sim_results_Ulastfm_pop1_a0.5_N5_C20_CPtop_Q1.0_cabaret_W1_D2.json,200,10,20,0.03333333333333333,0.0,0.09756854924301145,0.01829327307880657,0.08894171344243394,0.012450605334266058,tv,0.5,5,20,1.0,1,2,cabaret
sim_results_Ulastfm_pop1_a0.5_N5_C20_CPtop_Q1.0_cabaret_W1_D2.json,300,10,30,0.06666666666666667,0.0,0.15592899333902582,0.01829327307880657,0.08894171344243394,0.012450605334266058,tv,0.5,5,20,1.0,1,2,cabaret
sim_results_Ulastfm_pop1_a0.5_N5_C20_CPtop_Q1.0_cabaret_W1_D2.json,400,10,40,0.1,0.0,0.20735362127101256,0.01829327307880657,0.08894171344243394,0.012450605334266058,tv,0.5,5,20,1.0,1,2,cabaret
sim_results_Ulastfm_pop1_a0.5_N5_C20_CPtop_Q1.0_cabaret_W1_D2.json,500,10,50,0.1,0.0,0.20735362127101256,0.01829327307880657,0.08894171344243394,0.012450605334266058,tv,0.5,5,20,1.0,1,2,cabaret
sim_results_Ulastfm_pop1_a0.5_N5_C20_CPtop_Q1.0_cabaret_W1_D2.json,600,10,60,0.03333333333333333,0.0,0.09756854924301145,0.01829327307880657,0.08894171344243394,0.012450605334266058,tv,0.5,5,20,1.0,1,2,cabaret
sim_results_Ulastfm_pop1_a0.5_N5_C20_CPtop_Q1.0_cabaret_W1_D2.json,700,10,70,0.1,0.0,0.20735362127101256,0.01829327307880657,0.08894171344243394,0.012450605334266058,tv,0.5,5,20,1.0,1,2,cabaret
sim_results_Ulastfm_pop1_a0.5_N5_C20_CPtop_Q1.0_cabaret_W1_D2.json,800,10,80,0.06666666666666667,0.0,0.15592899333902582,0.01829327307880657,0.08894171344243394,0.012450605334266058,tv,0.5,5,20,1.0,1,2,cabaret
sim_results_Ulastfm_pop1_a0.5_N5_C20_CPtop_Q1.0_cabaret_W1_D2.json,900,10,90,0.16666666666666666,0.03330555844847141,0.3000277748848619,0.01829327307880657,0.08894171344243394,0.012450605334266058,tv,0.5,5,20,1.0,1,2,cabaret
sim_results_Ulastfm_pop1_a0.5_N5_C20_CPtop_Q1.0_cabaret_W1_D2.json,1000,10,100,0.23333333333333334,0.08198169469496736,0.3846849719716993,0.01829327307880657,0.08894171344243394,0.012450605334266058,tv,0.5,5,20,1.0,1,2,cabaret
sim_results_Ulastfm_pop1_a0.5_N5_C20_CPtop_Q1.0_cabaret_W2_D1.json,100,10,10,0.0,0.0,0.0,0.01614156826333034,0.03723646226937649,0.004221665841722614,tv,0.5,5,20,1.0,2,1,cabaret
sim_results_Ulastfm_pop1_a0.5_N5_C20_CPtop_Q1.0_cabaret_W2_D1.json,200,10,20,0.03333333333333333,0.0,0.09756854924301145,0.01614156826333034,0.03723646226937649,0.004221665841722614,tv,0.5,5,20,1.0,2,1,cabaret
sim_results_Ulastfm_pop1_a0.5_N5_C20_CPtop_Q1.0_cabaret_W2_D1.json,300,10,30,0.16666666666666666,0.03330555844847141,0.3000277748848619,0.01614156826333034,0.03723646226937649,0.004221665841722614,tv,0.5,5,20,1.0,2,1,cabaret
sim_results_Ulastfm_pop1_a0.5_N5_C20_CPtop_Q1.0_cabaret_W2_D1.json,400,10,40,0.06666666666666667,0.0,0.15592899333902582,0.01614156826333034,0.03723646226937649,0.004221665841722614,tv,0.5,5,20,1.0,2,1,cabaret
sim_results_Ulastfm_pop1_a0.5_N5_C20_CPtop_Q1.0_cabaret_W2_D1.json,500,10,50,0.03333333333333333,0.0,0.09756854924301145,0.01614156826333034,0.03723646226937649,0.004221665841722614,tv,0.5,5,20,1.0,2,1,cabaret
sim_results_Ulastfm_pop1_a0.5_N5_C20_CPtop_Q1.0_cabaret_W2_D1.json,600,10,60,0.06666666666666667,0.0,0.15592899333902582,0.01614156826333034,0.03723646226937649,0.004221665841722614,tv,0.5,5,20,1.0,2,1,cabaret
sim_results_Ulastfm_pop1_a0.5_N5_C20_CPtop_Q1.0_cabaret_W2_D1.json,700,10,70,0.0,0.0,0.0,0.01614156826333034,0.03723646226937649,0.004221665841722614,tv,0.5,5,20,1.0,2,1,cabaret
sim_results_Ulastfm_pop1_a0.5_N5_C20_CPtop_Q1.0_cabaret_W2_D1.json,800,10,80,0.16666666666666666,0.03330555844847141,0.3000277748848619,0.01614156826333034,0.03723646226937649,0.004221665841722614,tv,0.5,5,20,1.0,2,1,cabaret
sim_results_Ulastfm_pop1_a0.5_N5_C20_CPtop_Q1.0_cabaret_W2_D1.json,900,10,90,0.1,0.0,0.20735362127101256,0.01614156826333034,0.03723646226937649,0.004221665841722614,tv,0.5,5,20,1.0,2,1,cabaret
sim_results_Ulastfm_pop1_a0.5_N5_C20_CPtop_Q1.0_cabaret_W2_D1.json,1000,10,100,0.2,0.056861838305316575,0.3431381616946835,0.01614156826333034,0.03723646226937649,0.004221665841722614,tv,0.5,5,20,1.0,2,1,cabaret
sim_results_Ulastfm_pop1_a0.5_N5_C20_CPtop_Q1.0_cabaret_W2_D2.json,100,10,10,0.0,0.0,0.0,0.06636885682260887,0.22260883515091828,0.05491161902927073,tv,0.5,5,20,1.0,2,2,cabaret
sim_results_Ulastfm_pop1_a0.5_N5_C20_CPtop_Q1.0_cabaret_W2_D2.json,200,10,20,0.06666666666666667,0.0,0.15592899333902582,0.06636885682260887,0.22260883515091828,0.05491161902927073,tv,0.5,5,20,1.0,2,2,cabaret
sim_results_Ulastfm_pop1_a0.5_N5_C20_CPtop_Q1.0_cabaret_W2_D2.json,300,10,30,0.3333333333333333,0.1646433920318547,0.5020232746348119,0.06636885682260887,0.22260883515091828,0.05491161902927073,tv,0.5,5,20,1.0,2,2,cabaret
sim_results_Ulastfm_pop1_a0.5_N5_C20_CPtop_Q1.0_cabaret_W2_D2.json,400,10,40,0.3333333333333333,0.1646433920318547,0.5020232746348119,0.06636885682260887,0.22260883515091828,0.05491161902927073,tv,0.5,5,20,1.0,2,2,cabaret
sim_results_Ulastfm_pop1_a0.5_N5_C20_CPtop_Q1.0_cabaret_W2_D2.json,500,10,50,0.7666666666666667,0.6153150280283007,0.9180183053050327,0.06636885682260887,0.22260883515091828,0.05491161902927073,tv,0.5,5,20,1.0,2,2,cabaret
sim_results_Ulastfm_pop1_a0.5_N5_C20_CPtop_Q1.0_cabaret_W2_D2.json,600,10,60,0.7666666666666667,0.6153150280283007,0.9180183053050327,0.06636885682260887,0.22260883515091828,0.05491161902927073,tv,0.5,5,20,1.0,2,2,cabaret
sim_results_Ulastfm_pop1_a0.5_N5_C20_CPtop_Q1.0_cabaret_W2_D2.json,700,10,70,1.0,1.0,1.0,0.06636885682260887,0.22260883515091828,0.05491161902927073,tv,0.5,5,20,1.0,2,2,cabaret
sim_results_Ulastfm_pop1_a0.5_N5_C20_CPtop_Q1.0_cabaret_W2_D2.json,800,10,80,0.9333333333333333,0.8440710066609742,1.0,0.06636885682260887,0.22260883515091828,0.05491161902927073,tv,0.5,5,20,1.0,2,2,cabaret
sim_results_Ulastfm_pop1_a0.5_N5_C20_CPtop_Q1.0_cabaret_W2_D2.json,900,10,90,1.0,1.0,1.0,0.06636885682260887,0.22260883515091828,0.05491161902927073,tv,0.5,5,20,1.0,2,2,cabaret
sim_results_Ulastfm_pop1_a0.5_N5_C20_CPtop_Q1.0_cabaret_W2_D2.json,1000,10,100,1.0,1.0,1.0,0.06636885682260887,0.22260883515091828,0.05491161902927073,tv,0.5,5,20,1.0,2,2,cabaret
sim_results_Ulastfm_pop1_a0.5_N5_C5_CPtop_Q1.0_cabaret_W1_D2.json,100,10,10,0.1,0.0,0.20735362127101256,0.003789711727194986,0.01563698237578312,0.00045771332258362843,tv,0.5,5,5,1.0,1,2,cabaret
sim_results_Ulastfm_pop1_a0.5_N5_C5_CPtop_Q1.0_cabaret_W1_D2.json,200,10,20,0.1,0.0,0.20735362127101256,0.003789711727194986,0.01563698237578312,0.00045771332258362843,tv,0.5,5,5,1.0,1,2,cabaret
sim_results_Ulastfm_pop1_a0.5_N5_C5_CPtop_Q1.0_cabaret_W1_D2.json,300,10,30,0.03333333333333333,0.0,0.09756854924301145,0.003789711727194986,0.01563698237578312,0.00045771332258362843,tv,0.5,5,5,1.0,1,2,cabaret
sim_results_Ulastfm_pop1_a0.5_N5_C5_CPtop_Q1.0_cabaret_W1_D2.json,400,10,40,0.06666666666666667,0.0,0.15592899333902582,0.003789711727194986,0.01563698237578312,0.00045771332258362843,tv,0.5,5,5,1.0,1,2,cabaret
sim_results_Ulastfm_pop1_a0.5_N5_C5_CPtop_Q1.0_cabaret_W1_D2.json,500,10,50,0.0,0.0,0.0,0.003789711727194986,0.01563698237578312,0.00045771332258362843,tv,0.5,5,5,1.0,1,2,cabaret
sim_results_Ulastfm_pop1_a0.5_N5_C5_CPtop_Q1.0_cabaret_W1_D2.json,600,10,60,0.0,0.0,0.0,0.003789711727194986,0.01563698237578312,0.00045771332258362843,tv,0.5,5,5,1.0,1,2,cabaret
sim_results_Ulastfm_pop1_a0.5_N5_C5_CPtop_Q1.0_cabaret_W1_D2.json,700,10,70,0.0,0.0,0.0,0.003789711727194986,0.01563698237578312,0.00045771332258362843,tv,0.5,5,5,1.0,1,2,cabaret
sim_results_Ulastfm_pop1_a0.5_N5_C5_CPtop_Q1.0_cabaret_W1_D2.json,800,10,80,0.0,0.0,0.0,0.003789711727194986,0.01563698237578312,0.00045771332258362843,tv,0.5,5,5,1.0,1,2,cabaret
sim_results_Ulastfm_pop1_a0.5_N5_C5_CPtop_Q1.0_cabaret_W1_D2.json,900,10,90,0.1,0.0,0.20735362127101256,0.003789711727194986,0.01563698237578312,0.00045771332258362843,tv,0.5,5,5,1.0,1,2,cabaret
sim_results_Ulastfm_pop1_a0.5_N5_C5_CPtop_Q1.0_cabaret_W1_D2.json,1000,10,100,0.06666666666666667,0.0,0.15592899333902582,0.003789711727194986,0.01563698237578312,0.00045771332258362843,tv,0.5,5,5,1.0,1,2,cabaret
sim_results_Ulastfm_pop1_a0.5_N5_C5_CPtop_Q1.0_cabaret_W2_D1.json,100,10,10,0.03333333333333333,0.0,0.09756854924301145,0.0010793371808961623,0.004847396928648202,0.00012588193863652096,tv,0.5,5,5,1.0,2,1,cabaret
sim_results_Ulastfm_pop1_a0.5_N5_C5_CPtop_Q1.0_cabaret_W2_D1.json,200,10,20,0.0,0.0,0.0,0.0010793371808961623,0.004847396928648202,0.00012588193863652096,tv,0.5,5,5,1.0,2,1,cabaret
sim_results_Ulastfm_pop1_a0.5_N5_C5_CPtop_Q1.0_cabaret_W2_D1.json,300,10,30,0.03333333333333333,0.0,0.09756854924301145,0.0010793371808961623,0.004847396928648202,0.00012588193863652096,tv,0.5,5,5,1.0,2,1,cabaret
sim_results_Ulastfm_pop1_a0.5_N5_C5_CPtop_Q1.0_cabaret_W2_D1.json,400,10,40,0.03333333333333333,0.0,0.09756854924301145,0.0010793371808961623,0.004847396928648202,0.00012588193863652096,tv,0.5,5,5,1.0,2,1,cabaret
sim_results_Ulastfm_pop1_a0.5_N5_C5_CPtop_Q1.0_cabaret_W2_D1.json,500,10,50,0.06666666666666667,0.0,0.15592899333902582,0.0010793371808961623,0.004847396928648202,0.00012588193863652096,tv,0.5,5,5,1.0,2,1,cabaret
sim_results_Ulastfm_pop1_a0.5_N5_C5_CPtop_Q1.0_cabaret_W2_D1.json,600,10,60,0.0,0.0,0.0,0.0010793371808961623,0.004847396928648202,0.00012588193863652096,tv,0.5,5,5,1.0,2,1,cabaret
sim_results_Ulastfm_pop1_a0.5_N5_C5_CPtop_Q1.0_cabaret_W2_D1.json,700,10,70,0.1,0.0,0.20735362127101256,0.0010793371808961623,0.004847396928648202,0.00012588193863652096,tv,0.5,5,5,1.0,2,1,cabaret
sim_results_Ulastfm_pop1_a0.5_N5_C5_CPtop_Q1.0_cabaret_W2_D1.json,800,10,80,0.03333333333333333,0.0,0.09756854924301145,0.0010793371808961623,0.004847396928648202,0.00012588193863652096,tv,0.5,5,5,1.0,2,1,cabaret
sim_results_Ulastfm_pop1_a0.5_N5_C5_CPtop_Q1.0_cabaret_W2_D1.json,900,10,90,0.06666666666666667,0.0,0.15592899333902582,0.0010793371808961623,0.004847396928648202,0.00012588193863652096,tv,0.5,5,5,1.0,2,1,cabaret
sim_results_Ulastfm_pop1_a0.5_N5_C5_CPtop_Q1.0_cabaret_W2_D1.json,1000,10,100,0.0,0.0,0.0,0.0010793371808961623,0.004847396928648202,0.00012588193863652096,tv,0.5,5,5,1.0,2,1,cabaret
sim_results_Ulastfm_pop1_a0.5_N5_C5_CPtop_Q1.0_cabaret_W2_D2.json,100,10,10,0.0,0.0,0.0,0.005224070366840182,0.0313575834368158,0.0013882251855711393,tv,0.5,5,5,1.0,2,2,cabaret
sim_results_Ulastfm_pop1_a0.5_N5_C5_CPtop_Q1.0_cabaret_W2_D2.json,200,10,20,0.03333333333333333,0.0,0.09756854924301145,0.005224070366840182,0.0313575834368158,0.0013882251855711393,tv,0.5,5,5,1.0,2,2,cabaret
sim_results_Ulastfm_pop1_a0.5_N5_C5_CPtop_Q1.0_cabaret_W2_D2.json,300,10,30,0.03333333333333333,0.0,0.09756854924301145,0.005224070366840182,0.0313575834368158,0.0013882251855711393,tv,0.5,5,5,1.0,2,2,cabaret
sim_results_Ulastfm_pop1_a0.5_N5_C5_CPtop_Q1.0_cabaret_W2_D2.json,400,10,40,0.03333333333333333,0.0,0.09756854924301145,0.005224070366840182,0.0313575834368158,0.0013882251855711393,tv,0.5,5,5,1.0,2,2,cabaret
sim_results_Ulastfm_pop1_a0.5_N5_C5_CPtop_Q1.0_cabaret_W2_D2.json,500,10,50,0.0,0.0,0.0,0.005224070366840182,0.0313575834368158,0.0013882251855711393,tv,0.5,5,5,1.0,2,2,cabaret
sim_results_Ulastfm_pop1_a0.5_N5_C5_CPtop_Q1.0_cabaret_W2_D2.json,600,10,60,0.1,0.0,0.20735362127101256,0.005224070366840182,0.0313575834368158,0.0013882251855711393,tv,0.5,5,5,1.0,2,2,cabaret
sim_results_Ulastfm_pop1_a0.5_N5_C5_CPtop_Q1.0_cabaret_W2_D2.json,700,10,70,0.0,0.0,0.0,0.005224070366840182,0.0313575834368158,0.0013882251855711393,tv,0.5,5,5,1.0,2,2,cabaret
sim_results_Ulastfm_pop1_a0.5_N5_C5_CPtop_Q1.0_cabaret_W2_D2.json,800,10,80,0.1,0.0,0.20735362127101256,0.005224070366840182,0.0313575834368158,0.0013882251855711393,tv,0.5,5,5,1.0,2,2,cabaret
sim_results_Ulastfm_pop1_a0.5_N5_C5_CPtop_Q1.0_cabaret_W2_D2.json,900,10,90,0.06666666666666667,0.0,0.15592899333902582,0.005224070366840182,0.0313575834368158,0.0013882251855711393,tv,0.5,5,5,1.0,2,2,cabaret
sim_results_Ulastfm_pop1_a0.5_N5_C5_CPtop_Q1.0_cabaret_W2_D2.json,1000,10,100,0.1,0.0,0.20735362127101256,0.005224070366840182,0.0313575834368158,0.0013882251855711393,tv,0.5,5,5,1.0,2,2,cabaret
sim_results_Ulastfm_pop1_a0.8_N10_C10_CPtop_Q1.0_cabaret_W1_D2.json,100,10,10,0.0,0.0,0.0,0.05458037357304906,0.41793762721478434,0.13793030082852342,tv,0.8,10,10,1.0,1,2,cabaret
sim_results_Ulastfm_pop1_a0.8_N10_C10_CPtop_Q1.0_cabaret_W1_D2.json,200,10,20,0.7,0.5360146347993211,0.8639853652006788,0.05458037357304906,0.41793762721478434,0.13793030082852342,tv,0.8,10,10,1.0,1,2,cabaret
sim_results_Ulastfm_pop1_a0.8_N10_C10_CPtop_Q1.0_cabaret_W1_D2.json,300,10,30,1.0,1.0,1.0,0.05458037357304906,0.41793762721478434,0.13793030082852342,tv,0.8,10,10,1.0,1,2,cabaret
sim_results_Ulastfm_pop1_a0.8_N10_C10_CPtop_Q1.0_cabaret_W1_D2.json,400,10,40,1.0,1.0,1.0,0.05458037357304906,0.41793762721478434,0.13793030082852342,tv,0.8,10,10,1.0,1,2,cabaret
sim_results_Ulastfm_pop1_a0.8_N10_C10_CPtop_Q1.0_cabaret_W1_D2.json,500,10,50,1.0,1.0,1.0,0.05458037357304906,0.41793762721478434,0.13793030082852342,tv,0.8,10,10,1.0,1,2,cabaret
sim_results_Ulastfm_pop1_a0.8_N10_C10_CPtop_Q1.0_cabaret_W1_D2.json,600,10,60,1.0,1.0,1.0,0.05458037357304906,0.41793762721478434,0.13793030082852342,tv,0.8,10,10,1.0,1,2,cabaret
sim_results_Ulastfm_pop1_a0.8_N10_C10_CPtop_Q1.0_cabaret_W1_D2.json,700,10,70,1.0,1.0,1.0,0.05458037357304906,0.41793762721478434,0.13793030082852342,tv,0.8,10,10,1.0,1,2,cabaret
sim_results_Ulastfm_pop1_a0.8_N10_C10_CPtop_Q1.0_cabaret_W1_D2.json,800,10,80,1.0,1.0,1.0,0.05458037357304906,0.41793762721478434,0.13793030082852342,tv,0.8,10,10,1.0,1,2,cabaret
sim_results_Ulastfm_pop1_a0.8_N10_C10_CPtop_Q1.0_cabaret_W1_D2.json,900,10,90,1.0,1.0,1.0,0.05458037357304906,0.41793762721478434,0.13793030082852342,tv,0.8,10,10,1.0,1,2,cabaret
sim_results_Ulastfm_pop1_a0.8_N10_C10_CPtop_Q1.0_cabaret_W1_D2.json,1000,10,100,1.0,1.0,1.0,0.05458037357304906,0.41793762721478434,0.13793030082852342,tv,0.8,10,10,1.0,1,2,cabaret
sim_results_Ulastfm_pop1_a0.8_N10_C10_CPtop_Q1.0_cabaret_W2_D1.json,100,10,10,0.03333333333333333,0.0,0.09756854924301145,0.056658875750986756,0.30096769810729895,0.07183851282505913,tv,0.8,10,10,1.0,2,1,cabaret
sim_results_Ulastfm_pop1_a0.8_N10_C10_CPtop_Q1.0_cabaret_W2_D1.json,200,10,20,0.3333333333333333,0.1646433920318547,0.5020232746348119,0.056658875750986756,0.30096769810729895,0.07183851282505913,tv,0.8,10,10,1.0,2,1,cabaret
sim_results_Ulastfm_pop1_a0.8_N10_C10_CPtop_Q1.0_cabaret_W2_D1.json,300,10,30,0.7666666666666667,0.6153150280283007,0.9180183053050327,0.056658875750986756,0.30096769810729895,0.07183851282505913,tv,0.8,10,10,1.0,2,1,cabaret
sim_results_Ulastfm_pop1_a0.8_N10_C10_CPtop_Q1.0_cabaret_W2_D1.json,400,10,40,0.8666666666666667,0.7450226200631684,0.988310713270165,0.056658875750986756,0.30096769810729895,0.07183851282505913,tv,0.8,10,10,1.0,2,1,cabaret
sim_results_Ulastfm_pop1_a0.8_N10_C10_CPtop_Q1.0_cabaret_W2_D1.json,500,10,50,1.0,1.0,1.0,0.056658875750986756,0.30096769810729895,0.07183851282505913,tv,0.8,10,10,1.0,2,1,cabaret
sim_results_Ulastfm_pop1_a0.8_N10_C10_CPtop_Q1.0_cabaret_W2_D1.json,600,10,60,1.0,1.0,1.0,0.056658875750986756,0.30096769810729895,0.07183851282505913,tv,0.8,10,10,1.0,2,1,cabaret
sim_results_Ulastfm_pop1_a0.8_N10_C10_CPtop_Q1.0_cabaret_W2_D1.json,700,10,70,1.0,1.0,1.0,0.056658875750986756,0.30096769810729895,0.07183851282505913,tv,0.8,10,10,1.0,2,1,cabaret
sim_results_Ulastfm_pop1_a0.8_N10_C10_CPtop_Q1.0_cabaret_W2_D1.json,800,10,80,1.0,1.0,1.0,0.056658875750986756,0.30096769810729895,0.07183851282505913,tv,0.8,10,10,1.0,2,1,cabaret
sim_results_Ulastfm_pop1_a0.8_N10_C10_CPtop_Q1.0_cabaret_W2_D1.json,900,10,90,1.0,1.0,1.0,0.056658875750986756,0.30096769810729895,0.07183851282505913,tv,0.8,10,10,1.0,2,1,cabaret
sim_results_Ulastfm_pop1_a0.8_N10_C10_CPtop_Q1.0_cabaret_W2_D1.json,1000,10,100,1.0,1.0,1.0,0.056658875750986756,0.30096769810729895,0.07183851282505913,tv,0.8,10,10,1.0,2,1,cabaret
sim_results_Ulastfm_pop1_a0.8_N10_C10_CPtop_Q1.0_cabaret_W2_D2.json,100,10,10,0.13333333333333333,0.011689286729835005,0.25497737993683167,0.06604198706735485,0.5010379407300223,0.20203458656351503,tv,0.8,10,10,1.0,2,2,cabaret
sim_results_Ulastfm_pop1_a0.8_N10_C10_CPtop_Q1.0_cabaret_W2_D2.json,200,10,20,1.0,1.0,1.0,0.06604198706735485,0.5010379407300223,0.20203458656351503,tv,0.8,10,10,1.0,2,2,cabaret
sim_results_Ulastfm_pop1_a0.8_N10_C10_CPtop_Q1.0_cabaret_W2_D2.json,300,10,30,1.0,1.0,1.0,0.06604198706735485,0.5010379407300223,0.20203458656351503,tv,0.8,10,10,1.0,2,2,cabaret
sim_results_Ulastfm_pop1_a0.8_N10_C10_CPtop_Q1.0_cabaret_W2_D2.json,400,10,40,1.0,1.0,1.0,0.06604198706735485,0.5010379407300223,0.20203458656351503,tv,0.8,10,10,1.0,2,2,cabaret
sim_results_Ulastfm_pop1_a0.8_N10_C10_CPtop_Q1.0_cabaret_W2_D2.json,500,10,50,1.0,1.0,1.0,0.06604198706735485,0.5010379407300223,0.20203458656351503,tv,0.8,10,10,1.0,2,2,cabaret
sim_results_Ulastfm_pop1_a0.8_N10_C10_CPtop_Q1.0_cabaret_W2_D2.json,600,10,60,1.0,1.0,1.0,0.06604198706735485,0.5010379407300223,0.20203458656351503,tv,0.8,10,10,1.0,2,2,cabaret
sim_results_Ulastfm_pop1_a0.8_N10_C10_CPtop_Q1.0_cabaret_W2_D2.json,700,10,70,1.0,1.0,1.0,0.06604198706735485,0.5010379407300223,0.20203458656351503,tv,0.8,10,10,1.0,2,2,cabaret
sim_results_Ulastfm_pop1_a0.8_N10_C10_CPtop_Q1.0_cabaret_W2_D2.json,800,10,80,1.0,1.0,1.0,0.06604198706735485,0.5010379407300223,0.20203458656351503,tv,0.8,10,10,1.0,2,2,cabaret
sim_results_Ulastfm_pop1_a0.8_N10_C10_CPtop_Q1.0_cabaret_W2_D2.json,900,10,90,1.0,1.0,1.0,0.06604198706735485,0.5010379407300223,0.20203458656351503,tv,0.8,10,10,1.0,2,2,cabaret
sim_results_Ulastfm_pop1_a0.8_N10_C10_CPtop_Q1.0_cabaret_W2_D2.json,1000,10,100,1.0,1.0,1.0,0.06604198706735485,0.5010379407300223,0.20203458656351503,tv,0.8,10,10,1.0,2,2,cabaret
sim_results_Ulastfm_pop1_a0.8_N10_C20_CPtop_Q1.0_cabaret_W1_D2.json,100,10,10,0.0,0.0,0.0,0.049623502924540666,0.5270591754498509,0.2434976102251615,tv,0.8,10,20,1.0,1,2,cabaret
sim_results_Ulastfm_pop1_a0.8_N10_C20_CPtop_Q1.0_cabaret_W1_D2.json,200,10,20,0.8333333333333334,0.6999722251151381,0.9666944415515286,0.049623502924540666,0.5270591754498509,0.2434976102251615,tv,0.8,10,20,1.0,1,2,cabaret
sim_results_Ulastfm_pop1_a0.8_N10_C20_CPtop_Q1.0_cabaret_W1_D2.json,300,10,30,1.0,1.0,1.0,0.049623502924540666,0.5270591754498509,0.2434976102251615,tv,0.8,10,20,1.0,1,2,cabaret
sim_results_Ulastfm_pop1_a0.8_N10_C20_CPtop_Q1.0_cabaret_W1_D2.json,400,10,40,1.0,1.0,1.0,0.049623502924540666,0.5270591754498509,0.2434976102251615,tv,0.8,10,20,1.0,1,2,cabaret
sim_results_Ulastfm_pop1_a0.8_N10_C20_CPtop_Q1.0_cabaret_W1_D2.json,500,10,50,1.0,1.0,1.0,0.049623502924540666,0.5270591754498509,0.2434976102251615,tv,0.8,10,20,1.0,1,2,cabaret
sim_results_Ulastfm_pop1_a0.8_N10_C20_CPtop_Q1.0_cabaret_W1_D2.json,600,10,60,1.0,1.0,1.0,0.049623502924540666,0.5270591754498509,0.2434976102251615,tv,0.8,10,20,1.0,1,2,cabaret
sim_results_Ulastfm_pop1_a0.8_N10_C20_CPtop_Q1.0_cabaret_W1_D2.json,700,10,70,1.0,1.0,1.0,0.049623502924540666,0.5270591754498509,0.2434976102251615,tv,0.8,10,20,1.0,1,2,cabaret
sim_results_Ulastfm_pop1_a0.8_N10_C20_CPtop_Q1.0_cabaret_W1_D2.json,800,10,80,1.0,1.0,1.0,0.049623502924540666,0.5270591754498509,0.2434976102251615,tv,0.8,10,20,1.0,1,2,cabaret
sim_results_Ulastfm_pop1_a0.8_N10_C20_CPtop_Q1.0_cabaret_W1_D2.json,900,10,90,1.0,1.0,1.0,0.049623502924540666,0.5270591754498509,0.2434976102251615,tv,0.8,10,20,1.0,1,2,cabaret
sim_results_Ulastfm_pop1_a0.8_N10_C20_CPtop_Q1.0_cabaret_W1_D2.json,1000,10,100,1.0,1.0,1.0,0.049623502924540666,0.5270591754498509,0.2434976102251615,tv,0.8,10,20,1.0,1,2,cabaret
sim_results_Ulastfm_pop1_a0.8_N10_C20_CPtop_Q1.0_cabaret_W2_D1.json,100,10,10,0.03333333333333333,0.0,0.09756854924301145,0.06588894797408547,0.48293932125466305,0.18805151640801324,tv,0.8,10,20,1.0,2,1,cabaret
sim_results_Ulastfm_pop1_a0.8_N10_C20_CPtop_Q1.0_cabaret_W2_D1.json,200,10,20,0.9333333333333333,0.8440710066609742,1.0,0.06588894797408547,0.48293932125466305,0.18805151640801324,tv,0.8,10,20,1.0,2,1,cabaret
sim_results_Ulastfm_pop1_a0.8_N10_C20_CPtop_Q1.0_cabaret_W2_D1.json,300,10,30,1.0,1.0,1.0,0.06588894797408547,0.48293932125466305,0.18805151640801324,tv,0.8,10,20,1.0,2,1,cabaret
sim_results_Ulastfm_pop1_a0.8_N10_C20_CPtop_Q1.0_cabaret_W2_D1.json,400,10,40,1.0,1.0,1.0,0.06588894797408547,0.48293932125466305,0.18805151640801324,tv,0.8,10,20,1.0,2,1,cabaret
sim_results_Ulastfm_pop1_a0.8_N10_C20_CPtop_Q1.0_cabaret_W2_D1.json,500,10,50,1.0,1.0,1.0,0.06588894797408547,0.48293932125466305,0.18805151640801324,tv,0.8,10,20,1.0,2,1,cabaret
sim_results_Ulastfm_pop1_a0.8_N10_C20_CPtop_Q1.0_cabaret_W2_D1.json,600,10,60,1.0,1.0,1.0,0.06588894797408547,0.48293932125466305,0.18805151640801324,tv,0.8,10,20,1.0,2,1,cabaret
sim_results_Ulastfm_pop1_a0.8_N10_C20_CPtop_Q1.0_cabaret_W2_D1.json,700,10,70,1.0,1.0,1.0,0.06588894797408547,0.48293932125466305,0.18805151640801324,tv,0.8,10,20,1.0,2,1,cabaret
sim_results_Ulastfm_pop1_a0.8_N10_C20_CPtop_Q1.0_cabaret_W2_D1.json,800,10,80,1.0,1.0,1.0,0.06588894797408547,0.48293932125466305,0.18805151640801324,tv,0.8,10,20,1.0,2,1,cabaret
sim_results_Ulastfm_pop1_a0.8_N10_C20_CPtop_Q1.0_cabaret_W2_D1.json,900,10,90,1.0,1.0,1.0,0.06588894797408547,0.48293932125466305,0.18805151640801324,tv,0.8,10,20,1.0,2,1,cabaret
sim_results_Ulastfm_pop1_a0.8_N10_C20_CPtop_Q1.0_cabaret_W2_D1.json,1000,10,100,1.0,1.0,1.0,0.06588894797408547,0.48293932125466305,0.18805151640801324,tv,0.8,10,20,1.0,2,1,cabaret
sim_results_Ulastfm_pop1_a0.8_N10_C20_CPtop_Q1.0_cabaret_W2_D2.json,100,10,10,0.0,0.0,0.0,0.07177785270197908,0.5810627323932678,0.295206434552649,tv,0.8,10,20,1.0,2,2,cabaret
sim_results_Ulastfm_pop1_a0.8_N10_C20_CPtop_Q1.0_cabaret_W2_D2.json,200,10,20,1.0,1.0,1.0,0.07177785270197908,0.5810627323932678,0.295206434552649,tv,0.8,10,20,1.0,2,2,cabaret
sim_results_Ulastfm_pop1_a0.8_N10_C20_CPtop_Q1.0_cabaret_W2_D2.json,300,10,30,1.0,1.0,1.0,0.07177785270197908,0.5810627323932678,0.295206434552649,tv,0.8,10,20,1.0,2,2,cabaret
sim_results_Ulastfm_pop1_a0.8_N10_C20_CPtop_Q1.0_cabaret_W2_D2.json,400,10,40,1.0,1.0,1.0,0.07177785270197908,0.5810627323932678,0.295206434552649,tv,0.8,10,20,1.0,2,2,cabaret
sim_results_Ulastfm_pop1_a0.8_N10_C20_CPtop_Q1.0_cabaret_W2_D2.json,500,10,50,1.0,1.0,1.0,0.07177785270197908,0.5810627323932678,0.295206434552649,tv,0.8,10,20,1.0,2,2,cabaret
sim_results_Ulastfm_pop1_a0.8_N10_C20_CPtop_Q1.0_cabaret_W2_D2.json,600,10,60,1.0,1.0,1.0,0.07177785270197908,0.5810627323932678,0.295206434552649,tv,0.8,10,20,1.0,2,2,cabaret
sim_results_Ulastfm_pop1_a0.8_N10_C20_CPtop_Q1.0_cabaret_W2_D2.json,700,10,70,1.0,1.0,1.0,0.07177785270197908,0.5810627323932678,0.295206434552649,tv,0.8,10,20,1.0,2,2,cabaret
sim_results_Ulastfm_pop1_a0.8_N10_C20_CPtop_Q1.0_cabaret_W2_D2.json,800,10,80,1.0,1.0,1.0,0.07177785270197908,0.5810627323932678,0.295206434552649,tv,0.8,10,20,1.0,2,2,cabaret
sim_results_Ulastfm_pop1_a0.8_N10_C20_CPtop_Q1.0_cabaret_W2_D2.json,900,10,90,1.0,1.0,1.0,0.07177785270197908,0.5810627323932678,0.295206434552649,tv,0.8,10,20,1.0,2,2,cabaret
sim_results_Ulastfm_pop1_a0.8_N10_C20_CPtop_Q1.0_cabaret_W2_D2.json,1000,10,100,1.0,1.0,1.0,0.07177785270197908,0.5810627323932678,0.295206434552649,tv,0.8,10,20,1.0,2,2,cabaret
sim_results_Ulastfm_pop1_a0.8_N10_C5_CPtop_Q1.0_cabaret_W1_D2.json,100,10,10,0.0,0.0,0.0,0.048895017297534316,0.27958812054281834,0.05232740842415168,tv,0.8,10,5,1.0,1,2,cabaret
sim_results_Ulastfm_pop1_a0.8_N10_C5_CPtop_Q1.0_cabaret_W1_D2.json,200,10,20,0.26666666666666666,0.10842147482583778,0.4249118585074956,0.048895017297534316,0.27958812054281834,0.05232740842415168,tv,0.8,10,5,1.0,1,2,cabaret
sim_results_Ulastfm_pop1_a0.8_N10_C5_CPtop_Q1.0_cabaret_W1_D2.json,300,10,30,0.4666666666666667,0.28814201332194833,0.645191320011385,0.048895017297534316,0.27958812054281834,0.05232740842415168,tv,0.8,10,5,1.0,1,2,cabaret
sim_results_Ulastfm_pop1_a0.8_N10_C5_CPtop_Q1.0_cabaret_W1_D2.json,400,10,40,0.8666666666666667,0.7450226200631684,0.988310713270165,0.048895017297534316,0.27958812054281834,0.05232740842415168,tv,0.8,10,5,1.0,1,2,cabaret
sim_results_Ulastfm_pop1_a0.8_N10_C5_CPtop_Q1.0_cabaret_W1_D2.json,500,10,50,0.9333333333333333,0.8440710066609742,1.0,0.048895017297534316,0.27958812054281834,0.05232740842415168,tv,0.8,10,5,1.0,1,2,cabaret
sim_results_Ulastfm_pop1_a0.8_N10_C5_CPtop_Q1.0_cabaret_W1_D2.json,600,10,60,1.0,1.0,1.0,0.048895017297534316,0.27958812054281834,0.05232740842415168,tv,0.8,10,5,1.0,1,2,cabaret
sim_results_Ulastfm_pop1_a0.8_N10_C5_CPtop_Q1.0_cabaret_W1_D2.json,700,10,70,1.0,1.0,1.0,0.048895017297534316,0.27958812054281834,0.05232740842415168,tv,0.8,10,5,1.0,1,2,cabaret
sim_results_Ulastfm_pop1_a0.8_N10_C5_CPtop_Q1.0_cabaret_W1_D2.json,800,10,80,1.0,1.0,1.0,0.048895017297534316,0.27958812054281834,0.05232740842415168,tv,0.8,10,5,1.0,1,2,cabaret
sim_results_Ulastfm_pop1_a0.8_N10_C5_CPtop_Q1.0_cabaret_W1_D2.json,900,10,90,1.0,1.0,1.0,0.048895017297534316,0.27958812054281834,0.05232740842415168,tv,0.8,10,5,1.0,1,2,cabaret
sim_results_Ulastfm_pop1_a0.8_N10_C5_CPtop_Q1.0_cabaret_W1_D2.json,1000,10,100,1.0,1.0,1.0,0.048895017297534316,0.27958812054281834,0.05232740842415168,tv,0.8,10,5,1.0,1,2,cabaret
sim_results_Ulastfm_pop1_a0.8_N10_C5_CPtop_Q1.0_cabaret_W2_D1.json,100,10,10,0.0,0.0,0.0,0.03709392351153487,0.15927341509266874,0.020645006150688903,tv,0.8,10,5,1.0,2,1,cabaret
sim_results_Ulastfm_pop1_a0.8_N10_C5_CPtop_Q1.0_cabaret_W2_D1.json,200,10,20,0.0,0.0,0.0,0.03709392351153487,0.15927341509266874,0.020645006150688903,tv,0.8,10,5,1.0,2,1,cabaret
sim_results_Ulastfm_pop1_a0.8_N10_C5_CPtop_Q1.0_cabaret_W2_D1.json,300,10,30,0.2,0.056861838305316575,0.3431381616946835,0.03709392351153487,0.15927341509266874,0.020645006150688903,tv,0.8,10,5,1.0,2,1,cabaret
sim_results_Ulastfm_pop1_a0.8_N10_C5_CPtop_Q1.0_cabaret_W2_D1.json,400,10,40,0.26666666666666666,0.10842147482583778,0.4249118585074956,0.03709392351153487,0.15927341509266874,0.020645006150688903,tv,0.8,10,5,1.0,2,1,cabaret
sim_results_Ulastfm_pop1_a0.8_N10_C5_CPtop_Q1.0_cabaret_W2_D1.json,500,10,50,0.5666666666666667,0.389341520656837,0.7439918126764963,0.03709392351153487,0.15927341509266874,0.020645006150688903,tv,0.8,10,5,1.0,2,1,cabaret
sim_results_Ulastfm_pop1_a0.8_N10_C5_CPtop_Q1.0_cabaret_W2_D1.json,600,10,60,0.4666666666666667,0.28814201332194833,0.645191320011385,0.03709392351153487,0.15927341509266874,0.020645006150688903,tv,0.8,10,5,1.0,2,1,cabaret
sim_results_Ulastfm_pop1_a0.8_N10_C5_CPtop_Q1.0_cabaret_W2_D1.json,700,10,70,0.4666666666666667,0.28814201332194833,0.645191320011385,0.03709392351153487,0.15927341509266874,0.020645006150688903,tv,0.8,10,5,1.0,2,1,cabaret
sim_results_Ulastfm_pop1_a0.8_N10_C5_CPtop_Q1.0_cabaret_W2_D1.json,800,10,80,0.7666666666666667,0.6153150280283007,0.9180183053050327,0.03709392351153487,0.15927341509266874,0.020645006150688903,tv,0.8,10,5,1.0,2,1,cabaret
sim_results_Ulastfm_pop1_a0.8_N10_C5_CPtop_Q1.0_cabaret_W2_D1.json,900,10,90,0.7666666666666667,0.6153150280283007,0.9180183053050327,0.03709392351153487,0.15927341509266874,0.020645006150688903,tv,0.8,10,5,1.0,2,1,cabaret
sim_results_Ulastfm_pop1_a0.8_N10_C5_CPtop_Q1.0_cabaret_W2_D1.json,1000,10,100,0.9,0.7926463787289875,1.0,0.03709392351153487,0.15927341509266874,0.020645006150688903,tv,0.8,10,5,1.0,2,1,cabaret
sim_results_Ulastfm_pop1_a0.8_N10_C5_CPtop_Q1.0_cabaret_W2_D2.json,100,10,10,0.0,0.0,0.0,0.05837290968173599,0.30002028054015734,0.06098302121532785,tv,0.8,10,5,1.0,2,2,cabaret
sim_results_Ulastfm_pop1_a0.8_N10_C5_CPtop_Q1.0_cabaret_W2_D2.json,200,10,20,0.26666666666666666,0.10842147482583778,0.4249118585074956,0.05837290968173599,0.30002028054015734,0.06098302121532785,tv,0.8,10,5,1.0,2,2,cabaret
sim_results_Ulastfm_pop1_a0.8_N10_C5_CPtop_Q1.0_cabaret_W2_D2.json,300,10,30,0.7666666666666667,0.6153150280283007,0.9180183053050327,0.05837290968173599,0.30002028054015734,0.06098302121532785,tv,0.8,10,5,1.0,2,2,cabaret
sim_results_Ulastfm_pop1_a0.8_N10_C5_CPtop_Q1.0_cabaret_W2_D2.json,400,10,40,0.9666666666666667,0.9024314507569886,1.0,0.05837290968173599,0.30002028054015734,0.06098302121532785,tv,0.8,10,5,1.0,2,2,cabaret
sim_results_Ulastfm_pop1_a0.8_N10_C5_CPtop_Q1.0_cabaret_W2_D2.json,500,10,50,1.0,1.0,1.0,0.05837290968173599,0.30002028054015734,0.06098302121532785,tv,0.8,10,5,1.0,2,2,cabaret
sim_results_Ulastfm_pop1_a0.8_N10_C5_CPtop_Q1.0_cabaret_W2_D2.json,600,10,60,1.0,1.0,1.0,0.05837290968173599,0.30002028054015734,0.06098302121532785,tv,0.8,10,5,1.0,2,2,cabaret
sim_results_Ulastfm_pop1_a0.8_N10_C5_CPtop_Q1.0_cabaret_W2_D2.json,700,10,70,1.0,1.0,1.0,0.05837290968173599,0.30002028054015734,0.06098302121532785,tv,0.8,10,5,1.0,2,2,cabaret
sim_results_Ulastfm_pop1_a0.8_N10_C5_CPtop_Q1.0_cabaret_W2_D2.json,800,10,80,1.0,1.0,1.0,0.05837290968173599,0.30002028054015734,0.06098302121532785,tv,0.8,10,5,1.0,2,2,cabaret
sim_results_Ulastfm_pop1_a0.8_N10_C5_CPtop_Q1.0_cabaret_W2_D2.json,900,10,90,1.0,1.0,1.0,0.05837290968173599,0.30002028054015734,0.06098302121532785,tv,0.8,10,5,1.0,2,2,cabaret
sim_results_Ulastfm_pop1_a0.8_N10_C5_CPtop_Q1.0_cabaret_W2_D2.json,1000,10,100,1.0,1.0,1.0,0.05837290968173599,0.30002028054015734,0.06098302121532785,tv,0.8,10,5,1.0,2,2,cabaret
sim_results_Ulastfm_pop1_a0.8_N2_C10_CPtop_Q1.0_cabaret_W1_D2.json,100,10,10,0.06666666666666667,0.0,0.15592899333902582,0.017212360080092116,0.09477449987411957,0.01941835427375957,tv,0.8,2,10,1.0,1,2,cabaret
sim_results_Ulastfm_pop1_a0.8_N2_C10_CPtop_Q1.0_cabaret_W1_D2.json,200,10,20,0.0,0.0,0.0,0.017212360080092116,0.09477449987411957,0.01941835427375957,tv,0.8,2,10,1.0,1,2,cabaret
sim_results_Ulastfm_pop1_a0.8_N2_C10_CPtop_Q1.0_cabaret_W1_D2.json,300,10,30,0.06666666666666667,0.0,0.15592899333902582,0.017212360080092116,0.09477449987411957,0.01941835427375957,tv,0.8,2,10,1.0,1,2,cabaret
sim_results_Ulastfm_pop1_a0.8_N2_C10_CPtop_Q1.0_cabaret_W1_D2.json,400,10,40,0.2,0.056861838305316575,0.3431381616946835,0.017212360080092116,0.09477449987411957,0.01941835427375957,tv,0.8,2,10,1.0,1,2,cabaret
sim_results_Ulastfm_pop1_a0.8_N2_C10_CPtop_Q1.0_cabaret_W1_D2.json,500,10,50,0.06666666666666667,0.0,0.15592899333902582,0.017212360080092116,0.09477449987411957,0.01941835427375957,tv,0.8,2,10,1.0,1,2,cabaret
sim_results_Ulastfm_pop1_a0.8_N2_C10_CPtop_Q1.0_cabaret_W1_D2.json,600,10,60,0.16666666666666666,0.03330555844847141,0.3000277748848619,0.017212360080092116,0.09477449987411957,0.01941835427375957,tv,0.8,2,10,1.0,1,2,cabaret
sim_results_Ulastfm_pop1_a0.8_N2_C10_CPtop_Q1.0_cabaret_W1_D2.json,700,10,70,0.06666666666666667,0.0,0.15592899333902582,0.017212360080092116,0.09477449987411957,0.01941835427375957,tv,0.8,2,10,1.0,1,2,cabaret
sim_results_Ulastfm_pop1_a0.8_N2_C10_CPtop_Q1.0_cabaret_W1_D2.json,800,10,80,0.13333333333333333,0.011689286729835005,0.25497737993683167,0.017212360080092116,0.09477449987411957,0.01941835427375957,tv,0.8,2,10,1.0,1,2,cabaret
sim_results_Ulastfm_pop1_a0.8_N2_C10_CPtop_Q1.0_cabaret_W1_D2.json,900,10,90,0.26666666666666666,0.10842147482583778,0.4249118585074956,0.017212360080092116,0.09477449987411957,0.01941835427375957,tv,0.8,2,10,1.0,1,2,cabaret
sim_results_Ulastfm_pop1_a0.8_N2_C10_CPtop_Q1.0_cabaret_W1_D2.json,1000,10,100,0.26666666666666666,0.10842147482583778,0.4249118585074956,0.017212360080092116,0.09477449987411957,0.01941835427375957,tv,0.8,2,10,1.0,1,2,cabaret
sim_results_Ulastfm_pop1_a0.8_N2_C10_CPtop_Q1.0_cabaret_W2_D1.json,100,10,10,0.1,0.0,0.20735362127101256,0.022137371148593387,0.09654645488810915,0.019416736623013298,tv,0.8,2,10,1.0,2,1,cabaret
sim_results_Ulastfm_pop1_a0.8_N2_C10_CPtop_Q1.0_cabaret_W2_D1.json,200,10,20,0.1,0.0,0.20735362127101256,0.022137371148593387,0.09654645488810915,0.019416736623013298,tv,0.8,2,10,1.0,2,1,cabaret
sim_results_Ulastfm_pop1_a0.8_N2_C10_CPtop_Q1.0_cabaret_W2_D1.json,300,10,30,0.16666666666666666,0.03330555844847141,0.3000277748848619,0.022137371148593387,0.09654645488810915,0.019416736623013298,tv,0.8,2,10,1.0,2,1,cabaret
sim_results_Ulastfm_pop1_a0.8_N2_C10_CPtop_Q1.0_cabaret_W2_D1.json,400,10,40,0.16666666666666666,0.03330555844847141,0.3000277748848619,0.022137371148593387,0.09654645488810915,0.019416736623013298,tv,0.8,2,10,1.0,2,1,cabaret
sim_results_Ulastfm_pop1_a0.8_N2_C10_CPtop_Q1.0_cabaret_W2_D1.json,500,10,50,0.2,0.056861838305316575,0.3431381616946835,0.022137371148593387,0.09654645488810915,0.019416736623013298,tv,0.8,2,10,1.0,2,1,cabaret
sim_results_Ulastfm_pop1_a0.8_N2_C10_CPtop_Q1.0_cabaret_W2_D1.json,600,10,60,0.26666666666666666,0.10842147482583778,0.4249118585074956,0.022137371148593387,0.09654645488810915,0.019416736623013298,tv,0.8,2,10,1.0,2,1,cabaret
sim_results_Ulastfm_pop1_a0.8_N2_C10_CPtop_Q1.0_cabaret_W2_D1.json,700,10,70,0.3,0.1360146347993212,0.4639853652006788,0.022137371148593387,0.09654645488810915,0.019416736623013298,tv,0.8,2,10,1.0,2,1,cabaret
sim_results_Ulastfm_pop1_a0.8_N2_C10_CPtop_Q1.0_cabaret_W2_D1.json,800,10,80,0.36666666666666664,0.19422296678282158,0.5391103665505117,0.022137371148593387,0.09654645488810915,0.019416736623013298,tv,0.8,2,10,1.0,2,1,cabaret
sim_results_Ulastfm_pop1_a0.8_N2_C10_CPtop_Q1.0_cabaret_W2_D1.json,900,10,90,0.5666666666666667,0.389341520656837,0.7439918126764963,0.022137371148593387,0.09654645488810915,0.019416736623013298,tv,0.8,2,10,1.0,2,1,cabaret
sim_results_Ulastfm_pop1_a0.8_N2_C10_CPtop_Q1.0_cabaret_W2_D1.json,1000,10,100,0.4,0.2246922705640165,0.5753077294359835,0.022137371148593387,0.09654645488810915,0.019416736623013298,tv,0.8,2,10,1.0,2,1,cabaret
sim_results_Ulastfm_pop1_a0.8_N2_C10_CPtop_Q1.0_cabaret_W2_D2.json,100,10,10,0.13333333333333333,0.011689286729835005,0.25497737993683167,0.035791166262534535,0.27416786515770014,0.08542477012113121,tv,0.8,2,10,1.0,2,2,cabaret
sim_results_Ulastfm_pop1_a0.8_N2_C10_CPtop_Q1.0_cabaret_W2_D2.json,200,10,20,0.2,0.056861838305316575,0.3431381616946835,0.035791166262534535,0.27416786515770014,0.08542477012113121,tv,0.8,2,10,1.0,2,2,cabaret
sim_results_Ulastfm_pop1_a0.8_N2_C10_CPtop_Q1.0_cabaret_W2_D2.json,300,10,30,0.6,0.4246922705640165,0.7753077294359835,0.035791166262534535,0.27416786515770014,0.08542477012113121,tv,0.8,2,10,1.0,2,2,cabaret
sim_results_Ulastfm_pop1_a0.8_N2_C10_CPtop_Q1.0_cabaret_W2_D2.json,400,10,40,0.8666666666666667,0.7450226200631684,0.988310713270165,0.035791166262534535,0.27416786515770014,0.08542477012113121,tv,0.8,2,10,1.0,2,2,cabaret
sim_results_Ulastfm_pop1_a0.8_N2_C10_CPtop_Q1.0_cabaret_W2_D2.json,500,10,50,0.9666666666666667,0.9024314507569886,1.0,0.035791166262534535,0.27416786515770014,0.08542477012113121,tv,0.8,2,10,1.0,2,2,cabaret
sim_results_Ulastfm_pop1_a0.8_N2_C10_CPtop_Q1.0_cabaret_W2_D2.json,600,10,60,1.0,1.0,1.0,0.035791166262534535,0.27416786515770014,0.08542477012113121,tv,0.8,2,10,1.0,2,2,cabaret
sim_results_Ulastfm_pop1_a0.8_N2_C10_CPtop_Q1.0_cabaret_W2_D2.json,700,10,70,1.0,1.0,1.0,0.035791166262534535,0.27416786515770014,0.08542477012113121,tv,0.8,2,10,1.0,2,2,cabaret
sim_results_Ulastfm_pop1_a0.8_N2_C10_CPtop_Q1.0_cabaret_W2_D2.json,800,10,80,1.0,1.0,1.0,0.035791166262534535,0.27416786515770014,0.08542477012113121,tv,0.8,2,10,1.0,2,2,cabaret
sim_results_Ulastfm_pop1_a0.8_N2_C10_CPtop_Q1.0_cabaret_W2_D2.json,900,10,90,1.0,1.0,1.0,0.035791166262534535,0.27416786515770014,0.08542477012113121,tv,0.8,2,10,1.0,2,2,cabaret
sim_results_Ulastfm_pop1_a0.8_N2_C10_CPtop_Q1.0_cabaret_W2_D2.json,1000,10,100,1.0,1.0,1.0,0.035791166262534535,0.27416786515770014,0.08542477012113121,tv,0.8,2,10,1.0,2,2,cabaret
sim_results_Ulastfm_pop1_a0.8_N2_C20_CPtop_Q1.0_cabaret_W1_D2.json,100,10,10,0.0,0.0,0.0,0.0149845868773505,0.15317435555034092,0.042072102029276394,tv,0.8,2,20,1.0,1,2,cabaret
sim_results_Ulastfm_pop1_a0.8_N2_C20_CPtop_Q1.0_cabaret_W1_D2.json,200,10,20,0.06666666666666667,0.0,0.15592899333902582,0.0149845868773505,0.15317435555034092,0.042072102029276394,tv,0.8,2,20,1.0,1,2,cabaret
sim_results_Ulastfm_pop1_a0.8_N2_C20_CPtop_Q1.0_cabaret_W1_D2.json,300,10,30,0.03333333333333333,0.0,0.09756854924301145,0.0149845868773505,0.15317435555034092,0.042072102029276394,tv,0.8,2,20,1.0,1,2,cabaret
sim_results_Ulastfm_pop1_a0.8_N2_C20_CPtop_Q1.0_cabaret_W1_D2.json,400,10,40,0.1,0.0,0.20735362127101256,0.0149845868773505,0.15317435555034092,0.042072102029276394,tv,0.8,2,20,1.0,1,2,cabaret
sim_results_Ulastfm_pop1_a0.8_N2_C20_CPtop_Q1.0_cabaret_W1_D2.json,500,10,50,0.3,0.1360146347993212,0.4639853652006788,0.0149845868773505,0.15317435555034092,0.042072102029276394,tv,0.8,2,20,1.0,1,2,cabaret
sim_results_Ulastfm_pop1_a0.8_N2_C20_CPtop_Q1.0_cabaret_W1_D2.json,600,10,60,0.4666666666666667,0.28814201332194833,0.645191320011385,0.0149845868773505,0.15317435555034092,0.042072102029276394,tv,0.8,2,20,1.0,1,2,cabaret
sim_results_Ulastfm_pop1_a0.8_N2_C20_CPtop_Q1.0_cabaret_W1_D2.json,700,10,70,0.4,0.2246922705640165,0.5753077294359835,0.0149845868773505,0.15317435555034092,0.042072102029276394,tv,0.8,2,20,1.0,1,2,cabaret
sim_results_Ulastfm_pop1_a0.8_N2_C20_CPtop_Q1.0_cabaret_W1_D2.json,800,10,80,0.4666666666666667,0.28814201332194833,0.645191320011385,0.0149845868773505,0.15317435555034092,0.042072102029276394,tv,0.8,2,20,1.0,1,2,cabaret
sim_results_Ulastfm_pop1_a0.8_N2_C20_CPtop_Q1.0_cabaret_W1_D2.json,900,10,90,0.6666666666666666,0.497976725365188,0.8353566079681453,0.0149845868773505,0.15317435555034092,0.042072102029276394,tv,0.8,2,20,1.0,1,2,cabaret
sim_results_Ulastfm_pop1_a0.8_N2_C20_CPtop_Q1.0_cabaret_W1_D2.json,1000,10,100,0.7,0.5360146347993211,0.8639853652006788,0.0149845868773505,0.15317435555034092,0.042072102029276394,tv,0.8,2,20,1.0,1,2,cabaret
sim_results_Ulastfm_pop1_a0.8_N2_C20_CPtop_Q1.0_cabaret_W2_D1.json,100,10,10,0.0,0.0,0.0,0.010820873401283002,0.08617741192755421,0.016394708036885416,tv,0.8,2,20,1.0,2,1,cabaret
sim_results_Ulastfm_pop1_a0.8_N2_C20_CPtop_Q1.0_cabaret_W2_D1.json,200,10,20,0.1,0.0,0.20735362127101256,0.010820873401283002,0.08617741192755421,0.016394708036885416,tv,0.8,2,20,1.0,2,1,cabaret
sim_results_Ulastfm_pop1_a0.8_N2_C20_CPtop_Q1.0_cabaret_W2_D1.json,300,10,30,0.03333333333333333,0.0,0.09756854924301145,0.010820873401283002,0.08617741192755421,0.016394708036885416,tv,0.8,2,20,1.0,2,1,cabaret
sim_results_Ulastfm_pop1_a0.8_N2_C20_CPtop_Q1.0_cabaret_W2_D1.json,400,10,40,0.0,0.0,0.0,0.010820873401283002,0.08617741192755421,0.016394708036885416,tv,0.8,2,20,1.0,2,1,cabaret
sim_results_Ulastfm_pop1_a0.8_N2_C20_CPtop_Q1.0_cabaret_W2_D1.json,500,10,50,0.16666666666666666,0.03330555844847141,0.3000277748848619,0.010820873401283002,0.08617741192755421,0.016394708036885416,tv,0.8,2,20,1.0,2,1,cabaret
sim_results_Ulastfm_pop1_a0.8_N2_C20_CPtop_Q1.0_cabaret_W2_D1.json,600,10,60,0.03333333333333333,0.0,0.09756854924301145,0.010820873401283002,0.08617741192755421,0.016394708036885416,tv,0.8,2,20,1.0,2,1,cabaret
sim_results_Ulastfm_pop1_a0.8_N2_C20_CPtop_Q1.0_cabaret_W2_D1.json,700,10,70,0.13333333333333333,0.011689286729835005,0.25497737993683167,0.010820873401283002,0.08617741192755421,0.016394708036885416,tv,0.8,2,20,1.0,2,1,cabaret
sim_results_Ulastfm_pop1_a0.8_N2_C20_CPtop_Q1.0_cabaret_W2_D1.json,800,10,80,0.26666666666666666,0.10842147482583778,0.4249118585074956,0.010820873401283002,0.08617741192755421,0.016394708036885416,tv,0.8,2,20,1.0,2,1,cabaret
sim_results_Ulastfm_pop1_a0.8_N2_C20_CPtop_Q1.0_cabaret_W2_D1.json,900,10,90,0.03333333333333333,0.0,0.09756854924301145,0.010820873401283002,0.08617741192755421,0.016394708036885416,tv,0.8,2,20,1.0,2,1,cabaret
sim_results_Ulastfm_pop1_a0.8_N2_C20_CPtop_Q1.0_cabaret_W2_D1.json,1000,10,100,0.23333333333333334,0.08198169469496736,0.3846849719716993,0.010820873401283002,0.08617741192755421,0.016394708036885416,tv,0.8,2,20,1.0,2,1,cabaret
sim_results_Ulastfm_pop1_a0.8_N2_C20_CPtop_Q1.0_cabaret_W2_D2.json,100,10,10,0.0,0.0,0.0,0.027413340102630093,0.3026945247978958,0.10141096065558802,tv,0.8,2,20,1.0,2,2,cabaret
sim_results_Ulastfm_pop1_a0.8_N2_C20_CPtop_Q1.0_cabaret_W2_D2.json,200,10,20,0.23333333333333334,0.08198169469496736,0.3846849719716993,0.027413340102630093,0.3026945247978958,0.10141096065558802,tv,0.8,2,20,1.0,2,2,cabaret
sim_results_Ulastfm_pop1_a0.8_N2_C20_CPtop_Q1.0_cabaret_W2_D2.json,300,10,30,0.4666666666666667,0.28814201332194833,0.645191320011385,0.027413340102630093,0.3026945247978958,0.10141096065558802,tv,0.8,2,20,1.0,2,2,cabaret
sim_results_Ulastfm_pop1_a0.8_N2_C20_CPtop_Q1.0_cabaret_W2_D2.json,400,10,40,0.8,0.6568618383053166,0.9431381616946835,0.027413340102630093,0.3026945247978958,0.10141096065558802,tv,0.8,2,20,1.0,2,2,cabaret
sim_results_Ulastfm_pop1_a0.8_N2_C20_CPtop_Q1.0_cabaret_W2_D2.json,500,10,50,0.9666666666666667,0.9024314507569886,1.0,0.027413340102630093,0.3026945247978958,0.10141096065558802,tv,0.8,2,20,1.0,2,2,cabaret
sim_results_Ulastfm_pop1_a0.8_N2_C20_CPtop_Q1.0_cabaret_W2_D2.json,600,10,60,0.9666666666666667,0.9024314507569886,1.0,0.027413340102630093,0.3026945247978958,0.10141096065558802,tv,0.8,2,20,1.0,2,2,cabaret
sim_results_Ulastfm_pop1_a0.8_N2_C20_CPtop_Q1.0_cabaret_W2_D2.json,700,10,70,1.0,1.0,1.0,0.027413340102630093,0.3026945247978958,0.10141096065558802,tv,0.8,2,20,1.0,2,2,cabaret
sim_results_Ulastfm_pop1_a0.8_N2_C20_CPtop_Q1.0_cabaret_W2_D2.json,800,10,80,1.0,1.0,1.0,0.027413340102630093,0.3026945247978958,0.10141096065558802,tv,0.8,2,20,1.0,2,2,cabaret
sim_results_Ulastfm_pop1_a0.8_N2_C20_CPtop_Q1.0_cabaret_W2_D2.json,900,10,90,1.0,1.0,1.0,0.027413340102630093,0.3026945247978958,0.10141096065558802,tv,0.8,2,20,1.0,2,2,cabaret
sim_results_Ulastfm_pop1_a0.8_N2_C20_CPtop_Q1.0_cabaret_W2_D2.json,1000,10,100,1.0,1.0,1.0,0.027413340102630093,0.3026945247978958,0.10141096065558802,tv,0.8,2,20,1.0,2,2,cabaret
sim_results_Ulastfm_pop1_a0.8_N2_C5_CPtop_Q1.0_cabaret_W1_D2.json,100,10,10,0.03333333333333333,0.0,0.09756854924301145,0.010932016993743805,0.03737776689130194,0.00471098376787166,tv,0.8,2,5,1.0,1,2,cabaret
sim_results_Ulastfm_pop1_a0.8_N2_C5_CPtop_Q1.0_cabaret_W1_D2.json,200,10,20,0.03333333333333333,0.0,0.09756854924301145,0.010932016993743805,0.03737776689130194,0.00471098376787166,tv,0.8,2,5,1.0,1,2,cabaret
sim_results_Ulastfm_pop1_a0.8_N2_C5_CPtop_Q1.0_cabaret_W1_D2.json,300,10,30,0.06666666666666667,0.0,0.15592899333902582,0.010932016993743805,0.03737776689130194,0.00471098376787166,tv,0.8,2,5,1.0,1,2,cabaret
sim_results_Ulastfm_pop1_a0.8_N2_C5_CPtop_Q1.0_cabaret_W1_D2.json,400,10,40,0.06666666666666667,0.0,0.15592899333902582,0.010932016993743805,0.03737776689130194,0.00471098376787166,tv,0.8,2,5,1.0,1,2,cabaret
sim_results_Ulastfm_pop1_a0.8_N2_C5_CPtop_Q1.0_cabaret_W1_D2.json,500,10,50,0.0,0.0,0.0,0.010932016993743805,0.03737776689130194,0.00471098376787166,tv,0.8,2,5,1.0,1,2,cabaret
sim_results_Ulastfm_pop1_a0.8_N2_C5_CPtop_Q1.0_cabaret_W1_D2.json,600,10,60,0.03333333333333333,0.0,0.09756854924301145,0.010932016993743805,0.03737776689130194,0.00471098376787166,tv,0.8,2,5,1.0,1,2,cabaret
sim_results_Ulastfm_pop1_a0.8_N2_C5_CPtop_Q1.0_cabaret_W1_D2.json,700,10,70,0.26666666666666666,0.10842147482583778,0.4249118585074956,0.010932016993743805,0.03737776689130194,0.00471098376787166,tv,0.8,2,5,1.0,1,2,cabaret
sim_results_Ulastfm_pop1_a0.8_N2_C5_CPtop_Q1.0_cabaret_W1_D2.json,800,10,80,0.1,0.0,0.20735362127101256,0.010932016993743805,0.03737776689130194,0.00471098376787166,tv,0.8,2,5,1.0,1,2,cabaret
sim_results_Ulastfm_pop1_a0.8_N2_C5_CPtop_Q1.0_cabaret_W1_D2.json,900,10,90,0.1,0.0,0.20735362127101256,0.010932016993743805,0.03737776689130194,0.00471098376787166,tv,0.8,2,5,1.0,1,2,cabaret
sim_results_Ulastfm_pop1_a0.8_N2_C5_CPtop_Q1.0_cabaret_W1_D2.json,1000,10,100,0.03333333333333333,0.0,0.09756854924301145,0.010932016993743805,0.03737776689130194,0.00471098376787166,tv,0.8,2,5,1.0,1,2,cabaret
sim_results_Ulastfm_pop1_a0.8_N2_C5_CPtop_Q1.0_cabaret_W2_D1.json,100,10,10,0.03333333333333333,0.0,0.09756854924301145,0.02214789601591927,0.07556478458852692,0.016269564897136313,tv,0.8,2,5,1.0,2,1,cabaret
sim_results_Ulastfm_pop1_a0.8_N2_C5_CPtop_Q1.0_cabaret_W2_D1.json,200,10,20,0.2,0.056861838305316575,0.3431381616946835,0.02214789601591927,0.07556478458852692,0.016269564897136313,tv,0.8,2,5,1.0,2,1,cabaret
sim_results_Ulastfm_pop1_a0.8_N2_C5_CPtop_Q1.0_cabaret_W2_D1.json,300,10,30,0.26666666666666666,0.10842147482583778,0.4249118585074956,0.02214789601591927,0.07556478458852692,0.016269564897136313,tv,0.8,2,5,1.0,2,1,cabaret
sim_results_Ulastfm_pop1_a0.8_N2_C5_CPtop_Q1.0_cabaret_W2_D1.json,400,10,40,0.1,0.0,0.20735362127101256,0.02214789601591927,0.07556478458852692,0.016269564897136313,tv,0.8,2,5,1.0,2,1,cabaret
sim_results_Ulastfm_pop1_a0.8_N2_C5_CPtop_Q1.0_cabaret_W2_D1.json,500,10,50,0.13333333333333333,0.011689286729835005,0.25497737993683167,0.02214789601591927,0.07556478458852692,0.016269564897136313,tv,0.8,2,5,1.0,2,1,cabaret
sim_results_Ulastfm_pop1_a0.8_N2_C5_CPtop_Q1.0_cabaret_W2_D1.json,600,10,60,0.16666666666666666,0.03330555844847141,0.3000277748848619,0.02214789601591927,0.07556478458852692,0.016269564897136313,tv,0.8,2,5,1.0,2,1,cabaret
sim_results_Ulastfm_pop1_a0.8_N2_C5_CPtop_Q1.0_cabaret_W2_D1.json,700,10,70,0.23333333333333334,0.08198169469496736,0.3846849719716993,0.02214789601591927,0.07556478458852692,0.016269564897136313,tv,0.8,2,5,1.0,2,1,cabaret
sim_results_Ulastfm_pop1_a0.8_N2_C5_CPtop_Q1.0_cabaret_W2_D1.json,800,10,80,0.3333333333333333,0.1646433920318547,0.5020232746348119,0.02214789601591927,0.07556478458852692,0.016269564897136313,tv,0.8,2,5,1.0,2,1,cabaret
sim_results_Ulastfm_pop1_a0.8_N2_C5_CPtop_Q1.0_cabaret_W2_D1.json,900,10,90,0.43333333333333335,0.2560081873235037,0.610658479343163,0.02214789601591927,0.07556478458852692,0.016269564897136313,tv,0.8,2,5,1.0,2,1,cabaret
sim_results_Ulastfm_pop1_a0.8_N2_C5_CPtop_Q1.0_cabaret_W2_D1.json,1000,10,100,0.16666666666666666,0.03330555844847141,0.3000277748848619,0.02214789601591927,0.07556478458852692,0.016269564897136313,tv,0.8,2,5,1.0,2,1,cabaret
sim_results_Ulastfm_pop1_a0.8_N2_C5_CPtop_Q1.0_cabaret_W2_D2.json,100,10,10,0.13333333333333333,0.011689286729835005,0.25497737993683167,0.036087304826320166,0.18082555908013426,0.05653273002625781,tv,0.8,2,5,1.0,2,2,cabaret
sim_results_Ulastfm_pop1_a0.8_N2_C5_CPtop_Q1.0_cabaret_W2_D2.json,200,10,20,0.26666666666666666,0.10842147482583778,0.4249118585074956,0.036087304826320166,0.18082555908013426,0.05653273002625781,tv,0.8,2,5,1.0,2,2,cabaret
sim_results_Ulastfm_pop1_a0.8_N2_C5_CPtop_Q1.0_cabaret_W2_D2.json,300,10,30,0.6666666666666666,0.497976725365188,0.8353566079681453,0.036087304826320166,0.18082555908013426,0.05653273002625781,tv,0.8,2,5,1.0,2,2,cabaret
sim_results_Ulastfm_pop1_a0.8_N2_C5_CPtop_Q1.0_cabaret_W2_D2.json,400,10,40,0.7,0.5360146347993211,0.8639853652006788,0.036087304826320166,0.18082555908013426,0.05653273002625781,tv,0.8,2,5,1.0,2,2,cabaret
sim_results_Ulastfm_pop1_a0.8_N2_C5_CPtop_Q1.0_cabaret_W2_D2.json,500,10,50,0.7,0.5360146347993211,0.8639853652006788,0.036087304826320166,0.18082555908013426,0.05653273002625781,tv,0.8,2,5,1.0,2,2,cabaret
sim_results_Ulastfm_pop1_a0.8_N2_C5_CPtop_Q1.0_cabaret_W2_D2.json,600,10,60,0.8666666666666667,0.7450226200631684,0.988310713270165,0.036087304826320166,0.18082555908013426,0.05653273002625781,tv,0.8,2,5,1.0,2,2,cabaret
sim_results_Ulastfm_pop1_a0.8_N2_C5_CPtop_Q1.0_cabaret_W2_D2.json,700,10,70,0.9333333333333333,0.8440710066609742,1.0,0.036087304826320166,0.18082555908013426,0.05653273002625781,tv,0.8,2,5,1.0,2,2,cabaret
sim_results_Ulastfm_pop1_a0.8_N2_C5_CPtop_Q1.0_cabaret_W2_D2.json,800,10,80,0.9666666666666667,0.9024314507569886,1.0,0.036087304826320166,0.18082555908013426,0.05653273002625781,tv,0.8,2,5,1.0,2,2,cabaret
sim_results_Ulastfm_pop1_a0.8_N2_C5_CPtop_Q1.0_cabaret_W2_D2.json,900,10,90,1.0,1.0,1.0,0.036087304826320166,0.18082555908013426,0.05653273002625781,tv,0.8,2,5,1.0,2,2,cabaret
sim_results_Ulastfm_pop1_a0.8_N2_C5_CPtop_Q1.0_cabaret_W2_D2.json,1000,10,100,1.0,1.0,1.0,0.036087304826320166,0.18082555908013426,0.05653273002625781,tv,0.8,2,5,1.0,2,2,cabaret
sim_results_Ulastfm_pop1_a0.8_N5_C10_CPtop_Q1.0_cabaret_W1_D2.json,100,10,10,0.0,0.0,0.0,0.02974342436689982,0.16139983673311853,0.02678157248966654,tv,0.8,5,10,1.0,1,2,cabaret
sim_results_Ulastfm_pop1_a0.8_N5_C10_CPtop_Q1.0_cabaret_W1_D2.json,200,10,20,0.2,0.056861838305316575,0.3431381616946835,0.02974342436689982,0.16139983673311853,0.02678157248966654,tv,0.8,5,10,1.0,1,2,cabaret
sim_results_Ulastfm_pop1_a0.8_N5_C10_CPtop_Q1.0_cabaret_W1_D2.json,300,10,30,0.1,0.0,0.20735362127101256,0.02974342436689982,0.16139983673311853,0.02678157248966654,tv,0.8,5,10,1.0,1,2,cabaret
sim_results_Ulastfm_pop1_a0.8_N5_C10_CPtop_Q1.0_cabaret_W1_D2.json,400,10,40,0.23333333333333334,0.08198169469496736,0.3846849719716993,0.02974342436689982,0.16139983673311853,0.02678157248966654,tv,0.8,5,10,1.0,1,2,cabaret
sim_results_Ulastfm_pop1_a0.8_N5_C10_CPtop_Q1.0_cabaret_W1_D2.json,500,10,50,0.23333333333333334,0.08198169469496736,0.3846849719716993,0.02974342436689982,0.16139983673311853,0.02678157248966654,tv,0.8,5,10,1.0,1,2,cabaret
sim_results_Ulastfm_pop1_a0.8_N5_C10_CPtop_Q1.0_cabaret_W1_D2.json,600,10,60,0.26666666666666666,0.10842147482583778,0.4249118585074956,0.02974342436689982,0.16139983673311853,0.02678157248966654,tv,0.8,5,10,1.0,1,2,cabaret
sim_results_Ulastfm_pop1_a0.8_N5_C10_CPtop_Q1.0_cabaret_W1_D2.json,700,10,70,0.6333333333333333,0.46088963344948825,0.8057770332171783,0.02974342436689982,0.16139983673311853,0.02678157248966654,tv,0.8,5,10,1.0,1,2,cabaret
sim_results_Ulastfm_pop1_a0.8_N5_C10_CPtop_Q1.0_cabaret_W1_D2.json,800,10,80,0.5333333333333333,0.354808679988615,0.7118579866780517,0.02974342436689982,0.16139983673311853,0.02678157248966654,tv,0.8,5,10,1.0,1,2,cabaret
sim_results_Ulastfm_pop1_a0.8_N5_C10_CPtop_Q1.0_cabaret_W1_D2.json,900,10,90,0.6666666666666666,0.497976725365188,0.8353566079681453,0.02974342436689982,0.16139983673311853,0.02678157248966654,tv,0.8,5,10,1.0,1,2,cabaret
sim_results_Ulastfm_pop1_a0.8_N5_C10_CPtop_Q1.0_cabaret_W1_D2.json,1000,10,100,0.5,0.32107729788164574,0.6789227021183543,0.02974342436689982,0.16139983673311853,0.02678157248966654,tv,0.8,5,10,1.0,1,2,cabaret
sim_results_Ulastfm_pop1_a0.8_N5_C10_CPtop_Q1.0_cabaret_W2_D1.json,100,10,10,0.03333333333333333,0.0,0.09756854924301145,0.02308684359616383,0.08448738768545583,0.008787420639574064,tv,0.8,5,10,1.0,2,1,cabaret
sim_results_Ulastfm_pop1_a0.8_N5_C10_CPtop_Q1.0_cabaret_W2_D1.json,200,10,20,0.03333333333333333,0.0,0.09756854924301145,0.02308684359616383,0.08448738768545583,0.008787420639574064,tv,0.8,5,10,1.0,2,1,cabaret
sim_results_Ulastfm_pop1_a0.8_N5_C10_CPtop_Q1.0_cabaret_W2_D1.json,300,10,30,0.0,0.0,0.0,0.02308684359616383,0.08448738768545583,0.008787420639574064,tv,0.8,5,10,1.0,2,1,cabaret
sim_results_Ulastfm_pop1_a0.8_N5_C10_CPtop_Q1.0_cabaret_W2_D1.json,400,10,40,0.1,0.0,0.20735362127101256,0.02308684359616383,0.08448738768545583,0.008787420639574064,tv,0.8,5,10,1.0,2,1,cabaret
sim_results_Ulastfm_pop1_a0.8_N5_C10_CPtop_Q1.0_cabaret_W2_D1.json,500,10,50,0.06666666666666667,0.0,0.15592899333902582,0.02308684359616383,0.08448738768545583,0.008787420639574064,tv,0.8,5,10,1.0,2,1,cabaret
sim_results_Ulastfm_pop1_a0.8_N5_C10_CPtop_Q1.0_cabaret_W2_D1.json,600,10,60,0.1,0.0,0.20735362127101256,0.02308684359616383,0.08448738768545583,0.008787420639574064,tv,0.8,5,10,1.0,2,1,cabaret
sim_results_Ulastfm_pop1_a0.8_N5_C10_CPtop_Q1.0_cabaret_W2_D1.json,700,10,70,0.13333333333333333,0.011689286729835005,0.25497737993683167,0.02308684359616383,0.08448738768545583,0.008787420639574064,tv,0.8,5,10,1.0,2,1,cabaret
sim_results_Ulastfm_pop1_a0.8_N5_C10_CPtop_Q1.0_cabaret_W2_D1.json,800,10,80,0.23333333333333334,0.08198169469496736,0.3846849719716993,0.02308684359616383,0.08448738768545583,0.008787420639574064,tv,0.8,5,10,1.0,2,1,cabaret
sim_results_Ulastfm_pop1_a0.8_N5_C10_CPtop_Q1.0_cabaret_W2_D1.json,900,10,90,0.16666666666666666,0.03330555844847141,0.3000277748848619,0.02308684359616383,0.08448738768545583,0.008787420639574064,tv,0.8,5,10,1.0,2,1,cabaret
sim_results_Ulastfm_pop1_a0.8_N5_C10_CPtop_Q1.0_cabaret_W2_D1.json,1000,10,100,0.16666666666666666,0.03330555844847141,0.3000277748848619,0.02308684359616383,0.08448738768545583,0.008787420639574064,tv,0.8,5,10,1.0,2,1,cabaret
sim_results_Ulastfm_pop1_a0.8_N5_C10_CPtop_Q1.0_cabaret_W2_D2.json,100,10,10,0.0,0.0,0.0,0.10351967836616212,0.41943542007021206,0.14200018072367998,tv,0.8,5,10,1.0,2,2,cabaret
sim_results_Ulastfm_pop1_a0.8_N5_C10_CPtop_Q1.0_cabaret_W2_D2.json,200,10,20,0.9333333333333333,0.8440710066609742,1.0,0.10351967836616212,0.41943542007021206,0.14200018072367998,tv,0.8,5,10,1.0,2,2,cabaret
sim_results_Ulastfm_pop1_a0.8_N5_C10_CPtop_Q1.0_cabaret_W2_D2.json,300,10,30,0.9,0.7926463787289875,1.0,0.10351967836616212,0.41943542007021206,0.14200018072367998,tv,0.8,5,10,1.0,2,2,cabaret
sim_results_Ulastfm_pop1_a0.8_N5_C10_CPtop_Q1.0_cabaret_W2_D2.json,400,10,40,1.0,1.0,1.0,0.10351967836616212,0.41943542007021206,0.14200018072367998,tv,0.8,5,10,1.0,2,2,cabaret
sim_results_Ulastfm_pop1_a0.8_N5_C10_CPtop_Q1.0_cabaret_W2_D2.json,500,10,50,1.0,1.0,1.0,0.10351967836616212,0.41943542007021206,0.14200018072367998,tv,0.8,5,10,1.0,2,2,cabaret
sim_results_Ulastfm_pop1_a0.8_N5_C10_CPtop_Q1.0_cabaret_W2_D2.json,600,10,60,1.0,1.0,1.0,0.10351967836616212,0.41943542007021206,0.14200018072367998,tv,0.8,5,10,1.0,2,2,cabaret
sim_results_Ulastfm_pop1_a0.8_N5_C10_CPtop_Q1.0_cabaret_W2_D2.json,700,10,70,1.0,1.0,1.0,0.10351967836616212,0.41943542007021206,0.14200018072367998,tv,0.8,5,10,1.0,2,2,cabaret
sim_results_Ulastfm_pop1_a0.8_N5_C10_CPtop_Q1.0_cabaret_W2_D2.json,800,10,80,1.0,1.0,1.0,0.10351967836616212,0.41943542007021206,0.14200018072367998,tv,0.8,5,10,1.0,2,2,cabaret
sim_results_Ulastfm_pop1_a0.8_N5_C10_CPtop_Q1.0_cabaret_W2_D2.json,900,10,90,1.0,1.0,1.0,0.10351967836616212,0.41943542007021206,0.14200018072367998,tv,0.8,5,10,1.0,2,2,cabaret
sim_results_Ulastfm_pop1_a0.8_N5_C10_CPtop_Q1.0_cabaret_W2_D2.json,1000,10,100,1.0,1.0,1.0,0.10351967836616212,0.41943542007021206,0.14200018072367998,tv,0.8,5,10,1.0,2,2,cabaret
sim_results_Ulastfm_pop1_a0.8_N5_C20_CPtop_Q1.0_cabaret_W1_D2.json,100,10,10,0.0,0.0,0.0,0.026389978371541604,0.24705977129183748,0.05841143124930963,tv,0.8,5,20,1.0,1,2,cabaret
sim_results_Ulastfm_pop1_a0.8_N5_C20_CPtop_Q1.0_cabaret_W1_D2.json,200,10,20,0.03333333333333333,0.0,0.09756854924301145,0.026389978371541604,0.24705977129183748,0.05841143124930963,tv,0.8,5,20,1.0,1,2,cabaret
sim_results_Ulastfm_pop1_a0.8_N5_C20_CPtop_Q1.0_cabaret_W1_D2.json,300,10,30,0.1,0.0,0.20735362127101256,0.026389978371541604,0.24705977129183748,0.05841143124930963,tv,0.8,5,20,1.0,1,2,cabaret
sim_results_Ulastfm_pop1_a0.8_N5_C20_CPtop_Q1.0_cabaret_W1_D2.json,400,10,40,0.1,0.0,0.20735362127101256,0.026389978371541604,0.24705977129183748,0.05841143124930963,tv,0.8,5,20,1.0,1,2,cabaret
sim_results_Ulastfm_pop1_a0.8_N5_C20_CPtop_Q1.0_cabaret_W1_D2.json,500,10,50,0.6666666666666666,0.497976725365188,0.8353566079681453,0.026389978371541604,0.24705977129183748,0.05841143124930963,tv,0.8,5,20,1.0,1,2,cabaret
sim_results_Ulastfm_pop1_a0.8_N5_C20_CPtop_Q1.0_cabaret_W1_D2.json,600,10,60,0.7333333333333333,0.5750881414925044,0.8915785251741621,0.026389978371541604,0.24705977129183748,0.05841143124930963,tv,0.8,5,20,1.0,1,2,cabaret
sim_results_Ulastfm_pop1_a0.8_N5_C20_CPtop_Q1.0_cabaret_W1_D2.json,700,10,70,0.9333333333333333,0.8440710066609742,1.0,0.026389978371541604,0.24705977129183748,0.05841143124930963,tv,0.8,5,20,1.0,1,2,cabaret
sim_results_Ulastfm_pop1_a0.8_N5_C20_CPtop_Q1.0_cabaret_W1_D2.json,800,10,80,0.8666666666666667,0.7450226200631684,0.988310713270165,0.026389978371541604,0.24705977129183748,0.05841143124930963,tv,0.8,5,20,1.0,1,2,cabaret
sim_results_Ulastfm_pop1_a0.8_N5_C20_CPtop_Q1.0_cabaret_W1_D2.json,900,10,90,0.8666666666666667,0.7450226200631684,0.988310713270165,0.026389978371541604,0.24705977129183748,0.05841143124930963,tv,0.8,5,20,1.0,1,2,cabaret
sim_results_Ulastfm_pop1_a0.8_N5_C20_CPtop_Q1.0_cabaret_W1_D2.json,1000,10,100,0.9333333333333333,0.8440710066609742,1.0,0.026389978371541604,0.24705977129183748,0.05841143124930963,tv,0.8,5,20,1.0,1,2,cabaret
sim_results_Ulastfm_pop1_a0.8_N5_C20_CPtop_Q1.0_cabaret_W2_D1.json,100,10,10,0.06666666666666667,0.0,0.15592899333902582,0.020684442020877193,0.13263970044907591,0.01525093685534626,tv,0.8,5,20,1.0,2,1,cabaret
sim_results_Ulastfm_pop1_a0.8_N5_C20_CPtop_Q1.0_cabaret_W2_D1.json,200,10,20,0.0,0.0,0.0,0.020684442020877193,0.13263970044907591,0.01525093685534626,tv,0.8,5,20,1.0,2,1,cabaret
sim_results_Ulastfm_pop1_a0.8_N5_C20_CPtop_Q1.0_cabaret_W2_D1.json,300,10,30,0.1,0.0,0.20735362127101256,0.020684442020877193,0.13263970044907591,0.01525093685534626,tv,0.8,5,20,1.0,2,1,cabaret
sim_results_Ulastfm_pop1_a0.8_N5_C20_CPtop_Q1.0_cabaret_W2_D1.json,400,10,40,0.03333333333333333,0.0,0.09756854924301145,0.020684442020877193,0.13263970044907591,0.01525093685534626,tv,0.8,5,20,1.0,2,1,cabaret
sim_results_Ulastfm_pop1_a0.8_N5_C20_CPtop_Q1.0_cabaret_W2_D1.json,500,10,50,0.16666666666666666,0.03330555844847141,0.3000277748848619,0.020684442020877193,0.13263970044907591,0.01525093685534626,tv,0.8,5,20,1.0,2,1,cabaret
sim_results_Ulastfm_pop1_a0.8_N5_C20_CPtop_Q1.0_cabaret_W2_D1.json,600,10,60,0.16666666666666666,0.03330555844847141,0.3000277748848619,0.020684442020877193,0.13263970044907591,0.01525093685534626,tv,0.8,5,20,1.0,2,1,cabaret
sim_results_Ulastfm_pop1_a0.8_N5_C20_CPtop_Q1.0_cabaret_W2_D1.json,700,10,70,0.06666666666666667,0.0,0.15592899333902582,0.020684442020877193,0.13263970044907591,0.01525093685534626,tv,0.8,5,20,1.0,2,1,cabaret
sim_results_Ulastfm_pop1_a0.8_N5_C20_CPtop_Q1.0_cabaret_W2_D1.json,800,10,80,0.16666666666666666,0.03330555844847141,0.3000277748848619,0.020684442020877193,0.13263970044907591,0.01525093685534626,tv,0.8,5,20,1.0,2,1,cabaret
sim_results_Ulastfm_pop1_a0.8_N5_C20_CPtop_Q1.0_cabaret_W2_D1.json,900,10,90,0.13333333333333333,0.011689286729835005,0.25497737993683167,0.020684442020877193,0.13263970044907591,0.01525093685534626,tv,0.8,5,20,1.0,2,1,cabaret
sim_results_Ulastfm_pop1_a0.8_N5_C20_CPtop_Q1.0_cabaret_W2_D1.json,1000,10,100,0.23333333333333334,0.08198169469496736,0.3846849719716993,0.020684442020877193,0.13263970044907591,0.01525093685534626,tv,0.8,5,20,1.0,2,1,cabaret
sim_results_Ulastfm_pop1_a0.8_N5_C20_CPtop_Q1.0_cabaret_W2_D2.json,100,10,10,0.2,0.056861838305316575,0.3431381616946835,0.10348476156304881,0.5673672417306268,0.24339538177217504,tv,0.8,5,20,1.0,2,2,cabaret
sim_results_Ulastfm_pop1_a0.8_N5_C20_CPtop_Q1.0_cabaret_W2_D2.json,200,10,20,1.0,1.0,1.0,0.10348476156304881,0.5673672417306268,0.24339538177217504,tv,0.8,5,20,1.0,2,2,cabaret
sim_results_Ulastfm_pop1_a0.8_N5_C20_CPtop_Q1.0_cabaret_W2_D2.json,300,10,30,1.0,1.0,1.0,0.10348476156304881,0.5673672417306268,0.24339538177217504,tv,0.8,5,20,1.0,2,2,cabaret
sim_results_Ulastfm_pop1_a0.8_N5_C20_CPtop_Q1.0_cabaret_W2_D2.json,400,10,40,1.0,1.0,1.0,0.10348476156304881,0.5673672417306268,0.24339538177217504,tv,0.8,5,20,1.0,2,2,cabaret
sim_results_Ulastfm_pop1_a0.8_N5_C20_CPtop_Q1.0_cabaret_W2_D2.json,500,10,50,1.0,1.0,1.0,0.10348476156304881,0.5673672417306268,0.24339538177217504,tv,0.8,5,20,1.0,2,2,cabaret
sim_results_Ulastfm_pop1_a0.8_N5_C20_CPtop_Q1.0_cabaret_W2_D2.json,600,10,60,1.0,1.0,1.0,0.10348476156304881,0.5673672417306268,0.24339538177217504,tv,0.8,5,20,1.0,2,2,cabaret
sim_results_Ulastfm_pop1_a0.8_N5_C20_CPtop_Q1.0_cabaret_W2_D2.json,700,10,70,1.0,1.0,1.0,0.10348476156304881,0.5673672417306268,0.24339538177217504,tv,0.8,5,20,1.0,2,2,cabaret
sim_results_Ulastfm_pop1_a0.8_N5_C20_CPtop_Q1.0_cabaret_W2_D2.json,800,10,80,1.0,1.0,1.0,0.10348476156304881,0.5673672417306268,0.24339538177217504,tv,0.8,5,20,1.0,2,2,cabaret
sim_results_Ulastfm_pop1_a0.8_N5_C20_CPtop_Q1.0_cabaret_W2_D2.json,900,10,90,1.0,1.0,1.0,0.10348476156304881,0.5673672417306268,0.24339538177217504,tv,0.8,5,20,1.0,2,2,cabaret
sim_results_Ulastfm_pop1_a0.8_N5_C20_CPtop_Q1.0_cabaret_W2_D2.json,1000,10,100,1.0,1.0,1.0,0.10348476156304881,0.5673672417306268,0.24339538177217504,tv,0.8,5,20,1.0,2,2,cabaret
sim_results_Ulastfm_pop1_a0.8_N5_C5_CPtop_Q1.0_cabaret_W1_D2.json,100,10,10,0.0,0.0,0.0,0.031078393152574414,0.13467171426547964,0.01810098714153819,tv,0.8,5,5,1.0,1,2,cabaret
sim_results_Ulastfm_pop1_a0.8_N5_C5_CPtop_Q1.0_cabaret_W1_D2.json,200,10,20,0.0,0.0,0.0,0.031078393152574414,0.13467171426547964,0.01810098714153819,tv,0.8,5,5,1.0,1,2,cabaret
sim_results_Ulastfm_pop1_a0.8_N5_C5_CPtop_Q1.0_cabaret_W1_D2.json,300,10,30,0.06666666666666667,0.0,0.15592899333902582,0.031078393152574414,0.13467171426547964,0.01810098714153819,tv,0.8,5,5,1.0,1,2,cabaret
sim_results_Ulastfm_pop1_a0.8_N5_C5_CPtop_Q1.0_cabaret_W1_D2.json,400,10,40,0.06666666666666667,0.0,0.15592899333902582,0.031078393152574414,0.13467171426547964,0.01810098714153819,tv,0.8,5,5,1.0,1,2,cabaret
sim_results_Ulastfm_pop1_a0.8_N5_C5_CPtop_Q1.0_cabaret_W1_D2.json,500,10,50,0.1,0.0,0.20735362127101256,0.031078393152574414,0.13467171426547964,0.01810098714153819,tv,0.8,5,5,1.0,1,2,cabaret
sim_results_Ulastfm_pop1_a0.8_N5_C5_CPtop_Q1.0_cabaret_W1_D2.json,600,10,60,0.13333333333333333,0.011689286729835005,0.25497737993683167,0.031078393152574414,0.13467171426547964,0.01810098714153819,tv,0.8,5,5,1.0,1,2,cabaret
sim_results_Ulastfm_pop1_a0.8_N5_C5_CPtop_Q1.0_cabaret_W1_D2.json,700,10,70,0.23333333333333334,0.08198169469496736,0.3846849719716993,0.031078393152574414,0.13467171426547964,0.01810098714153819,tv,0.8,5,5,1.0,1,2,cabaret
sim_results_Ulastfm_pop1_a0.8_N5_C5_CPtop_Q1.0_cabaret_W1_D2.json,800,10,80,0.43333333333333335,0.2560081873235037,0.610658479343163,0.031078393152574414,0.13467171426547964,0.01810098714153819,tv,0.8,5,5,1.0,1,2,cabaret
sim_results_Ulastfm_pop1_a0.8_N5_C5_CPtop_Q1.0_cabaret_W1_D2.json,900,10,90,0.16666666666666666,0.03330555844847141,0.3000277748848619,0.031078393152574414,0.13467171426547964,0.01810098714153819,tv,0.8,5,5,1.0,1,2,cabaret
sim_results_Ulastfm_pop1_a0.8_N5_C5_CPtop_Q1.0_cabaret_W1_D2.json,1000,10,100,0.26666666666666666,0.10842147482583778,0.4249118585074956,0.031078393152574414,0.13467171426547964,0.01810098714153819,tv,0.8,5,5,1.0,1,2,cabaret
sim_results_Ulastfm_pop1_a0.8_N5_C5_CPtop_Q1.0_cabaret_W2_D1.json,100,10,10,0.0,0.0,0.0,0.023193865311213945,0.07894808180363946,0.008285872515720674,tv,0.8,5,5,1.0,2,1,cabaret
sim_results_Ulastfm_pop1_a0.8_N5_C5_CPtop_Q1.0_cabaret_W2_D1.json,200,10,20,0.0,0.0,0.0,0.023193865311213945,0.07894808180363946,0.008285872515720674,tv,0.8,5,5,1.0,2,1,cabaret
sim_results_Ulastfm_pop1_a0.8_N5_C5_CPtop_Q1.0_cabaret_W2_D1.json,300,10,30,0.0,0.0,0.0,0.023193865311213945,0.07894808180363946,0.008285872515720674,tv,0.8,5,5,1.0,2,1,cabaret
sim_results_Ulastfm_pop1_a0.8_N5_C5_CPtop_Q1.0_cabaret_W2_D1.json,400,10,40,0.0,0.0,0.0,0.023193865311213945,0.07894808180363946,0.008285872515720674,tv,0.8,5,5,1.0,2,1,cabaret
sim_results_Ulastfm_pop1_a0.8_N5_C5_CPtop_Q1.0_cabaret_W2_D1.json,500,10,50,0.16666666666666666,0.03330555844847141,0.3000277748848619,0.023193865311213945,0.07894808180363946,0.008285872515720674,tv,0.8,5,5,1.0,2,1,cabaret
sim_results_Ulastfm_pop1_a0.8_N5_C5_CPtop_Q1.0_cabaret_W2_D1.json,600,10,60,0.06666666666666667,0.0,0.15592899333902582,0.023193865311213945,0.07894808180363946,0.008285872515720674,tv,0.8,5,5,1.0,2,1,cabaret
sim_results_Ulastfm_pop1_a0.8_N5_C5_CPtop_Q1.0_cabaret_W2_D1.json,700,10,70,0.16666666666666666,0.03330555844847141,0.3000277748848619,0.023193865311213945,0.07894808180363946,0.008285872515720674,tv,0.8,5,5,1.0,2,1,cabaret
sim_results_Ulastfm_pop1_a0.8_N5_C5_CPtop_Q1.0_cabaret_W2_D1.json,800,10,80,0.0,0.0,0.0,0.023193865311213945,0.07894808180363946,0.008285872515720674,tv,0.8,5,5,1.0,2,1,cabaret
sim_results_Ulastfm_pop1_a0.8_N5_C5_CPtop_Q1.0_cabaret_W2_D1.json,900,10,90,0.1,0.0,0.20735362127101256,0.023193865311213945,0.07894808180363946,0.008285872515720674,tv,0.8,5,5,1.0,2,1,cabaret
sim_results_Ulastfm_pop1_a0.8_N5_C5_CPtop_Q1.0_cabaret_W2_D1.json,1000,10,100,0.06666666666666667,0.0,0.15592899333902582,0.023193865311213945,0.07894808180363946,0.008285872515720674,tv,0.8,5,5,1.0,2,1,cabaret
sim_results_Ulastfm_pop1_a0.8_N5_C5_CPtop_Q1.0_cabaret_W2_D2.json,100,10,10,0.23333333333333334,0.08198169469496736,0.3846849719716993,0.1192952749085376,0.34785991474207273,0.09529873293732356,tv,0.8,5,5,1.0,2,2,cabaret
sim_results_Ulastfm_pop1_a0.8_N5_C5_CPtop_Q1.0_cabaret_W2_D2.json,200,10,20,0.4666666666666667,0.28814201332194833,0.645191320011385,0.1192952749085376,0.34785991474207273,0.09529873293732356,tv,0.8,5,5,1.0,2,2,cabaret
sim_results_Ulastfm_pop1_a0.8_N5_C5_CPtop_Q1.0_cabaret_W2_D2.json,300,10,30,0.9666666666666667,0.9024314507569886,1.0,0.1192952749085376,0.34785991474207273,0.09529873293732356,tv,0.8,5,5,1.0,2,2,cabaret
sim_results_Ulastfm_pop1_a0.8_N5_C5_CPtop_Q1.0_cabaret_W2_D2.json,400,10,40,1.0,1.0,1.0,0.1192952749085376,0.34785991474207273,0.09529873293732356,tv,0.8,5,5,1.0,2,2,cabaret
sim_results_Ulastfm_pop1_a0.8_N5_C5_CPtop_Q1.0_cabaret_W2_D2.json,500,10,50,1.0,1.0,1.0,0.1192952749085376,0.34785991474207273,0.09529873293732356,tv,0.8,5,5,1.0,2,2,cabaret
sim_results_Ulastfm_pop1_a0.8_N5_C5_CPtop_Q1.0_cabaret_W2_D2.json,600,10,60,1.0,1.0,1.0,0.1192952749085376,0.34785991474207273,0.09529873293732356,tv,0.8,5,5,1.0,2,2,cabaret
sim_results_Ulastfm_pop1_a0.8_N5_C5_CPtop_Q1.0_cabaret_W2_D2.json,700,10,70,1.0,1.0,1.0,0.1192952749085376,0.34785991474207273,0.09529873293732356,tv,0.8,5,5,1.0,2,2,cabaret
sim_results_Ulastfm_pop1_a0.8_N5_C5_CPtop_Q1.0_cabaret_W2_D2.json,800,10,80,1.0,1.0,1.0,0.1192952749085376,0.34785991474207273,0.09529873293732356,tv,0.8,5,5,1.0,2,2,cabaret
sim_results_Ulastfm_pop1_a0.8_N5_C5_CPtop_Q1.0_cabaret_W2_D2.json,900,10,90,1.0,1.0,1.0,0.1192952749085376,0.34785991474207273,0.09529873293732356,tv,0.8,5,5,1.0,2,2,cabaret
sim_results_Ulastfm_pop1_a0.8_N5_C5_CPtop_Q1.0_cabaret_W2_D2.json,1000,10,100,1.0,1.0,1.0,0.1192952749085376,0.34785991474207273,0.09529873293732356,tv,0.8,5,5,1.0,2,2,cabaret
sim_results_Umovielens1k_pop0_a0.5_N10_C10_CPtop_Q1.0_cabaret_W1_D2.json,100,10,10,0.0,0.0,0.0,0.019355104628987905,0.1873548497756084,0.031135538773258694,tv,0.5,10,10,1.0,1,2,cabaret
sim_results_Umovielens1k_pop0_a0.5_N10_C10_CPtop_Q1.0_cabaret_W1_D2.json,200,10,20,0.2,0.056861838305316575,0.3431381616946835,0.019355104628987905,0.1873548497756084,0.031135538773258694,tv,0.5,10,10,1.0,1,2,cabaret
sim_results_Umovielens1k_pop0_a0.5_N10_C10_CPtop_Q1.0_cabaret_W1_D2.json,300,10,30,0.4666666666666667,0.28814201332194833,0.645191320011385,0.019355104628987905,0.1873548497756084,0.031135538773258694,tv,0.5,10,10,1.0,1,2,cabaret
sim_results_Umovielens1k_pop0_a0.5_N10_C10_CPtop_Q1.0_cabaret_W1_D2.json,400,10,40,0.8333333333333334,0.6999722251151381,0.9666944415515286,0.019355104628987905,0.1873548497756084,0.031135538773258694,tv,0.5,10,10,1.0,1,2,cabaret
sim_results_Umovielens1k_pop0_a0.5_N10_C10_CPtop_Q1.0_cabaret_W1_D2.json,500,10,50,0.5333333333333333,0.354808679988615,0.7118579866780517,0.019355104628987905,0.1873548497756084,0.031135538773258694,tv,0.5,10,10,1.0,1,2,cabaret
sim_results_Umovielens1k_pop0_a0.5_N10_C10_CPtop_Q1.0_cabaret_W1_D2.json,600,10,60,0.9333333333333333,0.8440710066609742,1.0,0.019355104628987905,0.1873548497756084,0.031135538773258694,tv,0.5,10,10,1.0,1,2,cabaret
sim_results_Umovielens1k_pop0_a0.5_N10_C10_CPtop_Q1.0_cabaret_W1_D2.json,700,10,70,0.9,0.7926463787289875,1.0,0.019355104628987905,0.1873548497756084,0.031135538773258694,tv,0.5,10,10,1.0,1,2,cabaret
sim_results_Umovielens1k_pop0_a0.5_N10_C10_CPtop_Q1.0_cabaret_W1_D2.json,800,10,80,0.8666666666666667,0.7450226200631684,0.988310713270165,0.019355104628987905,0.1873548497756084,0.031135538773258694,tv,0.5,10,10,1.0,1,2,cabaret
sim_results_Umovielens1k_pop0_a0.5_N10_C10_CPtop_Q1.0_cabaret_W1_D2.json,900,10,90,1.0,1.0,1.0,0.019355104628987905,0.1873548497756084,0.031135538773258694,tv,0.5,10,10,1.0,1,2,cabaret
sim_results_Umovielens1k_pop0_a0.5_N10_C10_CPtop_Q1.0_cabaret_W1_D2.json,1000,10,100,0.9666666666666667,0.9024314507569886,1.0,0.019355104628987905,0.1873548497756084,0.031135538773258694,tv,0.5,10,10,1.0,1,2,cabaret
sim_results_Umovielens1k_pop0_a0.5_N10_C10_CPtop_Q1.0_cabaret_W2_D1.json,100,10,10,0.03333333333333333,0.0,0.09756854924301145,0.019109576971708654,0.14043053172000103,0.020289282051650943,tv,0.5,10,10,1.0,2,1,cabaret
sim_results_Umovielens1k_pop0_a0.5_N10_C10_CPtop_Q1.0_cabaret_W2_D1.json,200,10,20,0.1,0.0,0.20735362127101256,0.019109576971708654,0.14043053172000103,0.020289282051650943,tv,0.5,10,10,1.0,2,1,cabaret
sim_results_Umovielens1k_pop0_a0.5_N10_C10_CPtop_Q1.0_cabaret_W2_D1.json,300,10,30,0.3,0.1360146347993212,0.4639853652006788,0.019109576971708654,0.14043053172000103,0.020289282051650943,tv,0.5,10,10,1.0,2,1,cabaret
sim_results_Umovielens1k_pop0_a0.5_N10_C10_CPtop_Q1.0_cabaret_W2_D1.json,400,10,40,0.16666666666666666,0.03330555844847141,0.3000277748848619,0.019109576971708654,0.14043053172000103,0.020289282051650943,tv,0.5,10,10,1.0,2,1,cabaret
sim_results_Umovielens1k_pop0_a0.5_N10_C10_CPtop_Q1.0_cabaret_W2_D1.json,500,10,50,0.4,0.2246922705640165,0.5753077294359835,0.019109576971708654,0.14043053172000103,0.020289282051650943,tv,0.5,10,10,1.0,2,1,cabaret
sim_results_Umovielens1k_pop0_a0.5_N10_C10_CPtop_Q1.0_cabaret_W2_D1.json,600,10,60,0.43333333333333335,0.2560081873235037,0.610658479343163,0.019109576971708654,0.14043053172000103,0.020289282051650943,tv,0.5,10,10,1.0,2,1,cabaret
sim_results_Umovielens1k_pop0_a0.5_N10_C10_CPtop_Q1.0_cabaret_W2_D1.json,700,10,70,0.36666666666666664,0.19422296678282158,0.5391103665505117,0.019109576971708654,0.14043053172000103,0.020289282051650943,tv,0.5,10,10,1.0,2,1,cabaret
sim_results_Umovielens1k_pop0_a0.5_N10_C10_CPtop_Q1.0_cabaret_W2_D1.json,800,10,80,0.7333333333333333,0.5750881414925044,0.8915785251741621,0.019109576971708654,0.14043053172000103,0.020289282051650943,tv,0.5,10,10,1.0,2,1,cabaret
sim_results_Umovielens1k_pop0_a0.5_N10_C10_CPtop_Q1.0_cabaret_W2_D1.json,900,10,90,0.5666666666666667,0.389341520656837,0.7439918126764963,0.019109576971708654,0.14043053172000103,0.020289282051650943,tv,0.5,10,10,1.0,2,1,cabaret
sim_results_Umovielens1k_pop0_a0.5_N10_C10_CPtop_Q1.0_cabaret_W2_D1.json,1000,10,100,0.8333333333333334,0.6999722251151381,0.9666944415515286,0.019109576971708654,0.14043053172000103,0.020289282051650943,tv,0.5,10,10,1.0,2,1,cabaret
sim_results_Umovielens1k_pop0_a0.5_N10_C10_CPtop_Q1.0_cabaret_W2_D2.json,100,10,10,0.13333333333333333,0.011689286729835005,0.25497737993683167,0.04146848716539516,0.396221937630015,0.09996328722023365,tv,0.5,10,10,1.0,2,2,cabaret
sim_results_Umovielens1k_pop0_a0.5_N10_C10_CPtop_Q1.0_cabaret_W2_D2.json,200,10,20,0.9666666666666667,0.9024314507569886,1.0,0.04146848716539516,0.396221937630015,0.09996328722023365,tv,0.5,10,10,1.0,2,2,cabaret
sim_results_Umovielens1k_pop0_a0.5_N10_C10_CPtop_Q1.0_cabaret_W2_D2.json,300,10,30,1.0,1.0,1.0,0.04146848716539516,0.396221937630015,0.09996328722023365,tv,0.5,10,10,1.0,2,2,cabaret
sim_results_Umovielens1k_pop0_a0.5_N10_C10_CPtop_Q1.0_cabaret_W2_D2.json,400,10,40,1.0,1.0,1.0,0.04146848716539516,0.396221937630015,0.09996328722023365,tv,0.5,10,10,1.0,2,2,cabaret
sim_results_Umovielens1k_pop0_a0.5_N10_C10_CPtop_Q1.0_cabaret_W2_D2.json,500,10,50,1.0,1.0,1.0,0.04146848716539516,0.396221937630015,0.09996328722023365,tv,0.5,10,10,1.0,2,2,cabaret
sim_results_Umovielens1k_pop0_a0.5_N10_C10_CPtop_Q1.0_cabaret_W2_D2.json,600,10,60,1.0,1.0,1.0,0.04146848716539516,0.396221937630015,0.09996328722023365,tv,0.5,10,10,1.0,2,2,cabaret
sim_results_Umovielens1k_pop0_a0.5_N10_C10_CPtop_Q1.0_cabaret_W2_D2.json,700,10,70,1.0,1.0,1.0,0.04146848716539516,0.396221937630015,0.09996328722023365,tv,0.5,10,10,1.0,2,2,cabaret
sim_results_Umovielens1k_pop0_a0.5_N10_C10_CPtop_Q1.0_cabaret_W2_D2.json,800,10,80,1.0,1.0,1.0,0.04146848716539516,0.396221937630015,0.09996328722023365,tv,0.5,10,10,1.0,2,2,cabaret
sim_results_Umovielens1k_pop0_a0.5_N10_C10_CPtop_Q1.0_cabaret_W2_D2.json,900,10,90,1.0,1.0,1.0,0.04146848716539516,0.396221937630015,0.09996328722023365,tv,0.5,10,10,1.0,2,2,cabaret
sim_results_Umovielens1k_pop0_a0.5_N10_C10_CPtop_Q1.0_cabaret_W2_D2.json,1000,10,100,1.0,1.0,1.0,0.04146848716539516,0.396221937630015,0.09996328722023365,tv,0.5,10,10,1.0,2,2,cabaret
sim_results_Umovielens1k_pop0_a0.5_N10_C20_CPtop_Q1.0_cabaret_W1_D2.json,100,10,10,0.0,0.0,0.0,0.017395299821360257,0.25331851869684846,0.04509789093188517,tv,0.5,10,20,1.0,1,2,cabaret
sim_results_Umovielens1k_pop0_a0.5_N10_C20_CPtop_Q1.0_cabaret_W1_D2.json,200,10,20,0.13333333333333333,0.011689286729835005,0.25497737993683167,0.017395299821360257,0.25331851869684846,0.04509789093188517,tv,0.5,10,20,1.0,1,2,cabaret
sim_results_Umovielens1k_pop0_a0.5_N10_C20_CPtop_Q1.0_cabaret_W1_D2.json,300,10,30,0.5666666666666667,0.389341520656837,0.7439918126764963,0.017395299821360257,0.25331851869684846,0.04509789093188517,tv,0.5,10,20,1.0,1,2,cabaret
sim_results_Umovielens1k_pop0_a0.5_N10_C20_CPtop_Q1.0_cabaret_W1_D2.json,400,10,40,0.7333333333333333,0.5750881414925044,0.8915785251741621,0.017395299821360257,0.25331851869684846,0.04509789093188517,tv,0.5,10,20,1.0,1,2,cabaret
sim_results_Umovielens1k_pop0_a0.5_N10_C20_CPtop_Q1.0_cabaret_W1_D2.json,500,10,50,0.8333333333333334,0.6999722251151381,0.9666944415515286,0.017395299821360257,0.25331851869684846,0.04509789093188517,tv,0.5,10,20,1.0,1,2,cabaret
sim_results_Umovielens1k_pop0_a0.5_N10_C20_CPtop_Q1.0_cabaret_W1_D2.json,600,10,60,1.0,1.0,1.0,0.017395299821360257,0.25331851869684846,0.04509789093188517,tv,0.5,10,20,1.0,1,2,cabaret
sim_results_Umovielens1k_pop0_a0.5_N10_C20_CPtop_Q1.0_cabaret_W1_D2.json,700,10,70,1.0,1.0,1.0,0.017395299821360257,0.25331851869684846,0.04509789093188517,tv,0.5,10,20,1.0,1,2,cabaret
sim_results_Umovielens1k_pop0_a0.5_N10_C20_CPtop_Q1.0_cabaret_W1_D2.json,800,10,80,1.0,1.0,1.0,0.017395299821360257,0.25331851869684846,0.04509789093188517,tv,0.5,10,20,1.0,1,2,cabaret
sim_results_Umovielens1k_pop0_a0.5_N10_C20_CPtop_Q1.0_cabaret_W1_D2.json,900,10,90,0.9666666666666667,0.9024314507569886,1.0,0.017395299821360257,0.25331851869684846,0.04509789093188517,tv,0.5,10,20,1.0,1,2,cabaret
sim_results_Umovielens1k_pop0_a0.5_N10_C20_CPtop_Q1.0_cabaret_W1_D2.json,1000,10,100,1.0,1.0,1.0,0.017395299821360257,0.25331851869684846,0.04509789093188517,tv,0.5,10,20,1.0,1,2,cabaret
sim_results_Umovielens1k_pop0_a0.5_N10_C20_CPtop_Q1.0_cabaret_W2_D1.json,100,10,10,0.0,0.0,0.0,0.02000102842244083,0.2083244419469203,0.032743471890033106,tv,0.5,10,20,1.0,2,1,cabaret
sim_results_Umovielens1k_pop0_a0.5_N10_C20_CPtop_Q1.0_cabaret_W2_D1.json,200,10,20,0.1,0.0,0.20735362127101256,0.02000102842244083,0.2083244419469203,0.032743471890033106,tv,0.5,10,20,1.0,2,1,cabaret
sim_results_Umovielens1k_pop0_a0.5_N10_C20_CPtop_Q1.0_cabaret_W2_D1.json,300,10,30,0.36666666666666664,0.19422296678282158,0.5391103665505117,0.02000102842244083,0.2083244419469203,0.032743471890033106,tv,0.5,10,20,1.0,2,1,cabaret
sim_results_Umovielens1k_pop0_a0.5_N10_C20_CPtop_Q1.0_cabaret_W2_D1.json,400,10,40,0.5333333333333333,0.354808679988615,0.7118579866780517,0.02000102842244083,0.2083244419469203,0.032743471890033106,tv,0.5,10,20,1.0,2,1,cabaret
sim_results_Umovielens1k_pop0_a0.5_N10_C20_CPtop_Q1.0_cabaret_W2_D1.json,500,10,50,0.7666666666666667,0.6153150280283007,0.9180183053050327,0.02000102842244083,0.2083244419469203,0.032743471890033106,tv,0.5,10,20,1.0,2,1,cabaret
sim_results_Umovielens1k_pop0_a0.5_N10_C20_CPtop_Q1.0_cabaret_W2_D1.json,600,10,60,0.8666666666666667,0.7450226200631684,0.988310713270165,0.02000102842244083,0.2083244419469203,0.032743471890033106,tv,0.5,10,20,1.0,2,1,cabaret
sim_results_Umovielens1k_pop0_a0.5_N10_C20_CPtop_Q1.0_cabaret_W2_D1.json,700,10,70,0.8,0.6568618383053166,0.9431381616946835,0.02000102842244083,0.2083244419469203,0.032743471890033106,tv,0.5,10,20,1.0,2,1,cabaret
sim_results_Umovielens1k_pop0_a0.5_N10_C20_CPtop_Q1.0_cabaret_W2_D1.json,800,10,80,0.8,0.6568618383053166,0.9431381616946835,0.02000102842244083,0.2083244419469203,0.032743471890033106,tv,0.5,10,20,1.0,2,1,cabaret
sim_results_Umovielens1k_pop0_a0.5_N10_C20_CPtop_Q1.0_cabaret_W2_D1.json,900,10,90,0.9333333333333333,0.8440710066609742,1.0,0.02000102842244083,0.2083244419469203,0.032743471890033106,tv,0.5,10,20,1.0,2,1,cabaret
sim_results_Umovielens1k_pop0_a0.5_N10_C20_CPtop_Q1.0_cabaret_W2_D1.json,1000,10,100,0.9666666666666667,0.9024314507569886,1.0,0.02000102842244083,0.2083244419469203,0.032743471890033106,tv,0.5,10,20,1.0,2,1,cabaret
sim_results_Umovielens1k_pop0_a0.5_N10_C20_CPtop_Q1.0_cabaret_W2_D2.json,100,10,10,0.0,0.0,0.0,0.03649046449364775,0.408491459971731,0.09869334302916619,tv,0.5,10,20,1.0,2,2,cabaret
sim_results_Umovielens1k_pop0_a0.5_N10_C20_CPtop_Q1.0_cabaret_W2_D2.json,200,10,20,0.7666666666666667,0.6153150280283007,0.9180183053050327,0.03649046449364775,0.408491459971731,0.09869334302916619,tv,0.5,10,20,1.0,2,2,cabaret
sim_results_Umovielens1k_pop0_a0.5_N10_C20_CPtop_Q1.0_cabaret_W2_D2.json,300,10,30,1.0,1.0,1.0,0.03649046449364775,0.408491459971731,0.09869334302916619,tv,0.5,10,20,1.0,2,2,cabaret
sim_results_Umovielens1k_pop0_a0.5_N10_C20_CPtop_Q1.0_cabaret_W2_D2.json,400,10,40,1.0,1.0,1.0,0.03649046449364775,0.408491459971731,0.09869334302916619,tv,0.5,10,20,1.0,2,2,cabaret
sim_results_Umovielens1k_pop0_a0.5_N10_C20_CPtop_Q1.0_cabaret_W2_D2.json,500,10,50,1.0,1.0,1.0,0.03649046449364775,0.408491459971731,0.09869334302916619,tv,0.5,10,20,1.0,2,2,cabaret
sim_results_Umovielens1k_pop0_a0.5_N10_C20_CPtop_Q1.0_cabaret_W2_D2.json,600,10,60,1.0,1.0,1.0,0.03649046449364775,0.408491459971731,0.09869334302916619,tv,0.5,10,20,1.0,2,2,cabaret
sim_results_Umovielens1k_pop0_a0.5_N10_C20_CPtop_Q1.0_cabaret_W2_D2.json,700,10,70,1.0,1.0,1.0,0.03649046449364775,0.408491459971731,0.09869334302916619,tv,0.5,10,20,1.0,2,2,cabaret
sim_results_Umovielens1k_pop0_a0.5_N10_C20_CPtop_Q1.0_cabaret_W2_D2.json,800,10,80,1.0,1.0,1.0,0.03649046449364775,0.408491459971731,0.09869334302916619,tv,0.5,10,20,1.0,2,2,cabaret
sim_results_Umovielens1k_pop0_a0.5_N10_C20_CPtop_Q1.0_cabaret_W2_D2.json,900,10,90,1.0,1.0,1.0,0.03649046449364775,0.408491459971731,0.09869334302916619,tv,0.5,10,20,1.0,2,2,cabaret
sim_results_Umovielens1k_pop0_a0.5_N10_C20_CPtop_Q1.0_cabaret_W2_D2.json,1000,10,100,1.0,1.0,1.0,0.03649046449364775,0.408491459971731,0.09869334302916619,tv,0.5,10,20,1.0,2,2,cabaret
sim_results_Umovielens1k_pop0_a0.5_N10_C5_CPtop_Q1.0_cabaret_W1_D2.json,100,10,10,0.0,0.0,0.0,0.019784147664753136,0.10286504363730024,0.013639497951928743,tv,0.5,10,5,1.0,1,2,cabaret
sim_results_Umovielens1k_pop0_a0.5_N10_C5_CPtop_Q1.0_cabaret_W1_D2.json,200,10,20,0.1,0.0,0.20735362127101256,0.019784147664753136,0.10286504363730024,0.013639497951928743,tv,0.5,10,5,1.0,1,2,cabaret
sim_results_Umovielens1k_pop0_a0.5_N10_C5_CPtop_Q1.0_cabaret_W1_D2.json,300,10,30,0.03333333333333333,0.0,0.09756854924301145,0.019784147664753136,0.10286504363730024,0.013639497951928743,tv,0.5,10,5,1.0,1,2,cabaret
sim_results_Umovielens1k_pop0_a0.5_N10_C5_CPtop_Q1.0_cabaret_W1_D2.json,400,10,40,0.4,0.2246922705640165,0.5753077294359835,0.019784147664753136,0.10286504363730024,0.013639497951928743,tv,0.5,10,5,1.0,1,2,cabaret
sim_results_Umovielens1k_pop0_a0.5_N10_C5_CPtop_Q1.0_cabaret_W1_D2.json,500,10,50,0.23333333333333334,0.08198169469496736,0.3846849719716993,0.019784147664753136,0.10286504363730024,0.013639497951928743,tv,0.5,10,5,1.0,1,2,cabaret
sim_results_Umovielens1k_pop0_a0.5_N10_C5_CPtop_Q1.0_cabaret_W1_D2.json,600,10,60,0.13333333333333333,0.011689286729835005,0.25497737993683167,0.019784147664753136,0.10286504363730024,0.013639497951928743,tv,0.5,10,5,1.0,1,2,cabaret
sim_results_Umovielens1k_pop0_a0.5_N10_C5_CPtop_Q1.0_cabaret_W1_D2.json,700,10,70,0.3,0.1360146347993212,0.4639853652006788,0.019784147664753136,0.10286504363730024,0.013639497951928743,tv,0.5,10,5,1.0,1,2,cabaret
sim_results_Umovielens1k_pop0_a0.5_N10_C5_CPtop_Q1.0_cabaret_W1_D2.json,800,10,80,0.8,0.6568618383053166,0.9431381616946835,0.019784147664753136,0.10286504363730024,0.013639497951928743,tv,0.5,10,5,1.0,1,2,cabaret
sim_results_Umovielens1k_pop0_a0.5_N10_C5_CPtop_Q1.0_cabaret_W1_D2.json,900,10,90,0.5333333333333333,0.354808679988615,0.7118579866780517,0.019784147664753136,0.10286504363730024,0.013639497951928743,tv,0.5,10,5,1.0,1,2,cabaret
sim_results_Umovielens1k_pop0_a0.5_N10_C5_CPtop_Q1.0_cabaret_W1_D2.json,1000,10,100,0.6333333333333333,0.46088963344948825,0.8057770332171783,0.019784147664753136,0.10286504363730024,0.013639497951928743,tv,0.5,10,5,1.0,1,2,cabaret
sim_results_Umovielens1k_pop0_a0.5_N10_C5_CPtop_Q1.0_cabaret_W2_D1.json,100,10,10,0.0,0.0,0.0,0.02010866140177401,0.11237353867100638,0.017019695625901166,tv,0.5,10,5,1.0,2,1,cabaret
sim_results_Umovielens1k_pop0_a0.5_N10_C5_CPtop_Q1.0_cabaret_W2_D1.json,200,10,20,0.13333333333333333,0.011689286729835005,0.25497737993683167,0.02010866140177401,0.11237353867100638,0.017019695625901166,tv,0.5,10,5,1.0,2,1,cabaret
sim_results_Umovielens1k_pop0_a0.5_N10_C5_CPtop_Q1.0_cabaret_W2_D1.json,300,10,30,0.06666666666666667,0.0,0.15592899333902582,0.02010866140177401,0.11237353867100638,0.017019695625901166,tv,0.5,10,5,1.0,2,1,cabaret
sim_results_Umovielens1k_pop0_a0.5_N10_C5_CPtop_Q1.0_cabaret_W2_D1.json,400,10,40,0.16666666666666666,0.03330555844847141,0.3000277748848619,0.02010866140177401,0.11237353867100638,0.017019695625901166,tv,0.5,10,5,1.0,2,1,cabaret
sim_results_Umovielens1k_pop0_a0.5_N10_C5_CPtop_Q1.0_cabaret_W2_D1.json,500,10,50,0.3333333333333333,0.1646433920318547,0.5020232746348119,0.02010866140177401,0.11237353867100638,0.017019695625901166,tv,0.5,10,5,1.0,2,1,cabaret
sim_results_Umovielens1k_pop0_a0.5_N10_C5_CPtop_Q1.0_cabaret_W2_D1.json,600,10,60,0.2,0.056861838305316575,0.3431381616946835,0.02010866140177401,0.11237353867100638,0.017019695625901166,tv,0.5,10,5,1.0,2,1,cabaret
sim_results_Umovielens1k_pop0_a0.5_N10_C5_CPtop_Q1.0_cabaret_W2_D1.json,700,10,70,0.5333333333333333,0.354808679988615,0.7118579866780517,0.02010866140177401,0.11237353867100638,0.017019695625901166,tv,0.5,10,5,1.0,2,1,cabaret
sim_results_Umovielens1k_pop0_a0.5_N10_C5_CPtop_Q1.0_cabaret_W2_D1.json,800,10,80,0.7333333333333333,0.5750881414925044,0.8915785251741621,0.02010866140177401,0.11237353867100638,0.017019695625901166,tv,0.5,10,5,1.0,2,1,cabaret
sim_results_Umovielens1k_pop0_a0.5_N10_C5_CPtop_Q1.0_cabaret_W2_D1.json,900,10,90,0.5666666666666667,0.389341520656837,0.7439918126764963,0.02010866140177401,0.11237353867100638,0.017019695625901166,tv,0.5,10,5,1.0,2,1,cabaret
sim_results_Umovielens1k_pop0_a0.5_N10_C5_CPtop_Q1.0_cabaret_W2_D1.json,1000,10,100,0.6333333333333333,0.46088963344948825,0.8057770332171783,0.02010866140177401,0.11237353867100638,0.017019695625901166,tv,0.5,10,5,1.0,2,1,cabaret
sim_results_Umovielens1k_pop0_a0.5_N10_C5_CPtop_Q1.0_cabaret_W2_D2.json,100,10,10,0.1,0.0,0.20735362127101256,0.04119689632302581,0.24294225011139728,0.04812412877031836,tv,0.5,10,5,1.0,2,2,cabaret
sim_results_Umovielens1k_pop0_a0.5_N10_C5_CPtop_Q1.0_cabaret_W2_D2.json,200,10,20,0.5,0.32107729788164574,0.6789227021183543,0.04119689632302581,0.24294225011139728,0.04812412877031836,tv,0.5,10,5,1.0,2,2,cabaret
sim_results_Umovielens1k_pop0_a0.5_N10_C5_CPtop_Q1.0_cabaret_W2_D2.json,300,10,30,0.9,0.7926463787289875,1.0,0.04119689632302581,0.24294225011139728,0.04812412877031836,tv,0.5,10,5,1.0,2,2,cabaret
sim_results_Umovielens1k_pop0_a0.5_N10_C5_CPtop_Q1.0_cabaret_W2_D2.json,400,10,40,0.9666666666666667,0.9024314507569886,1.0,0.04119689632302581,0.24294225011139728,0.04812412877031836,tv,0.5,10,5,1.0,2,2,cabaret
sim_results_Umovielens1k_pop0_a0.5_N10_C5_CPtop_Q1.0_cabaret_W2_D2.json,500,10,50,0.9333333333333333,0.8440710066609742,1.0,0.04119689632302581,0.24294225011139728,0.04812412877031836,tv,0.5,10,5,1.0,2,2,cabaret
sim_results_Umovielens1k_pop0_a0.5_N10_C5_CPtop_Q1.0_cabaret_W2_D2.json,600,10,60,1.0,1.0,1.0,0.04119689632302581,0.24294225011139728,0.04812412877031836,tv,0.5,10,5,1.0,2,2,cabaret
sim_results_Umovielens1k_pop0_a0.5_N10_C5_CPtop_Q1.0_cabaret_W2_D2.json,700,10,70,1.0,1.0,1.0,0.04119689632302581,0.24294225011139728,0.04812412877031836,tv,0.5,10,5,1.0,2,2,cabaret
sim_results_Umovielens1k_pop0_a0.5_N10_C5_CPtop_Q1.0_cabaret_W2_D2.json,800,10,80,1.0,1.0,1.0,0.04119689632302581,0.24294225011139728,0.04812412877031836,tv,0.5,10,5,1.0,2,2,cabaret
sim_results_Umovielens1k_pop0_a0.5_N10_C5_CPtop_Q1.0_cabaret_W2_D2.json,900,10,90,1.0,1.0,1.0,0.04119689632302581,0.24294225011139728,0.04812412877031836,tv,0.5,10,5,1.0,2,2,cabaret
sim_results_Umovielens1k_pop0_a0.5_N10_C5_CPtop_Q1.0_cabaret_W2_D2.json,1000,10,100,1.0,1.0,1.0,0.04119689632302581,0.24294225011139728,0.04812412877031836,tv,0.5,10,5,1.0,2,2,cabaret
sim_results_Umovielens1k_pop0_a0.5_N2_C10_CPtop_Q1.0_cabaret_W1_D2.json,100,10,10,0.03333333333333333,0.0,0.09756854924301145,0.008520368827225339,0.06600549272501782,0.009322065253423132,tv,0.5,2,10,1.0,1,2,cabaret
sim_results_Umovielens1k_pop0_a0.5_N2_C10_CPtop_Q1.0_cabaret_W1_D2.json,200,10,20,0.03333333333333333,0.0,0.09756854924301145,0.008520368827225339,0.06600549272501782,0.009322065253423132,tv,0.5,2,10,1.0,1,2,cabaret
sim_results_Umovielens1k_pop0_a0.5_N2_C10_CPtop_Q1.0_cabaret_W1_D2.json,300,10,30,0.03333333333333333,0.0,0.09756854924301145,0.008520368827225339,0.06600549272501782,0.009322065253423132,tv,0.5,2,10,1.0,1,2,cabaret
sim_results_Umovielens1k_pop0_a0.5_N2_C10_CPtop_Q1.0_cabaret_W1_D2.json,400,10,40,0.13333333333333333,0.011689286729835005,0.25497737993683167,0.008520368827225339,0.06600549272501782,0.009322065253423132,tv,0.5,2,10,1.0,1,2,cabaret
sim_results_Umovielens1k_pop0_a0.5_N2_C10_CPtop_Q1.0_cabaret_W1_D2.json,500,10,50,0.1,0.0,0.20735362127101256,0.008520368827225339,0.06600549272501782,0.009322065253423132,tv,0.5,2,10,1.0,1,2,cabaret
sim_results_Umovielens1k_pop0_a0.5_N2_C10_CPtop_Q1.0_cabaret_W1_D2.json,600,10,60,0.1,0.0,0.20735362127101256,0.008520368827225339,0.06600549272501782,0.009322065253423132,tv,0.5,2,10,1.0,1,2,cabaret
sim_results_Umovielens1k_pop0_a0.5_N2_C10_CPtop_Q1.0_cabaret_W1_D2.json,700,10,70,0.06666666666666667,0.0,0.15592899333902582,0.008520368827225339,0.06600549272501782,0.009322065253423132,tv,0.5,2,10,1.0,1,2,cabaret
sim_results_Umovielens1k_pop0_a0.5_N2_C10_CPtop_Q1.0_cabaret_W1_D2.json,800,10,80,0.06666666666666667,0.0,0.15592899333902582,0.008520368827225339,0.06600549272501782,0.009322065253423132,tv,0.5,2,10,1.0,1,2,cabaret
sim_results_Umovielens1k_pop0_a0.5_N2_C10_CPtop_Q1.0_cabaret_W1_D2.json,900,10,90,0.26666666666666666,0.10842147482583778,0.4249118585074956,0.008520368827225339,0.06600549272501782,0.009322065253423132,tv,0.5,2,10,1.0,1,2,cabaret
sim_results_Umovielens1k_pop0_a0.5_N2_C10_CPtop_Q1.0_cabaret_W1_D2.json,1000,10,100,0.2,0.056861838305316575,0.3431381616946835,0.008520368827225339,0.06600549272501782,0.009322065253423132,tv,0.5,2,10,1.0,1,2,cabaret
sim_results_Umovielens1k_pop0_a0.5_N2_C10_CPtop_Q1.0_cabaret_W2_D1.json,100,10,10,0.03333333333333333,0.0,0.09756854924301145,0.004371868083665247,0.04070996549102131,0.00342216384924575,tv,0.5,2,10,1.0,2,1,cabaret
sim_results_Umovielens1k_pop0_a0.5_N2_C10_CPtop_Q1.0_cabaret_W2_D1.json,200,10,20,0.06666666666666667,0.0,0.15592899333902582,0.004371868083665247,0.04070996549102131,0.00342216384924575,tv,0.5,2,10,1.0,2,1,cabaret
sim_results_Umovielens1k_pop0_a0.5_N2_C10_CPtop_Q1.0_cabaret_W2_D1.json,300,10,30,0.0,0.0,0.0,0.004371868083665247,0.04070996549102131,0.00342216384924575,tv,0.5,2,10,1.0,2,1,cabaret
sim_results_Umovielens1k_pop0_a0.5_N2_C10_CPtop_Q1.0_cabaret_W2_D1.json,400,10,40,0.13333333333333333,0.011689286729835005,0.25497737993683167,0.004371868083665247,0.04070996549102131,0.00342216384924575,tv,0.5,2,10,1.0,2,1,cabaret
sim_results_Umovielens1k_pop0_a0.5_N2_C10_CPtop_Q1.0_cabaret_W2_D1.json,500,10,50,0.13333333333333333,0.011689286729835005,0.25497737993683167,0.004371868083665247,0.04070996549102131,0.00342216384924575,tv,0.5,2,10,1.0,2,1,cabaret
sim_results_Umovielens1k_pop0_a0.5_N2_C10_CPtop_Q1.0_cabaret_W2_D1.json,600,10,60,0.0,0.0,0.0,0.004371868083665247,0.04070996549102131,0.00342216384924575,tv,0.5,2,10,1.0,2,1,cabaret
sim_results_Umovielens1k_pop0_a0.5_N2_C10_CPtop_Q1.0_cabaret_W2_D1.json,700,10,70,0.2,0.056861838305316575,0.3431381616946835,0.004371868083665247,0.04070996549102131,0.00342216384924575,tv,0.5,2,10,1.0,2,1,cabaret
sim_results_Umovielens1k_pop0_a0.5_N2_C10_CPtop_Q1.0_cabaret_W2_D1.json,800,10,80,0.16666666666666666,0.03330555844847141,0.3000277748848619,0.004371868083665247,0.04070996549102131,0.00342216384924575,tv,0.5,2,10,1.0,2,1,cabaret
sim_results_Umovielens1k_pop0_a0.5_N2_C10_CPtop_Q1.0_cabaret_W2_D1.json,900,10,90,0.1,0.0,0.20735362127101256,0.004371868083665247,0.04070996549102131,0.00342216384924575,tv,0.5,2,10,1.0,2,1,cabaret
sim_results_Umovielens1k_pop0_a0.5_N2_C10_CPtop_Q1.0_cabaret_W2_D1.json,1000,10,100,0.16666666666666666,0.03330555844847141,0.3000277748848619,0.004371868083665247,0.04070996549102131,0.00342216384924575,tv,0.5,2,10,1.0,2,1,cabaret
sim_results_Umovielens1k_pop0_a0.5_N2_C10_CPtop_Q1.0_cabaret_W2_D2.json,100,10,10,0.0,0.0,0.0,0.032516622926004136,0.17753030391019836,0.03918674747674694,tv,0.5,2,10,1.0,2,2,cabaret
sim_results_Umovielens1k_pop0_a0.5_N2_C10_CPtop_Q1.0_cabaret_W2_D2.json,200,10,20,0.23333333333333334,0.08198169469496736,0.3846849719716993,0.032516622926004136,0.17753030391019836,0.03918674747674694,tv,0.5,2,10,1.0,2,2,cabaret
sim_results_Umovielens1k_pop0_a0.5_N2_C10_CPtop_Q1.0_cabaret_W2_D2.json,300,10,30,0.43333333333333335,0.2560081873235037,0.610658479343163,0.032516622926004136,0.17753030391019836,0.03918674747674694,tv,0.5,2,10,1.0,2,2,cabaret
sim_results_Umovielens1k_pop0_a0.5_N2_C10_CPtop_Q1.0_cabaret_W2_D2.json,400,10,40,0.7,0.5360146347993211,0.8639853652006788,0.032516622926004136,0.17753030391019836,0.03918674747674694,tv,0.5,2,10,1.0,2,2,cabaret
sim_results_Umovielens1k_pop0_a0.5_N2_C10_CPtop_Q1.0_cabaret_W2_D2.json,500,10,50,0.8666666666666667,0.7450226200631684,0.988310713270165,0.032516622926004136,0.17753030391019836,0.03918674747674694,tv,0.5,2,10,1.0,2,2,cabaret
sim_results_Umovielens1k_pop0_a0.5_N2_C10_CPtop_Q1.0_cabaret_W2_D2.json,600,10,60,0.8666666666666667,0.7450226200631684,0.988310713270165,0.032516622926004136,0.17753030391019836,0.03918674747674694,tv,0.5,2,10,1.0,2,2,cabaret
sim_results_Umovielens1k_pop0_a0.5_N2_C10_CPtop_Q1.0_cabaret_W2_D2.json,700,10,70,1.0,1.0,1.0,0.032516622926004136,0.17753030391019836,0.03918674747674694,tv,0.5,2,10,1.0,2,2,cabaret
sim_results_Umovielens1k_pop0_a0.5_N2_C10_CPtop_Q1.0_cabaret_W2_D2.json,800,10,80,1.0,1.0,1.0,0.032516622926004136,0.17753030391019836,0.03918674747674694,tv,0.5,2,10,1.0,2,2,cabaret
sim_results_Umovielens1k_pop0_a0.5_N2_C10_CPtop_Q1.0_cabaret_W2_D2.json,900,10,90,1.0,1.0,1.0,0.032516622926004136,0.17753030391019836,0.03918674747674694,tv,0.5,2,10,1.0,2,2,cabaret
sim_results_Umovielens1k_pop0_a0.5_N2_C10_CPtop_Q1.0_cabaret_W2_D2.json,1000,10,100,1.0,1.0,1.0,0.032516622926004136,0.17753030391019836,0.03918674747674694,tv,0.5,2,10,1.0,2,2,cabaret
sim_results_Umovielens1k_pop0_a0.5_N2_C20_CPtop_Q1.0_cabaret_W1_D2.json,100,10,10,0.0,0.0,0.0,0.0094265937249197,0.09601899551198038,0.014007707608826027,tv,0.5,2,20,1.0,1,2,cabaret
sim_results_Umovielens1k_pop0_a0.5_N2_C20_CPtop_Q1.0_cabaret_W1_D2.json,200,10,20,0.0,0.0,0.0,0.0094265937249197,0.09601899551198038,0.014007707608826027,tv,0.5,2,20,1.0,1,2,cabaret
sim_results_Umovielens1k_pop0_a0.5_N2_C20_CPtop_Q1.0_cabaret_W1_D2.json,300,10,30,0.03333333333333333,0.0,0.09756854924301145,0.0094265937249197,0.09601899551198038,0.014007707608826027,tv,0.5,2,20,1.0,1,2,cabaret
sim_results_Umovielens1k_pop0_a0.5_N2_C20_CPtop_Q1.0_cabaret_W1_D2.json,400,10,40,0.03333333333333333,0.0,0.09756854924301145,0.0094265937249197,0.09601899551198038,0.014007707608826027,tv,0.5,2,20,1.0,1,2,cabaret
sim_results_Umovielens1k_pop0_a0.5_N2_C20_CPtop_Q1.0_cabaret_W1_D2.json,500,10,50,0.1,0.0,0.20735362127101256,0.0094265937249197,0.09601899551198038,0.014007707608826027,tv,0.5,2,20,1.0,1,2,cabaret
sim_results_Umovielens1k_pop0_a0.5_N2_C20_CPtop_Q1.0_cabaret_W1_D2.json,600,10,60,0.03333333333333333,0.0,0.09756854924301145,0.0094265937249197,0.09601899551198038,0.014007707608826027,tv,0.5,2,20,1.0,1,2,cabaret
sim_results_Umovielens1k_pop0_a0.5_N2_C20_CPtop_Q1.0_cabaret_W1_D2.json,700,10,70,0.26666666666666666,0.10842147482583778,0.4249118585074956,0.0094265937249197,0.09601899551198038,0.014007707608826027,tv,0.5,2,20,1.0,1,2,cabaret
sim_results_Umovielens1k_pop0_a0.5_N2_C20_CPtop_Q1.0_cabaret_W1_D2.json,800,10,80,0.23333333333333334,0.08198169469496736,0.3846849719716993,0.0094265937249197,0.09601899551198038,0.014007707608826027,tv,0.5,2,20,1.0,1,2,cabaret
sim_results_Umovielens1k_pop0_a0.5_N2_C20_CPtop_Q1.0_cabaret_W1_D2.json,900,10,90,0.5333333333333333,0.354808679988615,0.7118579866780517,0.0094265937249197,0.09601899551198038,0.014007707608826027,tv,0.5,2,20,1.0,1,2,cabaret
sim_results_Umovielens1k_pop0_a0.5_N2_C20_CPtop_Q1.0_cabaret_W1_D2.json,1000,10,100,0.5666666666666667,0.389341520656837,0.7439918126764963,0.0094265937249197,0.09601899551198038,0.014007707608826027,tv,0.5,2,20,1.0,1,2,cabaret
sim_results_Umovielens1k_pop0_a0.5_N2_C20_CPtop_Q1.0_cabaret_W2_D1.json,100,10,10,0.0,0.0,0.0,0.00412361899268489,0.05306566814577472,0.0045854702224759685,tv,0.5,2,20,1.0,2,1,cabaret
sim_results_Umovielens1k_pop0_a0.5_N2_C20_CPtop_Q1.0_cabaret_W2_D1.json,200,10,20,0.03333333333333333,0.0,0.09756854924301145,0.00412361899268489,0.05306566814577472,0.0045854702224759685,tv,0.5,2,20,1.0,2,1,cabaret
sim_results_Umovielens1k_pop0_a0.5_N2_C20_CPtop_Q1.0_cabaret_W2_D1.json,300,10,30,0.06666666666666667,0.0,0.15592899333902582,0.00412361899268489,0.05306566814577472,0.0045854702224759685,tv,0.5,2,20,1.0,2,1,cabaret
sim_results_Umovielens1k_pop0_a0.5_N2_C20_CPtop_Q1.0_cabaret_W2_D1.json,400,10,40,0.06666666666666667,0.0,0.15592899333902582,0.00412361899268489,0.05306566814577472,0.0045854702224759685,tv,0.5,2,20,1.0,2,1,cabaret
sim_results_Umovielens1k_pop0_a0.5_N2_C20_CPtop_Q1.0_cabaret_W2_D1.json,500,10,50,0.0,0.0,0.0,0.00412361899268489,0.05306566814577472,0.0045854702224759685,tv,0.5,2,20,1.0,2,1,cabaret
sim_results_Umovielens1k_pop0_a0.5_N2_C20_CPtop_Q1.0_cabaret_W2_D1.json,600,10,60,0.03333333333333333,0.0,0.09756854924301145,0.00412361899268489,0.05306566814577472,0.0045854702224759685,tv,0.5,2,20,1.0,2,1,cabaret
sim_results_Umovielens1k_pop0_a0.5_N2_C20_CPtop_Q1.0_cabaret_W2_D1.json,700,10,70,0.06666666666666667,0.0,0.15592899333902582,0.00412361899268489,0.05306566814577472,0.0045854702224759685,tv,0.5,2,20,1.0,2,1,cabaret
sim_results_Umovielens1k_pop0_a0.5_N2_C20_CPtop_Q1.0_cabaret_W2_D1.json,800,10,80,0.0,0.0,0.0,0.00412361899268489,0.05306566814577472,0.0045854702224759685,tv,0.5,2,20,1.0,2,1,cabaret
sim_results_Umovielens1k_pop0_a0.5_N2_C20_CPtop_Q1.0_cabaret_W2_D1.json,900,10,90,0.06666666666666667,0.0,0.15592899333902582,0.00412361899268489,0.05306566814577472,0.0045854702224759685,tv,0.5,2,20,1.0,2,1,cabaret
sim_results_Umovielens1k_pop0_a0.5_N2_C20_CPtop_Q1.0_cabaret_W2_D1.json,1000,10,100,0.06666666666666667,0.0,0.15592899333902582,0.00412361899268489,0.05306566814577472,0.0045854702224759685,tv,0.5,2,20,1.0,2,1,cabaret
sim_results_Umovielens1k_pop0_a0.5_N2_C20_CPtop_Q1.0_cabaret_W2_D2.json,100,10,10,0.0,0.0,0.0,0.030413264370259895,0.2197650457982085,0.04766385003656933,tv,0.5,2,20,1.0,2,2,cabaret
sim_results_Umovielens1k_pop0_a0.5_N2_C20_CPtop_Q1.0_cabaret_W2_D2.json,200,10,20,0.16666666666666666,0.03330555844847141,0.3000277748848619,0.030413264370259895,0.2197650457982085,0.04766385003656933,tv,0.5,2,20,1.0,2,2,cabaret
sim_results_Umovielens1k_pop0_a0.5_N2_C20_CPtop_Q1.0_cabaret_W2_D2.json,300,10,30,0.43333333333333335,0.2560081873235037,0.610658479343163,0.030413264370259895,0.2197650457982085,0.04766385003656933,tv,0.5,2,20,1.0,2,2,cabaret
sim_results_Umovielens1k_pop0_a0.5_N2_C20_CPtop_Q1.0_cabaret_W2_D2.json,400,10,40,0.8,0.6568618383053166,0.9431381616946835,0.030413264370259895,0.2197650457982085,0.04766385003656933,tv,0.5,2,20,1.0,2,2,cabaret
sim_results_Umovielens1k_pop0_a0.5_N2_C20_CPtop_Q1.0_cabaret_W2_D2.json,500,10,50,0.9,0.7926463787289875,1.0,0.030413264370259895,0.2197650457982085,0.04766385003656933,tv,0.5,2,20,1.0,2,2,cabaret
sim_results_Umovielens1k_pop0_a0.5_N2_C20_CPtop_Q1.0_cabaret_W2_D2.json,600,10,60,0.9333333333333333,0.8440710066609742,1.0,0.030413264370259895,0.2197650457982085,0.04766385003656933,tv,0.5,2,20,1.0,2,2,cabaret
sim_results_Umovielens1k_pop0_a0.5_N2_C20_CPtop_Q1.0_cabaret_W2_D2.json,700,10,70,1.0,1.0,1.0,0.030413264370259895,0.2197650457982085,0.04766385003656933,tv,0.5,2,20,1.0,2,2,cabaret
sim_results_Umovielens1k_pop0_a0.5_N2_C20_CPtop_Q1.0_cabaret_W2_D2.json,800,10,80,1.0,1.0,1.0,0.030413264370259895,0.2197650457982085,0.04766385003656933,tv,0.5,2,20,1.0,2,2,cabaret
sim_results_Umovielens1k_pop0_a0.5_N2_C20_CPtop_Q1.0_cabaret_W2_D2.json,900,10,90,1.0,1.0,1.0,0.030413264370259895,0.2197650457982085,0.04766385003656933,tv,0.5,2,20,1.0,2,2,cabaret
sim_results_Umovielens1k_pop0_a0.5_N2_C20_CPtop_Q1.0_cabaret_W2_D2.json,1000,10,100,1.0,1.0,1.0,0.030413264370259895,0.2197650457982085,0.04766385003656933,tv,0.5,2,20,1.0,2,2,cabaret
sim_results_Umovielens1k_pop0_a0.5_N2_C5_CPtop_Q1.0_cabaret_W1_D2.json,100,10,10,0.0,0.0,0.0,0.008840098258647202,0.04486748410649952,0.006039115285847448,tv,0.5,2,5,1.0,1,2,cabaret
sim_results_Umovielens1k_pop0_a0.5_N2_C5_CPtop_Q1.0_cabaret_W1_D2.json,200,10,20,0.06666666666666667,0.0,0.15592899333902582,0.008840098258647202,0.04486748410649952,0.006039115285847448,tv,0.5,2,5,1.0,1,2,cabaret
sim_results_Umovielens1k_pop0_a0.5_N2_C5_CPtop_Q1.0_cabaret_W1_D2.json,300,10,30,0.03333333333333333,0.0,0.09756854924301145,0.008840098258647202,0.04486748410649952,0.006039115285847448,tv,0.5,2,5,1.0,1,2,cabaret
sim_results_Umovielens1k_pop0_a0.5_N2_C5_CPtop_Q1.0_cabaret_W1_D2.json,400,10,40,0.06666666666666667,0.0,0.15592899333902582,0.008840098258647202,0.04486748410649952,0.006039115285847448,tv,0.5,2,5,1.0,1,2,cabaret
sim_results_Umovielens1k_pop0_a0.5_N2_C5_CPtop_Q1.0_cabaret_W1_D2.json,500,10,50,0.03333333333333333,0.0,0.09756854924301145,0.008840098258647202,0.04486748410649952,0.006039115285847448,tv,0.5,2,5,1.0,1,2,cabaret
sim_results_Umovielens1k_pop0_a0.5_N2_C5_CPtop_Q1.0_cabaret_W1_D2.json,600,10,60,0.1,0.0,0.20735362127101256,0.008840098258647202,0.04486748410649952,0.006039115285847448,tv,0.5,2,5,1.0,1,2,cabaret
sim_results_Umovielens1k_pop0_a0.5_N2_C5_CPtop_Q1.0_cabaret_W1_D2.json,700,10,70,0.4,0.2246922705640165,0.5753077294359835,0.008840098258647202,0.04486748410649952,0.006039115285847448,tv,0.5,2,5,1.0,1,2,cabaret
sim_results_Umovielens1k_pop0_a0.5_N2_C5_CPtop_Q1.0_cabaret_W1_D2.json,800,10,80,0.03333333333333333,0.0,0.09756854924301145,0.008840098258647202,0.04486748410649952,0.006039115285847448,tv,0.5,2,5,1.0,1,2,cabaret
sim_results_Umovielens1k_pop0_a0.5_N2_C5_CPtop_Q1.0_cabaret_W1_D2.json,900,10,90,0.1,0.0,0.20735362127101256,0.008840098258647202,0.04486748410649952,0.006039115285847448,tv,0.5,2,5,1.0,1,2,cabaret
sim_results_Umovielens1k_pop0_a0.5_N2_C5_CPtop_Q1.0_cabaret_W1_D2.json,1000,10,100,0.06666666666666667,0.0,0.15592899333902582,0.008840098258647202,0.04486748410649952,0.006039115285847448,tv,0.5,2,5,1.0,1,2,cabaret
sim_results_Umovielens1k_pop0_a0.5_N2_C5_CPtop_Q1.0_cabaret_W2_D1.json,100,10,10,0.0,0.0,0.0,0.003996915753348023,0.022363871334110597,0.0013803042595933479,tv,0.5,2,5,1.0,2,1,cabaret
sim_results_Umovielens1k_pop0_a0.5_N2_C5_CPtop_Q1.0_cabaret_W2_D1.json,200,10,20,0.0,0.0,0.0,0.003996915753348023,0.022363871334110597,0.0013803042595933479,tv,0.5,2,5,1.0,2,1,cabaret
sim_results_Umovielens1k_pop0_a0.5_N2_C5_CPtop_Q1.0_cabaret_W2_D1.json,300,10,30,0.0,0.0,0.0,0.003996915753348023,0.022363871334110597,0.0013803042595933479,tv,0.5,2,5,1.0,2,1,cabaret
sim_results_Umovielens1k_pop0_a0.5_N2_C5_CPtop_Q1.0_cabaret_W2_D1.json,400,10,40,0.0,0.0,0.0,0.003996915753348023,0.022363871334110597,0.0013803042595933479,tv,0.5,2,5,1.0,2,1,cabaret
sim_results_Umovielens1k_pop0_a0.5_N2_C5_CPtop_Q1.0_cabaret_W2_D1.json,500,10,50,0.0,0.0,0.0,0.003996915753348023,0.022363871334110597,0.0013803042595933479,tv,0.5,2,5,1.0,2,1,cabaret
sim_results_Umovielens1k_pop0_a0.5_N2_C5_CPtop_Q1.0_cabaret_W2_D1.json,600,10,60,0.03333333333333333,0.0,0.09756854924301145,0.003996915753348023,0.022363871334110597,0.0013803042595933479,tv,0.5,2,5,1.0,2,1,cabaret
sim_results_Umovielens1k_pop0_a0.5_N2_C5_CPtop_Q1.0_cabaret_W2_D1.json,700,10,70,0.03333333333333333,0.0,0.09756854924301145,0.003996915753348023,0.022363871334110597,0.0013803042595933479,tv,0.5,2,5,1.0,2,1,cabaret
sim_results_Umovielens1k_pop0_a0.5_N2_C5_CPtop_Q1.0_cabaret_W2_D1.json,800,10,80,0.03333333333333333,0.0,0.09756854924301145,0.003996915753348023,0.022363871334110597,0.0013803042595933479,tv,0.5,2,5,1.0,2,1,cabaret
sim_results_Umovielens1k_pop0_a0.5_N2_C5_CPtop_Q1.0_cabaret_W2_D1.json,900,10,90,0.06666666666666667,0.0,0.15592899333902582,0.003996915753348023,0.022363871334110597,0.0013803042595933479,tv,0.5,2,5,1.0,2,1,cabaret
sim_results_Umovielens1k_pop0_a0.5_N2_C5_CPtop_Q1.0_cabaret_W2_D1.json,1000,10,100,0.1,0.0,0.20735362127101256,0.003996915753348023,0.022363871334110597,0.0013803042595933479,tv,0.5,2,5,1.0,2,1,cabaret
sim_results_Umovielens1k_pop0_a0.5_N2_C5_CPtop_Q1.0_cabaret_W2_D2.json,100,10,10,0.0,0.0,0.0,0.027568843411192104,0.12118582029511675,0.022819806434775814,tv,0.5,2,5,1.0,2,2,cabaret
sim_results_Umovielens1k_pop0_a0.5_N2_C5_CPtop_Q1.0_cabaret_W2_D2.json,200,10,20,0.23333333333333334,0.08198169469496736,0.3846849719716993,0.027568843411192104,0.12118582029511675,0.022819806434775814,tv,0.5,2,5,1.0,2,2,cabaret
sim_results_Umovielens1k_pop0_a0.5_N2_C5_CPtop_Q1.0_cabaret_W2_D2.json,300,10,30,0.1,0.0,0.20735362127101256,0.027568843411192104,0.12118582029511675,0.022819806434775814,tv,0.5,2,5,1.0,2,2,cabaret
sim_results_Umovielens1k_pop0_a0.5_N2_C5_CPtop_Q1.0_cabaret_W2_D2.json,400,10,40,0.43333333333333335,0.2560081873235037,0.610658479343163,0.027568843411192104,0.12118582029511675,0.022819806434775814,tv,0.5,2,5,1.0,2,2,cabaret
sim_results_Umovielens1k_pop0_a0.5_N2_C5_CPtop_Q1.0_cabaret_W2_D2.json,500,10,50,0.5,0.32107729788164574,0.6789227021183543,0.027568843411192104,0.12118582029511675,0.022819806434775814,tv,0.5,2,5,1.0,2,2,cabaret
sim_results_Umovielens1k_pop0_a0.5_N2_C5_CPtop_Q1.0_cabaret_W2_D2.json,600,10,60,0.7666666666666667,0.6153150280283007,0.9180183053050327,0.027568843411192104,0.12118582029511675,0.022819806434775814,tv,0.5,2,5,1.0,2,2,cabaret
sim_results_Umovielens1k_pop0_a0.5_N2_C5_CPtop_Q1.0_cabaret_W2_D2.json,700,10,70,0.5666666666666667,0.389341520656837,0.7439918126764963,0.027568843411192104,0.12118582029511675,0.022819806434775814,tv,0.5,2,5,1.0,2,2,cabaret
sim_results_Umovielens1k_pop0_a0.5_N2_C5_CPtop_Q1.0_cabaret_W2_D2.json,800,10,80,0.5666666666666667,0.389341520656837,0.7439918126764963,0.027568843411192104,0.12118582029511675,0.022819806434775814,tv,0.5,2,5,1.0,2,2,cabaret
sim_results_Umovielens1k_pop0_a0.5_N2_C5_CPtop_Q1.0_cabaret_W2_D2.json,900,10,90,0.9,0.7926463787289875,1.0,0.027568843411192104,0.12118582029511675,0.022819806434775814,tv,0.5,2,5,1.0,2,2,cabaret
sim_results_Umovielens1k_pop0_a0.5_N2_C5_CPtop_Q1.0_cabaret_W2_D2.json,1000,10,100,0.9,0.7926463787289875,1.0,0.027568843411192104,0.12118582029511675,0.022819806434775814,tv,0.5,2,5,1.0,2,2,cabaret
sim_results_Umovielens1k_pop0_a0.5_N5_C10_CPtop_Q1.0_cabaret_W1_D2.json,100,10,10,0.0,0.0,0.0,0.013483774713766713,0.09524676334141254,0.011934887597317754,tv,0.5,5,10,1.0,1,2,cabaret
sim_results_Umovielens1k_pop0_a0.5_N5_C10_CPtop_Q1.0_cabaret_W1_D2.json,200,10,20,0.0,0.0,0.0,0.013483774713766713,0.09524676334141254,0.011934887597317754,tv,0.5,5,10,1.0,1,2,cabaret
sim_results_Umovielens1k_pop0_a0.5_N5_C10_CPtop_Q1.0_cabaret_W1_D2.json,300,10,30,0.1,0.0,0.20735362127101256,0.013483774713766713,0.09524676334141254,0.011934887597317754,tv,0.5,5,10,1.0,1,2,cabaret
sim_results_Umovielens1k_pop0_a0.5_N5_C10_CPtop_Q1.0_cabaret_W1_D2.json,400,10,40,0.06666666666666667,0.0,0.15592899333902582,0.013483774713766713,0.09524676334141254,0.011934887597317754,tv,0.5,5,10,1.0,1,2,cabaret
sim_results_Umovielens1k_pop0_a0.5_N5_C10_CPtop_Q1.0_cabaret_W1_D2.json,500,10,50,0.2,0.056861838305316575,0.3431381616946835,0.013483774713766713,0.09524676334141254,0.011934887597317754,tv,0.5,5,10,1.0,1,2,cabaret
sim_results_Umovielens1k_pop0_a0.5_N5_C10_CPtop_Q1.0_cabaret_W1_D2.json,600,10,60,0.4,0.2246922705640165,0.5753077294359835,0.013483774713766713,0.09524676334141254,0.011934887597317754,tv,0.5,5,10,1.0,1,2,cabaret
sim_results_Umovielens1k_pop0_a0.5_N5_C10_CPtop_Q1.0_cabaret_W1_D2.json,700,10,70,0.3333333333333333,0.1646433920318547,0.5020232746348119,0.013483774713766713,0.09524676334141254,0.011934887597317754,tv,0.5,5,10,1.0,1,2,cabaret
sim_results_Umovielens1k_pop0_a0.5_N5_C10_CPtop_Q1.0_cabaret_W1_D2.json,800,10,80,0.13333333333333333,0.011689286729835005,0.25497737993683167,0.013483774713766713,0.09524676334141254,0.011934887597317754,tv,0.5,5,10,1.0,1,2,cabaret
sim_results_Umovielens1k_pop0_a0.5_N5_C10_CPtop_Q1.0_cabaret_W1_D2.json,900,10,90,0.3,0.1360146347993212,0.4639853652006788,0.013483774713766713,0.09524676334141254,0.011934887597317754,tv,0.5,5,10,1.0,1,2,cabaret
sim_results_Umovielens1k_pop0_a0.5_N5_C10_CPtop_Q1.0_cabaret_W1_D2.json,1000,10,100,0.4,0.2246922705640165,0.5753077294359835,0.013483774713766713,0.09524676334141254,0.011934887597317754,tv,0.5,5,10,1.0,1,2,cabaret
sim_results_Umovielens1k_pop0_a0.5_N5_C10_CPtop_Q1.0_cabaret_W2_D1.json,100,10,10,0.06666666666666667,0.0,0.15592899333902582,0.0033653847981949987,0.03015157151672001,0.0016768914137643483,tv,0.5,5,10,1.0,2,1,cabaret
sim_results_Umovielens1k_pop0_a0.5_N5_C10_CPtop_Q1.0_cabaret_W2_D1.json,200,10,20,0.0,0.0,0.0,0.0033653847981949987,0.03015157151672001,0.0016768914137643483,tv,0.5,5,10,1.0,2,1,cabaret
sim_results_Umovielens1k_pop0_a0.5_N5_C10_CPtop_Q1.0_cabaret_W2_D1.json,300,10,30,0.03333333333333333,0.0,0.09756854924301145,0.0033653847981949987,0.03015157151672001,0.0016768914137643483,tv,0.5,5,10,1.0,2,1,cabaret
sim_results_Umovielens1k_pop0_a0.5_N5_C10_CPtop_Q1.0_cabaret_W2_D1.json,400,10,40,0.03333333333333333,0.0,0.09756854924301145,0.0033653847981949987,0.03015157151672001,0.0016768914137643483,tv,0.5,5,10,1.0,2,1,cabaret
sim_results_Umovielens1k_pop0_a0.5_N5_C10_CPtop_Q1.0_cabaret_W2_D1.json,500,10,50,0.03333333333333333,0.0,0.09756854924301145,0.0033653847981949987,0.03015157151672001,0.0016768914137643483,tv,0.5,5,10,1.0,2,1,cabaret
sim_results_Umovielens1k_pop0_a0.5_N5_C10_CPtop_Q1.0_cabaret_W2_D1.json,600,10,60,0.06666666666666667,0.0,0.15592899333902582,0.0033653847981949987,0.03015157151672001,0.0016768914137643483,tv,0.5,5,10,1.0,2,1,cabaret
sim_results_Umovielens1k_pop0_a0.5_N5_C10_CPtop_Q1.0_cabaret_W2_D1.json,700,10,70,0.03333333333333333,0.0,0.09756854924301145,0.0033653847981949987,0.03015157151672001,0.0016768914137643483,tv,0.5,5,10,1.0,2,1,cabaret
sim_results_Umovielens1k_pop0_a0.5_N5_C10_CPtop_Q1.0_cabaret_W2_D1.json,800,10,80,0.0,0.0,0.0,0.0033653847981949987,0.03015157151672001,0.0016768914137643483,tv,0.5,5,10,1.0,2,1,cabaret
sim_results_Umovielens1k_pop0_a0.5_N5_C10_CPtop_Q1.0_cabaret_W2_D1.json,900,10,90,0.2,0.056861838305316575,0.3431381616946835,0.0033653847981949987,0.03015157151672001,0.0016768914137643483,tv,0.5,5,10,1.0,2,1,cabaret
sim_results_Umovielens1k_pop0_a0.5_N5_C10_CPtop_Q1.0_cabaret_W2_D1.json,1000,10,100,0.0,0.0,0.0,0.0033653847981949987,0.03015157151672001,0.0016768914137643483,tv,0.5,5,10,1.0,2,1,cabaret
sim_results_Umovielens1k_pop0_a0.5_N5_C10_CPtop_Q1.0_cabaret_W2_D2.json,100,10,10,0.0,0.0,0.0,0.03250045254911676,0.2107853883829051,0.03762041222823547,tv,0.5,5,10,1.0,2,2,cabaret
sim_results_Umovielens1k_pop0_a0.5_N5_C10_CPtop_Q1.0_cabaret_W2_D2.json,200,10,20,0.23333333333333334,0.08198169469496736,0.3846849719716993,0.03250045254911676,0.2107853883829051,0.03762041222823547,tv,0.5,5,10,1.0,2,2,cabaret
sim_results_Umovielens1k_pop0_a0.5_N5_C10_CPtop_Q1.0_cabaret_W2_D2.json,300,10,30,0.43333333333333335,0.2560081873235037,0.610658479343163,0.03250045254911676,0.2107853883829051,0.03762041222823547,tv,0.5,5,10,1.0,2,2,cabaret
sim_results_Umovielens1k_pop0_a0.5_N5_C10_CPtop_Q1.0_cabaret_W2_D2.json,400,10,40,0.8666666666666667,0.7450226200631684,0.988310713270165,0.03250045254911676,0.2107853883829051,0.03762041222823547,tv,0.5,5,10,1.0,2,2,cabaret
sim_results_Umovielens1k_pop0_a0.5_N5_C10_CPtop_Q1.0_cabaret_W2_D2.json,500,10,50,0.8666666666666667,0.7450226200631684,0.988310713270165,0.03250045254911676,0.2107853883829051,0.03762041222823547,tv,0.5,5,10,1.0,2,2,cabaret
sim_results_Umovielens1k_pop0_a0.5_N5_C10_CPtop_Q1.0_cabaret_W2_D2.json,600,10,60,0.9333333333333333,0.8440710066609742,1.0,0.03250045254911676,0.2107853883829051,0.03762041222823547,tv,0.5,5,10,1.0,2,2,cabaret
sim_results_Umovielens1k_pop0_a0.5_N5_C10_CPtop_Q1.0_cabaret_W2_D2.json,700,10,70,0.9333333333333333,0.8440710066609742,1.0,0.03250045254911676,0.2107853883829051,0.03762041222823547,tv,0.5,5,10,1.0,2,2,cabaret
sim_results_Umovielens1k_pop0_a0.5_N5_C10_CPtop_Q1.0_cabaret_W2_D2.json,800,10,80,1.0,1.0,1.0,0.03250045254911676,0.2107853883829051,0.03762041222823547,tv,0.5,5,10,1.0,2,2,cabaret
sim_results_Umovielens1k_pop0_a0.5_N5_C10_CPtop_Q1.0_cabaret_W2_D2.json,900,10,90,0.9333333333333333,0.8440710066609742,1.0,0.03250045254911676,0.2107853883829051,0.03762041222823547,tv,0.5,5,10,1.0,2,2,cabaret
sim_results_Umovielens1k_pop0_a0.5_N5_C10_CPtop_Q1.0_cabaret_W2_D2.json,1000,10,100,1.0,1.0,1.0,0.03250045254911676,0.2107853883829051,0.03762041222823547,tv,0.5,5,10,1.0,2,2,cabaret
sim_results_Umovielens1k_pop0_a0.5_N5_C20_CPtop_Q1.0_cabaret_W1_D2.json,100,10,10,0.0,0.0,0.0,0.012724704209269046,0.15510723209833785,0.023932449454279355,tv,0.5,5,20,1.0,1,2,cabaret
sim_results_Umovielens1k_pop0_a0.5_N5_C20_CPtop_Q1.0_cabaret_W1_D2.json,200,10,20,0.0,0.0,0.0,0.012724704209269046,0.15510723209833785,0.023932449454279355,tv,0.5,5,20,1.0,1,2,cabaret
sim_results_Umovielens1k_pop0_a0.5_N5_C20_CPtop_Q1.0_cabaret_W1_D2.json,300,10,30,0.2,0.056861838305316575,0.3431381616946835,0.012724704209269046,0.15510723209833785,0.023932449454279355,tv,0.5,5,20,1.0,1,2,cabaret
sim_results_Umovielens1k_pop0_a0.5_N5_C20_CPtop_Q1.0_cabaret_W1_D2.json,400,10,40,0.16666666666666666,0.03330555844847141,0.3000277748848619,0.012724704209269046,0.15510723209833785,0.023932449454279355,tv,0.5,5,20,1.0,1,2,cabaret
sim_results_Umovielens1k_pop0_a0.5_N5_C20_CPtop_Q1.0_cabaret_W1_D2.json,500,10,50,0.3,0.1360146347993212,0.4639853652006788,0.012724704209269046,0.15510723209833785,0.023932449454279355,tv,0.5,5,20,1.0,1,2,cabaret
sim_results_Umovielens1k_pop0_a0.5_N5_C20_CPtop_Q1.0_cabaret_W1_D2.json,600,10,60,0.5666666666666667,0.389341520656837,0.7439918126764963,0.012724704209269046,0.15510723209833785,0.023932449454279355,tv,0.5,5,20,1.0,1,2,cabaret
sim_results_Umovielens1k_pop0_a0.5_N5_C20_CPtop_Q1.0_cabaret_W1_D2.json,700,10,70,0.7333333333333333,0.5750881414925044,0.8915785251741621,0.012724704209269046,0.15510723209833785,0.023932449454279355,tv,0.5,5,20,1.0,1,2,cabaret
sim_results_Umovielens1k_pop0_a0.5_N5_C20_CPtop_Q1.0_cabaret_W1_D2.json,800,10,80,0.8333333333333334,0.6999722251151381,0.9666944415515286,0.012724704209269046,0.15510723209833785,0.023932449454279355,tv,0.5,5,20,1.0,1,2,cabaret
sim_results_Umovielens1k_pop0_a0.5_N5_C20_CPtop_Q1.0_cabaret_W1_D2.json,900,10,90,0.6333333333333333,0.46088963344948825,0.8057770332171783,0.012724704209269046,0.15510723209833785,0.023932449454279355,tv,0.5,5,20,1.0,1,2,cabaret
sim_results_Umovielens1k_pop0_a0.5_N5_C20_CPtop_Q1.0_cabaret_W1_D2.json,1000,10,100,0.8,0.6568618383053166,0.9431381616946835,0.012724704209269046,0.15510723209833785,0.023932449454279355,tv,0.5,5,20,1.0,1,2,cabaret
sim_results_Umovielens1k_pop0_a0.5_N5_C20_CPtop_Q1.0_cabaret_W2_D1.json,100,10,10,0.0,0.0,0.0,0.003213154395825899,0.05188408188469858,0.0037732825318103655,tv,0.5,5,20,1.0,2,1,cabaret
sim_results_Umovielens1k_pop0_a0.5_N5_C20_CPtop_Q1.0_cabaret_W2_D1.json,200,10,20,0.03333333333333333,0.0,0.09756854924301145,0.003213154395825899,0.05188408188469858,0.0037732825318103655,tv,0.5,5,20,1.0,2,1,cabaret
sim_results_Umovielens1k_pop0_a0.5_N5_C20_CPtop_Q1.0_cabaret_W2_D1.json,300,10,30,0.03333333333333333,0.0,0.09756854924301145,0.003213154395825899,0.05188408188469858,0.0037732825318103655,tv,0.5,5,20,1.0,2,1,cabaret
sim_results_Umovielens1k_pop0_a0.5_N5_C20_CPtop_Q1.0_cabaret_W2_D1.json,400,10,40,0.0,0.0,0.0,0.003213154395825899,0.05188408188469858,0.0037732825318103655,tv,0.5,5,20,1.0,2,1,cabaret
sim_results_Umovielens1k_pop0_a0.5_N5_C20_CPtop_Q1.0_cabaret_W2_D1.json,500,10,50,0.06666666666666667,0.0,0.15592899333902582,0.003213154395825899,0.05188408188469858,0.0037732825318103655,tv,0.5,5,20,1.0,2,1,cabaret
sim_results_Umovielens1k_pop0_a0.5_N5_C20_CPtop_Q1.0_cabaret_W2_D1.json,600,10,60,0.03333333333333333,0.0,0.09756854924301145,0.003213154395825899,0.05188408188469858,0.0037732825318103655,tv,0.5,5,20,1.0,2,1,cabaret
sim_results_Umovielens1k_pop0_a0.5_N5_C20_CPtop_Q1.0_cabaret_W2_D1.json,700,10,70,0.03333333333333333,0.0,0.09756854924301145,0.003213154395825899,0.05188408188469858,0.0037732825318103655,tv,0.5,5,20,1.0,2,1,cabaret
sim_results_Umovielens1k_pop0_a0.5_N5_C20_CPtop_Q1.0_cabaret_W2_D1.json,800,10,80,0.13333333333333333,0.011689286729835005,0.25497737993683167,0.003213154395825899,0.05188408188469858,0.0037732825318103655,tv,0.5,5,20,1.0,2,1,cabaret
sim_results_Umovielens1k_pop0_a0.5_N5_C20_CPtop_Q1.0_cabaret_W2_D1.json,900,10,90,0.1,0.0,0.20735362127101256,0.003213154395825899,0.05188408188469858,0.0037732825318103655,tv,0.5,5,20,1.0,2,1,cabaret
sim_results_Umovielens1k_pop0_a0.5_N5_C20_CPtop_Q1.0_cabaret_W2_D1.json,1000,10,100,0.03333333333333333,0.0,0.09756854924301145,0.003213154395825899,0.05188408188469858,0.0037732825318103655,tv,0.5,5,20,1.0,2,1,cabaret
sim_results_Umovielens1k_pop0_a0.5_N5_C20_CPtop_Q1.0_cabaret_W2_D2.json,100,10,10,0.06666666666666667,0.0,0.15592899333902582,0.029242599470990248,0.30664959834409566,0.06329566570233808,tv,0.5,5,20,1.0,2,2,cabaret
sim_results_Umovielens1k_pop0_a0.5_N5_C20_CPtop_Q1.0_cabaret_W2_D2.json,200,10,20,0.3333333333333333,0.1646433920318547,0.5020232746348119,0.029242599470990248,0.30664959834409566,0.06329566570233808,tv,0.5,5,20,1.0,2,2,cabaret
sim_results_Umovielens1k_pop0_a0.5_N5_C20_CPtop_Q1.0_cabaret_W2_D2.json,300,10,30,0.8333333333333334,0.6999722251151381,0.9666944415515286,0.029242599470990248,0.30664959834409566,0.06329566570233808,tv,0.5,5,20,1.0,2,2,cabaret
sim_results_Umovielens1k_pop0_a0.5_N5_C20_CPtop_Q1.0_cabaret_W2_D2.json,400,10,40,0.9333333333333333,0.8440710066609742,1.0,0.029242599470990248,0.30664959834409566,0.06329566570233808,tv,0.5,5,20,1.0,2,2,cabaret
sim_results_Umovielens1k_pop0_a0.5_N5_C20_CPtop_Q1.0_cabaret_W2_D2.json,500,10,50,1.0,1.0,1.0,0.029242599470990248,0.30664959834409566,0.06329566570233808,tv,0.5,5,20,1.0,2,2,cabaret
sim_results_Umovielens1k_pop0_a0.5_N5_C20_CPtop_Q1.0_cabaret_W2_D2.json,600,10,60,1.0,1.0,1.0,0.029242599470990248,0.30664959834409566,0.06329566570233808,tv,0.5,5,20,1.0,2,2,cabaret
sim_results_Umovielens1k_pop0_a0.5_N5_C20_CPtop_Q1.0_cabaret_W2_D2.json,700,10,70,1.0,1.0,1.0,0.029242599470990248,0.30664959834409566,0.06329566570233808,tv,0.5,5,20,1.0,2,2,cabaret
sim_results_Umovielens1k_pop0_a0.5_N5_C20_CPtop_Q1.0_cabaret_W2_D2.json,800,10,80,1.0,1.0,1.0,0.029242599470990248,0.30664959834409566,0.06329566570233808,tv,0.5,5,20,1.0,2,2,cabaret
sim_results_Umovielens1k_pop0_a0.5_N5_C20_CPtop_Q1.0_cabaret_W2_D2.json,900,10,90,1.0,1.0,1.0,0.029242599470990248,0.30664959834409566,0.06329566570233808,tv,0.5,5,20,1.0,2,2,cabaret
sim_results_Umovielens1k_pop0_a0.5_N5_C20_CPtop_Q1.0_cabaret_W2_D2.json,1000,10,100,1.0,1.0,1.0,0.029242599470990248,0.30664959834409566,0.06329566570233808,tv,0.5,5,20,1.0,2,2,cabaret
sim_results_Umovielens1k_pop0_a0.5_N5_C5_CPtop_Q1.0_cabaret_W1_D2.json,100,10,10,0.0,0.0,0.0,0.012123982989477759,0.058766332507082644,0.006991601375304412,tv,0.5,5,5,1.0,1,2,cabaret
sim_results_Umovielens1k_pop0_a0.5_N5_C5_CPtop_Q1.0_cabaret_W1_D2.json,200,10,20,0.03333333333333333,0.0,0.09756854924301145,0.012123982989477759,0.058766332507082644,0.006991601375304412,tv,0.5,5,5,1.0,1,2,cabaret
sim_results_Umovielens1k_pop0_a0.5_N5_C5_CPtop_Q1.0_cabaret_W1_D2.json,300,10,30,0.0,0.0,0.0,0.012123982989477759,0.058766332507082644,0.006991601375304412,tv,0.5,5,5,1.0,1,2,cabaret
sim_results_Umovielens1k_pop0_a0.5_N5_C5_CPtop_Q1.0_cabaret_W1_D2.json,400,10,40,0.06666666666666667,0.0,0.15592899333902582,0.012123982989477759,0.058766332507082644,0.006991601375304412,tv,0.5,5,5,1.0,1,2,cabaret
sim_results_Umovielens1k_pop0_a0.5_N5_C5_CPtop_Q1.0_cabaret_W1_D2.json,500,10,50,0.26666666666666666,0.10842147482583778,0.4249118585074956,0.012123982989477759,0.058766332507082644,0.006991601375304412,tv,0.5,5,5,1.0,1,2,cabaret
sim_results_Umovielens1k_pop0_a0.5_N5_C5_CPtop_Q1.0_cabaret_W1_D2.json,600,10,60,0.23333333333333334,0.08198169469496736,0.3846849719716993,0.012123982989477759,0.058766332507082644,0.006991601375304412,tv,0.5,5,5,1.0,1,2,cabaret
sim_results_Umovielens1k_pop0_a0.5_N5_C5_CPtop_Q1.0_cabaret_W1_D2.json,700,10,70,0.13333333333333333,0.011689286729835005,0.25497737993683167,0.012123982989477759,0.058766332507082644,0.006991601375304412,tv,0.5,5,5,1.0,1,2,cabaret
sim_results_Umovielens1k_pop0_a0.5_N5_C5_CPtop_Q1.0_cabaret_W1_D2.json,800,10,80,0.13333333333333333,0.011689286729835005,0.25497737993683167,0.012123982989477759,0.058766332507082644,0.006991601375304412,tv,0.5,5,5,1.0,1,2,cabaret
sim_results_Umovielens1k_pop0_a0.5_N5_C5_CPtop_Q1.0_cabaret_W1_D2.json,900,10,90,0.26666666666666666,0.10842147482583778,0.4249118585074956,0.012123982989477759,0.058766332507082644,0.006991601375304412,tv,0.5,5,5,1.0,1,2,cabaret
sim_results_Umovielens1k_pop0_a0.5_N5_C5_CPtop_Q1.0_cabaret_W1_D2.json,1000,10,100,0.16666666666666666,0.03330555844847141,0.3000277748848619,0.012123982989477759,0.058766332507082644,0.006991601375304412,tv,0.5,5,5,1.0,1,2,cabaret
sim_results_Umovielens1k_pop0_a0.5_N5_C5_CPtop_Q1.0_cabaret_W2_D1.json,100,10,10,0.06666666666666667,0.0,0.15592899333902582,0.0034236569721166126,0.017741095197209466,0.0009626374978030309,tv,0.5,5,5,1.0,2,1,cabaret
sim_results_Umovielens1k_pop0_a0.5_N5_C5_CPtop_Q1.0_cabaret_W2_D1.json,200,10,20,0.0,0.0,0.0,0.0034236569721166126,0.017741095197209466,0.0009626374978030309,tv,0.5,5,5,1.0,2,1,cabaret
sim_results_Umovielens1k_pop0_a0.5_N5_C5_CPtop_Q1.0_cabaret_W2_D1.json,300,10,30,0.03333333333333333,0.0,0.09756854924301145,0.0034236569721166126,0.017741095197209466,0.0009626374978030309,tv,0.5,5,5,1.0,2,1,cabaret
sim_results_Umovielens1k_pop0_a0.5_N5_C5_CPtop_Q1.0_cabaret_W2_D1.json,400,10,40,0.0,0.0,0.0,0.0034236569721166126,0.017741095197209466,0.0009626374978030309,tv,0.5,5,5,1.0,2,1,cabaret
sim_results_Umovielens1k_pop0_a0.5_N5_C5_CPtop_Q1.0_cabaret_W2_D1.json,500,10,50,0.0,0.0,0.0,0.0034236569721166126,0.017741095197209466,0.0009626374978030309,tv,0.5,5,5,1.0,2,1,cabaret
sim_results_Umovielens1k_pop0_a0.5_N5_C5_CPtop_Q1.0_cabaret_W2_D1.json,600,10,60,0.13333333333333333,0.011689286729835005,0.25497737993683167,0.0034236569721166126,0.017741095197209466,0.0009626374978030309,tv,0.5,5,5,1.0,2,1,cabaret
sim_results_Umovielens1k_pop0_a0.5_N5_C5_CPtop_Q1.0_cabaret_W2_D1.json,700,10,70,0.0,0.0,0.0,0.0034236569721166126,0.017741095197209466,0.0009626374978030309,tv,0.5,5,5,1.0,2,1,cabaret
sim_results_Umovielens1k_pop0_a0.5_N5_C5_CPtop_Q1.0_cabaret_W2_D1.json,800,10,80,0.06666666666666667,0.0,0.15592899333902582,0.0034236569721166126,0.017741095197209466,0.0009626374978030309,tv,0.5,5,5,1.0,2,1,cabaret
sim_results_Umovielens1k_pop0_a0.5_N5_C5_CPtop_Q1.0_cabaret_W2_D1.json,900,10,90,0.03333333333333333,0.0,0.09756854924301145,0.0034236569721166126,0.017741095197209466,0.0009626374978030309,tv,0.5,5,5,1.0,2,1,cabaret
sim_results_Umovielens1k_pop0_a0.5_N5_C5_CPtop_Q1.0_cabaret_W2_D1.json,1000,10,100,0.06666666666666667,0.0,0.15592899333902582,0.0034236569721166126,0.017741095197209466,0.0009626374978030309,tv,0.5,5,5,1.0,2,1,cabaret
sim_results_Umovielens1k_pop0_a0.5_N5_C5_CPtop_Q1.0_cabaret_W2_D2.json,100,10,10,0.03333333333333333,0.0,0.09756854924301145,0.03308643387622225,0.14846298087117457,0.02537069987867686,tv,0.5,5,5,1.0,2,2,cabaret
sim_results_Umovielens1k_pop0_a0.5_N5_C5_CPtop_Q1.0_cabaret_W2_D2.json,200,10,20,0.2,0.056861838305316575,0.3431381616946835,0.03308643387622225,0.14846298087117457,0.02537069987867686,tv,0.5,5,5,1.0,2,2,cabaret
sim_results_Umovielens1k_pop0_a0.5_N5_C5_CPtop_Q1.0_cabaret_W2_D2.json,300,10,30,0.3333333333333333,0.1646433920318547,0.5020232746348119,0.03308643387622225,0.14846298087117457,0.02537069987867686,tv,0.5,5,5,1.0,2,2,cabaret
sim_results_Umovielens1k_pop0_a0.5_N5_C5_CPtop_Q1.0_cabaret_W2_D2.json,400,10,40,0.4,0.2246922705640165,0.5753077294359835,0.03308643387622225,0.14846298087117457,0.02537069987867686,tv,0.5,5,5,1.0,2,2,cabaret
sim_results_Umovielens1k_pop0_a0.5_N5_C5_CPtop_Q1.0_cabaret_W2_D2.json,500,10,50,0.5666666666666667,0.389341520656837,0.7439918126764963,0.03308643387622225,0.14846298087117457,0.02537069987867686,tv,0.5,5,5,1.0,2,2,cabaret
sim_results_Umovielens1k_pop0_a0.5_N5_C5_CPtop_Q1.0_cabaret_W2_D2.json,600,10,60,0.6,0.4246922705640165,0.7753077294359835,0.03308643387622225,0.14846298087117457,0.02537069987867686,tv,0.5,5,5,1.0,2,2,cabaret
sim_results_Umovielens1k_pop0_a0.5_N5_C5_CPtop_Q1.0_cabaret_W2_D2.json,700,10,70,0.7666666666666667,0.6153150280283007,0.9180183053050327,0.03308643387622225,0.14846298087117457,0.02537069987867686,tv,0.5,5,5,1.0,2,2,cabaret
sim_results_Umovielens1k_pop0_a0.5_N5_C5_CPtop_Q1.0_cabaret_W2_D2.json,800,10,80,0.8,0.6568618383053166,0.9431381616946835,0.03308643387622225,0.14846298087117457,0.02537069987867686,tv,0.5,5,5,1.0,2,2,cabaret
sim_results_Umovielens1k_pop0_a0.5_N5_C5_CPtop_Q1.0_cabaret_W2_D2.json,900,10,90,0.8333333333333334,0.6999722251151381,0.9666944415515286,0.03308643387622225,0.14846298087117457,0.02537069987867686,tv,0.5,5,5,1.0,2,2,cabaret
sim_results_Umovielens1k_pop0_a0.5_N5_C5_CPtop_Q1.0_cabaret_W2_D2.json,1000,10,100,0.8666666666666667,0.7450226200631684,0.988310713270165,0.03308643387622225,0.14846298087117457,0.02537069987867686,tv,0.5,5,5,1.0,2,2,cabaret
sim_results_Umovielens1k_pop0_a0.8_N10_C10_CPtop_Q1.0_cabaret_W1_D2.json,100,10,10,0.1,0.0,0.20735362127101256,0.04049046876292938,0.4027221835544459,0.10408268218869442,tv,0.8,10,10,1.0,1,2,cabaret
sim_results_Umovielens1k_pop0_a0.8_N10_C10_CPtop_Q1.0_cabaret_W1_D2.json,200,10,20,0.7333333333333333,0.5750881414925044,0.8915785251741621,0.04049046876292938,0.4027221835544459,0.10408268218869442,tv,0.8,10,10,1.0,1,2,cabaret
sim_results_Umovielens1k_pop0_a0.8_N10_C10_CPtop_Q1.0_cabaret_W1_D2.json,300,10,30,0.9666666666666667,0.9024314507569886,1.0,0.04049046876292938,0.4027221835544459,0.10408268218869442,tv,0.8,10,10,1.0,1,2,cabaret
sim_results_Umovielens1k_pop0_a0.8_N10_C10_CPtop_Q1.0_cabaret_W1_D2.json,400,10,40,1.0,1.0,1.0,0.04049046876292938,0.4027221835544459,0.10408268218869442,tv,0.8,10,10,1.0,1,2,cabaret
sim_results_Umovielens1k_pop0_a0.8_N10_C10_CPtop_Q1.0_cabaret_W1_D2.json,500,10,50,1.0,1.0,1.0,0.04049046876292938,0.4027221835544459,0.10408268218869442,tv,0.8,10,10,1.0,1,2,cabaret
sim_results_Umovielens1k_pop0_a0.8_N10_C10_CPtop_Q1.0_cabaret_W1_D2.json,600,10,60,1.0,1.0,1.0,0.04049046876292938,0.4027221835544459,0.10408268218869442,tv,0.8,10,10,1.0,1,2,cabaret
sim_results_Umovielens1k_pop0_a0.8_N10_C10_CPtop_Q1.0_cabaret_W1_D2.json,700,10,70,1.0,1.0,1.0,0.04049046876292938,0.4027221835544459,0.10408268218869442,tv,0.8,10,10,1.0,1,2,cabaret
sim_results_Umovielens1k_pop0_a0.8_N10_C10_CPtop_Q1.0_cabaret_W1_D2.json,800,10,80,1.0,1.0,1.0,0.04049046876292938,0.4027221835544459,0.10408268218869442,tv,0.8,10,10,1.0,1,2,cabaret
sim_results_Umovielens1k_pop0_a0.8_N10_C10_CPtop_Q1.0_cabaret_W1_D2.json,900,10,90,1.0,1.0,1.0,0.04049046876292938,0.4027221835544459,0.10408268218869442,tv,0.8,10,10,1.0,1,2,cabaret
sim_results_Umovielens1k_pop0_a0.8_N10_C10_CPtop_Q1.0_cabaret_W1_D2.json,1000,10,100,1.0,1.0,1.0,0.04049046876292938,0.4027221835544459,0.10408268218869442,tv,0.8,10,10,1.0,1,2,cabaret
sim_results_Umovielens1k_pop0_a0.8_N10_C10_CPtop_Q1.0_cabaret_W2_D1.json,100,10,10,0.0,0.0,0.0,0.028773264546563246,0.22019968008450477,0.03617754996228604,tv,0.8,10,10,1.0,2,1,cabaret
sim_results_Umovielens1k_pop0_a0.8_N10_C10_CPtop_Q1.0_cabaret_W2_D1.json,200,10,20,0.03333333333333333,0.0,0.09756854924301145,0.028773264546563246,0.22019968008450477,0.03617754996228604,tv,0.8,10,10,1.0,2,1,cabaret
sim_results_Umovielens1k_pop0_a0.8_N10_C10_CPtop_Q1.0_cabaret_W2_D1.json,300,10,30,0.36666666666666664,0.19422296678282158,0.5391103665505117,0.028773264546563246,0.22019968008450477,0.03617754996228604,tv,0.8,10,10,1.0,2,1,cabaret
sim_results_Umovielens1k_pop0_a0.8_N10_C10_CPtop_Q1.0_cabaret_W2_D1.json,400,10,40,0.3333333333333333,0.1646433920318547,0.5020232746348119,0.028773264546563246,0.22019968008450477,0.03617754996228604,tv,0.8,10,10,1.0,2,1,cabaret
sim_results_Umovielens1k_pop0_a0.8_N10_C10_CPtop_Q1.0_cabaret_W2_D1.json,500,10,50,0.6666666666666666,0.497976725365188,0.8353566079681453,0.028773264546563246,0.22019968008450477,0.03617754996228604,tv,0.8,10,10,1.0,2,1,cabaret
sim_results_Umovielens1k_pop0_a0.8_N10_C10_CPtop_Q1.0_cabaret_W2_D1.json,600,10,60,0.5333333333333333,0.354808679988615,0.7118579866780517,0.028773264546563246,0.22019968008450477,0.03617754996228604,tv,0.8,10,10,1.0,2,1,cabaret
sim_results_Umovielens1k_pop0_a0.8_N10_C10_CPtop_Q1.0_cabaret_W2_D1.json,700,10,70,0.8333333333333334,0.6999722251151381,0.9666944415515286,0.028773264546563246,0.22019968008450477,0.03617754996228604,tv,0.8,10,10,1.0,2,1,cabaret
sim_results_Umovielens1k_pop0_a0.8_N10_C10_CPtop_Q1.0_cabaret_W2_D1.json,800,10,80,1.0,1.0,1.0,0.028773264546563246,0.22019968008450477,0.03617754996228604,tv,0.8,10,10,1.0,2,1,cabaret
sim_results_Umovielens1k_pop0_a0.8_N10_C10_CPtop_Q1.0_cabaret_W2_D1.json,900,10,90,0.9,0.7926463787289875,1.0,0.028773264546563246,0.22019968008450477,0.03617754996228604,tv,0.8,10,10,1.0,2,1,cabaret
sim_results_Umovielens1k_pop0_a0.8_N10_C10_CPtop_Q1.0_cabaret_W2_D1.json,1000,10,100,0.9333333333333333,0.8440710066609742,1.0,0.028773264546563246,0.22019968008450477,0.03617754996228604,tv,0.8,10,10,1.0,2,1,cabaret
sim_results_Umovielens1k_pop0_a0.8_N10_C10_CPtop_Q1.0_cabaret_W2_D2.json,100,10,10,0.6666666666666666,0.497976725365188,0.8353566079681453,0.071102867762866,0.6673780772379141,0.25221761775903645,tv,0.8,10,10,1.0,2,2,cabaret
sim_results_Umovielens1k_pop0_a0.8_N10_C10_CPtop_Q1.0_cabaret_W2_D2.json,200,10,20,1.0,1.0,1.0,0.071102867762866,0.6673780772379141,0.25221761775903645,tv,0.8,10,10,1.0,2,2,cabaret
sim_results_Umovielens1k_pop0_a0.8_N10_C10_CPtop_Q1.0_cabaret_W2_D2.json,300,10,30,1.0,1.0,1.0,0.071102867762866,0.6673780772379141,0.25221761775903645,tv,0.8,10,10,1.0,2,2,cabaret
sim_results_Umovielens1k_pop0_a0.8_N10_C10_CPtop_Q1.0_cabaret_W2_D2.json,400,10,40,1.0,1.0,1.0,0.071102867762866,0.6673780772379141,0.25221761775903645,tv,0.8,10,10,1.0,2,2,cabaret
sim_results_Umovielens1k_pop0_a0.8_N10_C10_CPtop_Q1.0_cabaret_W2_D2.json,500,10,50,1.0,1.0,1.0,0.071102867762866,0.6673780772379141,0.25221761775903645,tv,0.8,10,10,1.0,2,2,cabaret
sim_results_Umovielens1k_pop0_a0.8_N10_C10_CPtop_Q1.0_cabaret_W2_D2.json,600,10,60,1.0,1.0,1.0,0.071102867762866,0.6673780772379141,0.25221761775903645,tv,0.8,10,10,1.0,2,2,cabaret
sim_results_Umovielens1k_pop0_a0.8_N10_C10_CPtop_Q1.0_cabaret_W2_D2.json,700,10,70,1.0,1.0,1.0,0.071102867762866,0.6673780772379141,0.25221761775903645,tv,0.8,10,10,1.0,2,2,cabaret
sim_results_Umovielens1k_pop0_a0.8_N10_C10_CPtop_Q1.0_cabaret_W2_D2.json,800,10,80,1.0,1.0,1.0,0.071102867762866,0.6673780772379141,0.25221761775903645,tv,0.8,10,10,1.0,2,2,cabaret
sim_results_Umovielens1k_pop0_a0.8_N10_C10_CPtop_Q1.0_cabaret_W2_D2.json,900,10,90,1.0,1.0,1.0,0.071102867762866,0.6673780772379141,0.25221761775903645,tv,0.8,10,10,1.0,2,2,cabaret
sim_results_Umovielens1k_pop0_a0.8_N10_C10_CPtop_Q1.0_cabaret_W2_D2.json,1000,10,100,1.0,1.0,1.0,0.071102867762866,0.6673780772379141,0.25221761775903645,tv,0.8,10,10,1.0,2,2,cabaret
sim_results_Umovielens1k_pop0_a0.8_N10_C20_CPtop_Q1.0_cabaret_W1_D2.json,100,10,10,0.0,0.0,0.0,0.034439787193176204,0.45933007306134893,0.13134307207023752,tv,0.8,10,20,1.0,1,2,cabaret
sim_results_Umovielens1k_pop0_a0.8_N10_C20_CPtop_Q1.0_cabaret_W1_D2.json,200,10,20,0.7666666666666667,0.6153150280283007,0.9180183053050327,0.034439787193176204,0.45933007306134893,0.13134307207023752,tv,0.8,10,20,1.0,1,2,cabaret
sim_results_Umovielens1k_pop0_a0.8_N10_C20_CPtop_Q1.0_cabaret_W1_D2.json,300,10,30,0.9666666666666667,0.9024314507569886,1.0,0.034439787193176204,0.45933007306134893,0.13134307207023752,tv,0.8,10,20,1.0,1,2,cabaret
sim_results_Umovielens1k_pop0_a0.8_N10_C20_CPtop_Q1.0_cabaret_W1_D2.json,400,10,40,1.0,1.0,1.0,0.034439787193176204,0.45933007306134893,0.13134307207023752,tv,0.8,10,20,1.0,1,2,cabaret
sim_results_Umovielens1k_pop0_a0.8_N10_C20_CPtop_Q1.0_cabaret_W1_D2.json,500,10,50,1.0,1.0,1.0,0.034439787193176204,0.45933007306134893,0.13134307207023752,tv,0.8,10,20,1.0,1,2,cabaret
sim_results_Umovielens1k_pop0_a0.8_N10_C20_CPtop_Q1.0_cabaret_W1_D2.json,600,10,60,1.0,1.0,1.0,0.034439787193176204,0.45933007306134893,0.13134307207023752,tv,0.8,10,20,1.0,1,2,cabaret
sim_results_Umovielens1k_pop0_a0.8_N10_C20_CPtop_Q1.0_cabaret_W1_D2.json,700,10,70,1.0,1.0,1.0,0.034439787193176204,0.45933007306134893,0.13134307207023752,tv,0.8,10,20,1.0,1,2,cabaret
sim_results_Umovielens1k_pop0_a0.8_N10_C20_CPtop_Q1.0_cabaret_W1_D2.json,800,10,80,1.0,1.0,1.0,0.034439787193176204,0.45933007306134893,0.13134307207023752,tv,0.8,10,20,1.0,1,2,cabaret
sim_results_Umovielens1k_pop0_a0.8_N10_C20_CPtop_Q1.0_cabaret_W1_D2.json,900,10,90,1.0,1.0,1.0,0.034439787193176204,0.45933007306134893,0.13134307207023752,tv,0.8,10,20,1.0,1,2,cabaret
sim_results_Umovielens1k_pop0_a0.8_N10_C20_CPtop_Q1.0_cabaret_W1_D2.json,1000,10,100,1.0,1.0,1.0,0.034439787193176204,0.45933007306134893,0.13134307207023752,tv,0.8,10,20,1.0,1,2,cabaret
sim_results_Umovielens1k_pop0_a0.8_N10_C20_CPtop_Q1.0_cabaret_W2_D1.json,100,10,10,0.0,0.0,0.0,0.025416509881744175,0.29399926378838265,0.05623236209236332,tv,0.8,10,20,1.0,2,1,cabaret
sim_results_Umovielens1k_pop0_a0.8_N10_C20_CPtop_Q1.0_cabaret_W2_D1.json,200,10,20,0.0,0.0,0.0,0.025416509881744175,0.29399926378838265,0.05623236209236332,tv,0.8,10,20,1.0,2,1,cabaret
sim_results_Umovielens1k_pop0_a0.8_N10_C20_CPtop_Q1.0_cabaret_W2_D1.json,300,10,30,0.2,0.056861838305316575,0.3431381616946835,0.025416509881744175,0.29399926378838265,0.05623236209236332,tv,0.8,10,20,1.0,2,1,cabaret
sim_results_Umovielens1k_pop0_a0.8_N10_C20_CPtop_Q1.0_cabaret_W2_D1.json,400,10,40,0.5333333333333333,0.354808679988615,0.7118579866780517,0.025416509881744175,0.29399926378838265,0.05623236209236332,tv,0.8,10,20,1.0,2,1,cabaret
sim_results_Umovielens1k_pop0_a0.8_N10_C20_CPtop_Q1.0_cabaret_W2_D1.json,500,10,50,0.7,0.5360146347993211,0.8639853652006788,0.025416509881744175,0.29399926378838265,0.05623236209236332,tv,0.8,10,20,1.0,2,1,cabaret
sim_results_Umovielens1k_pop0_a0.8_N10_C20_CPtop_Q1.0_cabaret_W2_D1.json,600,10,60,0.8333333333333334,0.6999722251151381,0.9666944415515286,0.025416509881744175,0.29399926378838265,0.05623236209236332,tv,0.8,10,20,1.0,2,1,cabaret
sim_results_Umovielens1k_pop0_a0.8_N10_C20_CPtop_Q1.0_cabaret_W2_D1.json,700,10,70,0.8666666666666667,0.7450226200631684,0.988310713270165,0.025416509881744175,0.29399926378838265,0.05623236209236332,tv,0.8,10,20,1.0,2,1,cabaret
sim_results_Umovielens1k_pop0_a0.8_N10_C20_CPtop_Q1.0_cabaret_W2_D1.json,800,10,80,1.0,1.0,1.0,0.025416509881744175,0.29399926378838265,0.05623236209236332,tv,0.8,10,20,1.0,2,1,cabaret
sim_results_Umovielens1k_pop0_a0.8_N10_C20_CPtop_Q1.0_cabaret_W2_D1.json,900,10,90,0.9666666666666667,0.9024314507569886,1.0,0.025416509881744175,0.29399926378838265,0.05623236209236332,tv,0.8,10,20,1.0,2,1,cabaret
sim_results_Umovielens1k_pop0_a0.8_N10_C20_CPtop_Q1.0_cabaret_W2_D1.json,1000,10,100,1.0,1.0,1.0,0.025416509881744175,0.29399926378838265,0.05623236209236332,tv,0.8,10,20,1.0,2,1,cabaret
sim_results_Umovielens1k_pop0_a0.8_N10_C20_CPtop_Q1.0_cabaret_W2_D2.json,100,10,10,0.1,0.0,0.20735362127101256,0.05610249782497796,0.6651487088884913,0.252224516956578,tv,0.8,10,20,1.0,2,2,cabaret
sim_results_Umovielens1k_pop0_a0.8_N10_C20_CPtop_Q1.0_cabaret_W2_D2.json,200,10,20,1.0,1.0,1.0,0.05610249782497796,0.6651487088884913,0.252224516956578,tv,0.8,10,20,1.0,2,2,cabaret
sim_results_Umovielens1k_pop0_a0.8_N10_C20_CPtop_Q1.0_cabaret_W2_D2.json,300,10,30,1.0,1.0,1.0,0.05610249782497796,0.6651487088884913,0.252224516956578,tv,0.8,10,20,1.0,2,2,cabaret
sim_results_Umovielens1k_pop0_a0.8_N10_C20_CPtop_Q1.0_cabaret_W2_D2.json,400,10,40,1.0,1.0,1.0,0.05610249782497796,0.6651487088884913,0.252224516956578,tv,0.8,10,20,1.0,2,2,cabaret
sim_results_Umovielens1k_pop0_a0.8_N10_C20_CPtop_Q1.0_cabaret_W2_D2.json,500,10,50,1.0,1.0,1.0,0.05610249782497796,0.6651487088884913,0.252224516956578,tv,0.8,10,20,1.0,2,2,cabaret
sim_results_Umovielens1k_pop0_a0.8_N10_C20_CPtop_Q1.0_cabaret_W2_D2.json,600,10,60,1.0,1.0,1.0,0.05610249782497796,0.6651487088884913,0.252224516956578,tv,0.8,10,20,1.0,2,2,cabaret
sim_results_Umovielens1k_pop0_a0.8_N10_C20_CPtop_Q1.0_cabaret_W2_D2.json,700,10,70,1.0,1.0,1.0,0.05610249782497796,0.6651487088884913,0.252224516956578,tv,0.8,10,20,1.0,2,2,cabaret
sim_results_Umovielens1k_pop0_a0.8_N10_C20_CPtop_Q1.0_cabaret_W2_D2.json,800,10,80,1.0,1.0,1.0,0.05610249782497796,0.6651487088884913,0.252224516956578,tv,0.8,10,20,1.0,2,2,cabaret
sim_results_Umovielens1k_pop0_a0.8_N10_C20_CPtop_Q1.0_cabaret_W2_D2.json,900,10,90,1.0,1.0,1.0,0.05610249782497796,0.6651487088884913,0.252224516956578,tv,0.8,10,20,1.0,2,2,cabaret
sim_results_Umovielens1k_pop0_a0.8_N10_C20_CPtop_Q1.0_cabaret_W2_D2.json,1000,10,100,1.0,1.0,1.0,0.05610249782497796,0.6651487088884913,0.252224516956578,tv,0.8,10,20,1.0,2,2,cabaret
sim_results_Umovielens1k_pop0_a0.8_N10_C5_CPtop_Q1.0_cabaret_W1_D2.json,100,10,10,0.0,0.0,0.0,0.03354739707833577,0.22677480840891034,0.04281284147518829,tv,0.8,10,5,1.0,1,2,cabaret
sim_results_Umovielens1k_pop0_a0.8_N10_C5_CPtop_Q1.0_cabaret_W1_D2.json,200,10,20,0.26666666666666666,0.10842147482583778,0.4249118585074956,0.03354739707833577,0.22677480840891034,0.04281284147518829,tv,0.8,10,5,1.0,1,2,cabaret
sim_results_Umovielens1k_pop0_a0.8_N10_C5_CPtop_Q1.0_cabaret_W1_D2.json,300,10,30,0.6333333333333333,0.46088963344948825,0.8057770332171783,0.03354739707833577,0.22677480840891034,0.04281284147518829,tv,0.8,10,5,1.0,1,2,cabaret
sim_results_Umovielens1k_pop0_a0.8_N10_C5_CPtop_Q1.0_cabaret_W1_D2.json,400,10,40,0.7333333333333333,0.5750881414925044,0.8915785251741621,0.03354739707833577,0.22677480840891034,0.04281284147518829,tv,0.8,10,5,1.0,1,2,cabaret
sim_results_Umovielens1k_pop0_a0.8_N10_C5_CPtop_Q1.0_cabaret_W1_D2.json,500,10,50,0.9,0.7926463787289875,1.0,0.03354739707833577,0.22677480840891034,0.04281284147518829,tv,0.8,10,5,1.0,1,2,cabaret
sim_results_Umovielens1k_pop0_a0.8_N10_C5_CPtop_Q1.0_cabaret_W1_D2.json,600,10,60,0.9333333333333333,0.8440710066609742,1.0,0.03354739707833577,0.22677480840891034,0.04281284147518829,tv,0.8,10,5,1.0,1,2,cabaret
sim_results_Umovielens1k_pop0_a0.8_N10_C5_CPtop_Q1.0_cabaret_W1_D2.json,700,10,70,0.9333333333333333,0.8440710066609742,1.0,0.03354739707833577,0.22677480840891034,0.04281284147518829,tv,0.8,10,5,1.0,1,2,cabaret
sim_results_Umovielens1k_pop0_a0.8_N10_C5_CPtop_Q1.0_cabaret_W1_D2.json,800,10,80,1.0,1.0,1.0,0.03354739707833577,0.22677480840891034,0.04281284147518829,tv,0.8,10,5,1.0,1,2,cabaret
sim_results_Umovielens1k_pop0_a0.8_N10_C5_CPtop_Q1.0_cabaret_W1_D2.json,900,10,90,1.0,1.0,1.0,0.03354739707833577,0.22677480840891034,0.04281284147518829,tv,0.8,10,5,1.0,1,2,cabaret
sim_results_Umovielens1k_pop0_a0.8_N10_C5_CPtop_Q1.0_cabaret_W1_D2.json,1000,10,100,0.9666666666666667,0.9024314507569886,1.0,0.03354739707833577,0.22677480840891034,0.04281284147518829,tv,0.8,10,5,1.0,1,2,cabaret
sim_results_Umovielens1k_pop0_a0.8_N10_C5_CPtop_Q1.0_cabaret_W2_D1.json,100,10,10,0.0,0.0,0.0,0.026244077539090048,0.12071901167537993,0.014340112890644385,tv,0.8,10,5,1.0,2,1,cabaret
sim_results_Umovielens1k_pop0_a0.8_N10_C5_CPtop_Q1.0_cabaret_W2_D1.json,200,10,20,0.0,0.0,0.0,0.026244077539090048,0.12071901167537993,0.014340112890644385,tv,0.8,10,5,1.0,2,1,cabaret
sim_results_Umovielens1k_pop0_a0.8_N10_C5_CPtop_Q1.0_cabaret_W2_D1.json,300,10,30,0.2,0.056861838305316575,0.3431381616946835,0.026244077539090048,0.12071901167537993,0.014340112890644385,tv,0.8,10,5,1.0,2,1,cabaret
sim_results_Umovielens1k_pop0_a0.8_N10_C5_CPtop_Q1.0_cabaret_W2_D1.json,400,10,40,0.16666666666666666,0.03330555844847141,0.3000277748848619,0.026244077539090048,0.12071901167537993,0.014340112890644385,tv,0.8,10,5,1.0,2,1,cabaret
sim_results_Umovielens1k_pop0_a0.8_N10_C5_CPtop_Q1.0_cabaret_W2_D1.json,500,10,50,0.06666666666666667,0.0,0.15592899333902582,0.026244077539090048,0.12071901167537993,0.014340112890644385,tv,0.8,10,5,1.0,2,1,cabaret
sim_results_Umovielens1k_pop0_a0.8_N10_C5_CPtop_Q1.0_cabaret_W2_D1.json,600,10,60,0.1,0.0,0.20735362127101256,0.026244077539090048,0.12071901167537993,0.014340112890644385,tv,0.8,10,5,1.0,2,1,cabaret
sim_results_Umovielens1k_pop0_a0.8_N10_C5_CPtop_Q1.0_cabaret_W2_D1.json,700,10,70,0.26666666666666666,0.10842147482583778,0.4249118585074956,0.026244077539090048,0.12071901167537993,0.014340112890644385,tv,0.8,10,5,1.0,2,1,cabaret
sim_results_Umovielens1k_pop0_a0.8_N10_C5_CPtop_Q1.0_cabaret_W2_D1.json,800,10,80,0.3333333333333333,0.1646433920318547,0.5020232746348119,0.026244077539090048,0.12071901167537993,0.014340112890644385,tv,0.8,10,5,1.0,2,1,cabaret
sim_results_Umovielens1k_pop0_a0.8_N10_C5_CPtop_Q1.0_cabaret_W2_D1.json,900,10,90,0.3333333333333333,0.1646433920318547,0.5020232746348119,0.026244077539090048,0.12071901167537993,0.014340112890644385,tv,0.8,10,5,1.0,2,1,cabaret
sim_results_Umovielens1k_pop0_a0.8_N10_C5_CPtop_Q1.0_cabaret_W2_D1.json,1000,10,100,0.36666666666666664,0.19422296678282158,0.5391103665505117,0.026244077539090048,0.12071901167537993,0.014340112890644385,tv,0.8,10,5,1.0,2,1,cabaret
sim_results_Umovielens1k_pop0_a0.8_N10_C5_CPtop_Q1.0_cabaret_W2_D2.json,100,10,10,0.06666666666666667,0.0,0.15592899333902582,0.06340190653531624,0.4311868080224353,0.10985588461798643,tv,0.8,10,5,1.0,2,2,cabaret
sim_results_Umovielens1k_pop0_a0.8_N10_C5_CPtop_Q1.0_cabaret_W2_D2.json,200,10,20,0.8666666666666667,0.7450226200631684,0.988310713270165,0.06340190653531624,0.4311868080224353,0.10985588461798643,tv,0.8,10,5,1.0,2,2,cabaret
sim_results_Umovielens1k_pop0_a0.8_N10_C5_CPtop_Q1.0_cabaret_W2_D2.json,300,10,30,0.9666666666666667,0.9024314507569886,1.0,0.06340190653531624,0.4311868080224353,0.10985588461798643,tv,0.8,10,5,1.0,2,2,cabaret
sim_results_Umovielens1k_pop0_a0.8_N10_C5_CPtop_Q1.0_cabaret_W2_D2.json,400,10,40,1.0,1.0,1.0,0.06340190653531624,0.4311868080224353,0.10985588461798643,tv,0.8,10,5,1.0,2,2,cabaret
sim_results_Umovielens1k_pop0_a0.8_N10_C5_CPtop_Q1.0_cabaret_W2_D2.json,500,10,50,1.0,1.0,1.0,0.06340190653531624,0.4311868080224353,0.10985588461798643,tv,0.8,10,5,1.0,2,2,cabaret
sim_results_Umovielens1k_pop0_a0.8_N10_C5_CPtop_Q1.0_cabaret_W2_D2.json,600,10,60,1.0,1.0,1.0,0.06340190653531624,0.4311868080224353,0.10985588461798643,tv,0.8,10,5,1.0,2,2,cabaret
sim_results_Umovielens1k_pop0_a0.8_N10_C5_CPtop_Q1.0_cabaret_W2_D2.json,700,10,70,1.0,1.0,1.0,0.06340190653531624,0.4311868080224353,0.10985588461798643,tv,0.8,10,5,1.0,2,2,cabaret
sim_results_Umovielens1k_pop0_a0.8_N10_C5_CPtop_Q1.0_cabaret_W2_D2.json,800,10,80,1.0,1.0,1.0,0.06340190653531624,0.4311868080224353,0.10985588461798643,tv,0.8,10,5,1.0,2,2,cabaret
sim_results_Umovielens1k_pop0_a0.8_N10_C5_CPtop_Q1.0_cabaret_W2_D2.json,900,10,90,1.0,1.0,1.0,0.06340190653531624,0.4311868080224353,0.10985588461798643,tv,0.8,10,5,1.0,2,2,cabaret
sim_results_Umovielens1k_pop0_a0.8_N10_C5_CPtop_Q1.0_cabaret_W2_D2.json,1000,10,100,1.0,1.0,1.0,0.06340190653531624,0.4311868080224353,0.10985588461798643,tv,0.8,10,5,1.0,2,2,cabaret
sim_results_Umovielens1k_pop0_a0.8_N2_C10_CPtop_Q1.0_cabaret_W1_D2.json,100,10,10,0.0,0.0,0.0,0.024723121351115002,0.1541238934492944,0.03708660151301659,tv,0.8,2,10,1.0,1,2,cabaret
sim_results_Umovielens1k_pop0_a0.8_N2_C10_CPtop_Q1.0_cabaret_W1_D2.json,200,10,20,0.06666666666666667,0.0,0.15592899333902582,0.024723121351115002,0.1541238934492944,0.03708660151301659,tv,0.8,2,10,1.0,1,2,cabaret
sim_results_Umovielens1k_pop0_a0.8_N2_C10_CPtop_Q1.0_cabaret_W1_D2.json,300,10,30,0.26666666666666666,0.10842147482583778,0.4249118585074956,0.024723121351115002,0.1541238934492944,0.03708660151301659,tv,0.8,2,10,1.0,1,2,cabaret
sim_results_Umovielens1k_pop0_a0.8_N2_C10_CPtop_Q1.0_cabaret_W1_D2.json,400,10,40,0.43333333333333335,0.2560081873235037,0.610658479343163,0.024723121351115002,0.1541238934492944,0.03708660151301659,tv,0.8,2,10,1.0,1,2,cabaret
sim_results_Umovielens1k_pop0_a0.8_N2_C10_CPtop_Q1.0_cabaret_W1_D2.json,500,10,50,0.4666666666666667,0.28814201332194833,0.645191320011385,0.024723121351115002,0.1541238934492944,0.03708660151301659,tv,0.8,2,10,1.0,1,2,cabaret
sim_results_Umovielens1k_pop0_a0.8_N2_C10_CPtop_Q1.0_cabaret_W1_D2.json,600,10,60,0.6666666666666666,0.497976725365188,0.8353566079681453,0.024723121351115002,0.1541238934492944,0.03708660151301659,tv,0.8,2,10,1.0,1,2,cabaret
sim_results_Umovielens1k_pop0_a0.8_N2_C10_CPtop_Q1.0_cabaret_W1_D2.json,700,10,70,0.6,0.4246922705640165,0.7753077294359835,0.024723121351115002,0.1541238934492944,0.03708660151301659,tv,0.8,2,10,1.0,1,2,cabaret
sim_results_Umovielens1k_pop0_a0.8_N2_C10_CPtop_Q1.0_cabaret_W1_D2.json,800,10,80,0.5666666666666667,0.389341520656837,0.7439918126764963,0.024723121351115002,0.1541238934492944,0.03708660151301659,tv,0.8,2,10,1.0,1,2,cabaret
sim_results_Umovielens1k_pop0_a0.8_N2_C10_CPtop_Q1.0_cabaret_W1_D2.json,900,10,90,0.8666666666666667,0.7450226200631684,0.988310713270165,0.024723121351115002,0.1541238934492944,0.03708660151301659,tv,0.8,2,10,1.0,1,2,cabaret
sim_results_Umovielens1k_pop0_a0.8_N2_C10_CPtop_Q1.0_cabaret_W1_D2.json,1000,10,100,0.9333333333333333,0.8440710066609742,1.0,0.024723121351115002,0.1541238934492944,0.03708660151301659,tv,0.8,2,10,1.0,1,2,cabaret
sim_results_Umovielens1k_pop0_a0.8_N2_C10_CPtop_Q1.0_cabaret_W2_D1.json,100,10,10,0.0,0.0,0.0,0.007095889339874608,0.06786922758112406,0.007024641097355975,tv,0.8,2,10,1.0,2,1,cabaret
sim_results_Umovielens1k_pop0_a0.8_N2_C10_CPtop_Q1.0_cabaret_W2_D1.json,200,10,20,0.0,0.0,0.0,0.007095889339874608,0.06786922758112406,0.007024641097355975,tv,0.8,2,10,1.0,2,1,cabaret
sim_results_Umovielens1k_pop0_a0.8_N2_C10_CPtop_Q1.0_cabaret_W2_D1.json,300,10,30,0.1,0.0,0.20735362127101256,0.007095889339874608,0.06786922758112406,0.007024641097355975,tv,0.8,2,10,1.0,2,1,cabaret
sim_results_Umovielens1k_pop0_a0.8_N2_C10_CPtop_Q1.0_cabaret_W2_D1.json,400,10,40,0.0,0.0,0.0,0.007095889339874608,0.06786922758112406,0.007024641097355975,tv,0.8,2,10,1.0,2,1,cabaret
sim_results_Umovielens1k_pop0_a0.8_N2_C10_CPtop_Q1.0_cabaret_W2_D1.json,500,10,50,0.06666666666666667,0.0,0.15592899333902582,0.007095889339874608,0.06786922758112406,0.007024641097355975,tv,0.8,2,10,1.0,2,1,cabaret
sim_results_Umovielens1k_pop0_a0.8_N2_C10_CPtop_Q1.0_cabaret_W2_D1.json,600,10,60,0.03333333333333333,0.0,0.09756854924301145,0.007095889339874608,0.06786922758112406,0.007024641097355975,tv,0.8,2,10,1.0,2,1,cabaret
sim_results_Umovielens1k_pop0_a0.8_N2_C10_CPtop_Q1.0_cabaret_W2_D1.json,700,10,70,0.06666666666666667,0.0,0.15592899333902582,0.007095889339874608,0.06786922758112406,0.007024641097355975,tv,0.8,2,10,1.0,2,1,cabaret
sim_results_Umovielens1k_pop0_a0.8_N2_C10_CPtop_Q1.0_cabaret_W2_D1.json,800,10,80,0.13333333333333333,0.011689286729835005,0.25497737993683167,0.007095889339874608,0.06786922758112406,0.007024641097355975,tv,0.8,2,10,1.0,2,1,cabaret
sim_results_Umovielens1k_pop0_a0.8_N2_C10_CPtop_Q1.0_cabaret_W2_D1.json,900,10,90,0.06666666666666667,0.0,0.15592899333902582,0.007095889339874608,0.06786922758112406,0.007024641097355975,tv,0.8,2,10,1.0,2,1,cabaret
sim_results_Umovielens1k_pop0_a0.8_N2_C10_CPtop_Q1.0_cabaret_W2_D1.json,1000,10,100,0.1,0.0,0.20735362127101256,0.007095889339874608,0.06786922758112406,0.007024641097355975,tv,0.8,2,10,1.0,2,1,cabaret
sim_results_Umovielens1k_pop0_a0.8_N2_C10_CPtop_Q1.0_cabaret_W2_D2.json,100,10,10,0.13333333333333333,0.011689286729835005,0.25497737993683167,0.0669712174777006,0.3505485659527958,0.11613294307970595,tv,0.8,2,10,1.0,2,2,cabaret
sim_results_Umovielens1k_pop0_a0.8_N2_C10_CPtop_Q1.0_cabaret_W2_D2.json,200,10,20,0.7666666666666667,0.6153150280283007,0.9180183053050327,0.0669712174777006,0.3505485659527958,0.11613294307970595,tv,0.8,2,10,1.0,2,2,cabaret
sim_results_Umovielens1k_pop0_a0.8_N2_C10_CPtop_Q1.0_cabaret_W2_D2.json,300,10,30,1.0,1.0,1.0,0.0669712174777006,0.3505485659527958,0.11613294307970595,tv,0.8,2,10,1.0,2,2,cabaret
sim_results_Umovielens1k_pop0_a0.8_N2_C10_CPtop_Q1.0_cabaret_W2_D2.json,400,10,40,1.0,1.0,1.0,0.0669712174777006,0.3505485659527958,0.11613294307970595,tv,0.8,2,10,1.0,2,2,cabaret
sim_results_Umovielens1k_pop0_a0.8_N2_C10_CPtop_Q1.0_cabaret_W2_D2.json,500,10,50,1.0,1.0,1.0,0.0669712174777006,0.3505485659527958,0.11613294307970595,tv,0.8,2,10,1.0,2,2,cabaret
sim_results_Umovielens1k_pop0_a0.8_N2_C10_CPtop_Q1.0_cabaret_W2_D2.json,600,10,60,1.0,1.0,1.0,0.0669712174777006,0.3505485659527958,0.11613294307970595,tv,0.8,2,10,1.0,2,2,cabaret
sim_results_Umovielens1k_pop0_a0.8_N2_C10_CPtop_Q1.0_cabaret_W2_D2.json,700,10,70,1.0,1.0,1.0,0.0669712174777006,0.3505485659527958,0.11613294307970595,tv,0.8,2,10,1.0,2,2,cabaret
sim_results_Umovielens1k_pop0_a0.8_N2_C10_CPtop_Q1.0_cabaret_W2_D2.json,800,10,80,1.0,1.0,1.0,0.0669712174777006,0.3505485659527958,0.11613294307970595,tv,0.8,2,10,1.0,2,2,cabaret
sim_results_Umovielens1k_pop0_a0.8_N2_C10_CPtop_Q1.0_cabaret_W2_D2.json,900,10,90,1.0,1.0,1.0,0.0669712174777006,0.3505485659527958,0.11613294307970595,tv,0.8,2,10,1.0,2,2,cabaret
sim_results_Umovielens1k_pop0_a0.8_N2_C10_CPtop_Q1.0_cabaret_W2_D2.json,1000,10,100,1.0,1.0,1.0,0.0669712174777006,0.3505485659527958,0.11613294307970595,tv,0.8,2,10,1.0,2,2,cabaret
sim_results_Umovielens1k_pop0_a0.8_N2_C20_CPtop_Q1.0_cabaret_W1_D2.json,100,10,10,0.03333333333333333,0.0,0.09756854924301145,0.022120927804759088,0.20485925495676632,0.05402971596892879,tv,0.8,2,20,1.0,1,2,cabaret
sim_results_Umovielens1k_pop0_a0.8_N2_C20_CPtop_Q1.0_cabaret_W1_D2.json,200,10,20,0.06666666666666667,0.0,0.15592899333902582,0.022120927804759088,0.20485925495676632,0.05402971596892879,tv,0.8,2,20,1.0,1,2,cabaret
sim_results_Umovielens1k_pop0_a0.8_N2_C20_CPtop_Q1.0_cabaret_W1_D2.json,300,10,30,0.3,0.1360146347993212,0.4639853652006788,0.022120927804759088,0.20485925495676632,0.05402971596892879,tv,0.8,2,20,1.0,1,2,cabaret
sim_results_Umovielens1k_pop0_a0.8_N2_C20_CPtop_Q1.0_cabaret_W1_D2.json,400,10,40,0.43333333333333335,0.2560081873235037,0.610658479343163,0.022120927804759088,0.20485925495676632,0.05402971596892879,tv,0.8,2,20,1.0,1,2,cabaret
sim_results_Umovielens1k_pop0_a0.8_N2_C20_CPtop_Q1.0_cabaret_W1_D2.json,500,10,50,0.5,0.32107729788164574,0.6789227021183543,0.022120927804759088,0.20485925495676632,0.05402971596892879,tv,0.8,2,20,1.0,1,2,cabaret
sim_results_Umovielens1k_pop0_a0.8_N2_C20_CPtop_Q1.0_cabaret_W1_D2.json,600,10,60,0.6666666666666666,0.497976725365188,0.8353566079681453,0.022120927804759088,0.20485925495676632,0.05402971596892879,tv,0.8,2,20,1.0,1,2,cabaret
sim_results_Umovielens1k_pop0_a0.8_N2_C20_CPtop_Q1.0_cabaret_W1_D2.json,700,10,70,0.8333333333333334,0.6999722251151381,0.9666944415515286,0.022120927804759088,0.20485925495676632,0.05402971596892879,tv,0.8,2,20,1.0,1,2,cabaret
sim_results_Umovielens1k_pop0_a0.8_N2_C20_CPtop_Q1.0_cabaret_W1_D2.json,800,10,80,1.0,1.0,1.0,0.022120927804759088,0.20485925495676632,0.05402971596892879,tv,0.8,2,20,1.0,1,2,cabaret
sim_results_Umovielens1k_pop0_a0.8_N2_C20_CPtop_Q1.0_cabaret_W1_D2.json,900,10,90,0.9333333333333333,0.8440710066609742,1.0,0.022120927804759088,0.20485925495676632,0.05402971596892879,tv,0.8,2,20,1.0,1,2,cabaret
sim_results_Umovielens1k_pop0_a0.8_N2_C20_CPtop_Q1.0_cabaret_W1_D2.json,1000,10,100,0.9,0.7926463787289875,1.0,0.022120927804759088,0.20485925495676632,0.05402971596892879,tv,0.8,2,20,1.0,1,2,cabaret
sim_results_Umovielens1k_pop0_a0.8_N2_C20_CPtop_Q1.0_cabaret_W2_D1.json,100,10,10,0.0,0.0,0.0,0.007020745869735049,0.1015940389932054,0.014556324598000681,tv,0.8,2,20,1.0,2,1,cabaret
sim_results_Umovielens1k_pop0_a0.8_N2_C20_CPtop_Q1.0_cabaret_W2_D1.json,200,10,20,0.0,0.0,0.0,0.007020745869735049,0.1015940389932054,0.014556324598000681,tv,0.8,2,20,1.0,2,1,cabaret
sim_results_Umovielens1k_pop0_a0.8_N2_C20_CPtop_Q1.0_cabaret_W2_D1.json,300,10,30,0.1,0.0,0.20735362127101256,0.007020745869735049,0.1015940389932054,0.014556324598000681,tv,0.8,2,20,1.0,2,1,cabaret
sim_results_Umovielens1k_pop0_a0.8_N2_C20_CPtop_Q1.0_cabaret_W2_D1.json,400,10,40,0.06666666666666667,0.0,0.15592899333902582,0.007020745869735049,0.1015940389932054,0.014556324598000681,tv,0.8,2,20,1.0,2,1,cabaret
sim_results_Umovielens1k_pop0_a0.8_N2_C20_CPtop_Q1.0_cabaret_W2_D1.json,500,10,50,0.03333333333333333,0.0,0.09756854924301145,0.007020745869735049,0.1015940389932054,0.014556324598000681,tv,0.8,2,20,1.0,2,1,cabaret
sim_results_Umovielens1k_pop0_a0.8_N2_C20_CPtop_Q1.0_cabaret_W2_D1.json,600,10,60,0.03333333333333333,0.0,0.09756854924301145,0.007020745869735049,0.1015940389932054,0.014556324598000681,tv,0.8,2,20,1.0,2,1,cabaret
sim_results_Umovielens1k_pop0_a0.8_N2_C20_CPtop_Q1.0_cabaret_W2_D1.json,700,10,70,0.13333333333333333,0.011689286729835005,0.25497737993683167,0.007020745869735049,0.1015940389932054,0.014556324598000681,tv,0.8,2,20,1.0,2,1,cabaret
sim_results_Umovielens1k_pop0_a0.8_N2_C20_CPtop_Q1.0_cabaret_W2_D1.json,800,10,80,0.06666666666666667,0.0,0.15592899333902582,0.007020745869735049,0.1015940389932054,0.014556324598000681,tv,0.8,2,20,1.0,2,1,cabaret
sim_results_Umovielens1k_pop0_a0.8_N2_C20_CPtop_Q1.0_cabaret_W2_D1.json,900,10,90,0.1,0.0,0.20735362127101256,0.007020745869735049,0.1015940389932054,0.014556324598000681,tv,0.8,2,20,1.0,2,1,cabaret
sim_results_Umovielens1k_pop0_a0.8_N2_C20_CPtop_Q1.0_cabaret_W2_D1.json,1000,10,100,0.23333333333333334,0.08198169469496736,0.3846849719716993,0.007020745869735049,0.1015940389932054,0.014556324598000681,tv,0.8,2,20,1.0,2,1,cabaret
sim_results_Umovielens1k_pop0_a0.8_N2_C20_CPtop_Q1.0_cabaret_W2_D2.json,100,10,10,0.0,0.0,0.0,0.051085534951580774,0.4166800907369647,0.14818461446620576,tv,0.8,2,20,1.0,2,2,cabaret
sim_results_Umovielens1k_pop0_a0.8_N2_C20_CPtop_Q1.0_cabaret_W2_D2.json,200,10,20,0.7666666666666667,0.6153150280283007,0.9180183053050327,0.051085534951580774,0.4166800907369647,0.14818461446620576,tv,0.8,2,20,1.0,2,2,cabaret
sim_results_Umovielens1k_pop0_a0.8_N2_C20_CPtop_Q1.0_cabaret_W2_D2.json,300,10,30,0.9666666666666667,0.9024314507569886,1.0,0.051085534951580774,0.4166800907369647,0.14818461446620576,tv,0.8,2,20,1.0,2,2,cabaret
sim_results_Umovielens1k_pop0_a0.8_N2_C20_CPtop_Q1.0_cabaret_W2_D2.json,400,10,40,1.0,1.0,1.0,0.051085534951580774,0.4166800907369647,0.14818461446620576,tv,0.8,2,20,1.0,2,2,cabaret
sim_results_Umovielens1k_pop0_a0.8_N2_C20_CPtop_Q1.0_cabaret_W2_D2.json,500,10,50,1.0,1.0,1.0,0.051085534951580774,0.4166800907369647,0.14818461446620576,tv,0.8,2,20,1.0,2,2,cabaret
sim_results_Umovielens1k_pop0_a0.8_N2_C20_CPtop_Q1.0_cabaret_W2_D2.json,600,10,60,1.0,1.0,1.0,0.051085534951580774,0.4166800907369647,0.14818461446620576,tv,0.8,2,20,1.0,2,2,cabaret
sim_results_Umovielens1k_pop0_a0.8_N2_C20_CPtop_Q1.0_cabaret_W2_D2.json,700,10,70,1.0,1.0,1.0,0.051085534951580774,0.4166800907369647,0.14818461446620576,tv,0.8,2,20,1.0,2,2,cabaret
sim_results_Umovielens1k_pop0_a0.8_N2_C20_CPtop_Q1.0_cabaret_W2_D2.json,800,10,80,1.0,1.0,1.0,0.051085534951580774,0.4166800907369647,0.14818461446620576,tv,0.8,2,20,1.0,2,2,cabaret
sim_results_Umovielens1k_pop0_a0.8_N2_C20_CPtop_Q1.0_cabaret_W2_D2.json,900,10,90,1.0,1.0,1.0,0.051085534951580774,0.4166800907369647,0.14818461446620576,tv,0.8,2,20,1.0,2,2,cabaret
sim_results_Umovielens1k_pop0_a0.8_N2_C20_CPtop_Q1.0_cabaret_W2_D2.json,1000,10,100,1.0,1.0,1.0,0.051085534951580774,0.4166800907369647,0.14818461446620576,tv,0.8,2,20,1.0,2,2,cabaret
sim_results_Umovielens1k_pop0_a0.8_N2_C5_CPtop_Q1.0_cabaret_W1_D2.json,100,10,10,0.0,0.0,0.0,0.024558685968502542,0.10753396398549361,0.024816024014574552,tv,0.8,2,5,1.0,1,2,cabaret
sim_results_Umovielens1k_pop0_a0.8_N2_C5_CPtop_Q1.0_cabaret_W1_D2.json,200,10,20,0.06666666666666667,0.0,0.15592899333902582,0.024558685968502542,0.10753396398549361,0.024816024014574552,tv,0.8,2,5,1.0,1,2,cabaret
sim_results_Umovielens1k_pop0_a0.8_N2_C5_CPtop_Q1.0_cabaret_W1_D2.json,300,10,30,0.2,0.056861838305316575,0.3431381616946835,0.024558685968502542,0.10753396398549361,0.024816024014574552,tv,0.8,2,5,1.0,1,2,cabaret
sim_results_Umovielens1k_pop0_a0.8_N2_C5_CPtop_Q1.0_cabaret_W1_D2.json,400,10,40,0.06666666666666667,0.0,0.15592899333902582,0.024558685968502542,0.10753396398549361,0.024816024014574552,tv,0.8,2,5,1.0,1,2,cabaret
sim_results_Umovielens1k_pop0_a0.8_N2_C5_CPtop_Q1.0_cabaret_W1_D2.json,500,10,50,0.26666666666666666,0.10842147482583778,0.4249118585074956,0.024558685968502542,0.10753396398549361,0.024816024014574552,tv,0.8,2,5,1.0,1,2,cabaret
sim_results_Umovielens1k_pop0_a0.8_N2_C5_CPtop_Q1.0_cabaret_W1_D2.json,600,10,60,0.5333333333333333,0.354808679988615,0.7118579866780517,0.024558685968502542,0.10753396398549361,0.024816024014574552,tv,0.8,2,5,1.0,1,2,cabaret
sim_results_Umovielens1k_pop0_a0.8_N2_C5_CPtop_Q1.0_cabaret_W1_D2.json,700,10,70,0.5333333333333333,0.354808679988615,0.7118579866780517,0.024558685968502542,0.10753396398549361,0.024816024014574552,tv,0.8,2,5,1.0,1,2,cabaret
sim_results_Umovielens1k_pop0_a0.8_N2_C5_CPtop_Q1.0_cabaret_W1_D2.json,800,10,80,0.6666666666666666,0.497976725365188,0.8353566079681453,0.024558685968502542,0.10753396398549361,0.024816024014574552,tv,0.8,2,5,1.0,1,2,cabaret
sim_results_Umovielens1k_pop0_a0.8_N2_C5_CPtop_Q1.0_cabaret_W1_D2.json,900,10,90,0.7,0.5360146347993211,0.8639853652006788,0.024558685968502542,0.10753396398549361,0.024816024014574552,tv,0.8,2,5,1.0,1,2,cabaret
sim_results_Umovielens1k_pop0_a0.8_N2_C5_CPtop_Q1.0_cabaret_W1_D2.json,1000,10,100,0.7333333333333333,0.5750881414925044,0.8915785251741621,0.024558685968502542,0.10753396398549361,0.024816024014574552,tv,0.8,2,5,1.0,1,2,cabaret
sim_results_Umovielens1k_pop0_a0.8_N2_C5_CPtop_Q1.0_cabaret_W2_D1.json,100,10,10,0.03333333333333333,0.0,0.09756854924301145,0.005930118674579202,0.0388186351008219,0.003044267076786788,tv,0.8,2,5,1.0,2,1,cabaret
sim_results_Umovielens1k_pop0_a0.8_N2_C5_CPtop_Q1.0_cabaret_W2_D1.json,200,10,20,0.06666666666666667,0.0,0.15592899333902582,0.005930118674579202,0.0388186351008219,0.003044267076786788,tv,0.8,2,5,1.0,2,1,cabaret
sim_results_Umovielens1k_pop0_a0.8_N2_C5_CPtop_Q1.0_cabaret_W2_D1.json,300,10,30,0.0,0.0,0.0,0.005930118674579202,0.0388186351008219,0.003044267076786788,tv,0.8,2,5,1.0,2,1,cabaret
sim_results_Umovielens1k_pop0_a0.8_N2_C5_CPtop_Q1.0_cabaret_W2_D1.json,400,10,40,0.06666666666666667,0.0,0.15592899333902582,0.005930118674579202,0.0388186351008219,0.003044267076786788,tv,0.8,2,5,1.0,2,1,cabaret
sim_results_Umovielens1k_pop0_a0.8_N2_C5_CPtop_Q1.0_cabaret_W2_D1.json,500,10,50,0.06666666666666667,0.0,0.15592899333902582,0.005930118674579202,0.0388186351008219,0.003044267076786788,tv,0.8,2,5,1.0,2,1,cabaret
sim_results_Umovielens1k_pop0_a0.8_N2_C5_CPtop_Q1.0_cabaret_W2_D1.json,600,10,60,0.03333333333333333,0.0,0.09756854924301145,0.005930118674579202,0.0388186351008219,0.003044267076786788,tv,0.8,2,5,1.0,2,1,cabaret
sim_results_Umovielens1k_pop0_a0.8_N2_C5_CPtop_Q1.0_cabaret_W2_D1.json,700,10,70,0.06666666666666667,0.0,0.15592899333902582,0.005930118674579202,0.0388186351008219,0.003044267076786788,tv,0.8,2,5,1.0,2,1,cabaret
sim_results_Umovielens1k_pop0_a0.8_N2_C5_CPtop_Q1.0_cabaret_W2_D1.json,800,10,80,0.0,0.0,0.0,0.005930118674579202,0.0388186351008219,0.003044267076786788,tv,0.8,2,5,1.0,2,1,cabaret
sim_results_Umovielens1k_pop0_a0.8_N2_C5_CPtop_Q1.0_cabaret_W2_D1.json,900,10,90,0.0,0.0,0.0,0.005930118674579202,0.0388186351008219,0.003044267076786788,tv,0.8,2,5,1.0,2,1,cabaret
sim_results_Umovielens1k_pop0_a0.8_N2_C5_CPtop_Q1.0_cabaret_W2_D1.json,1000,10,100,0.03333333333333333,0.0,0.09756854924301145,0.005930118674579202,0.0388186351008219,0.003044267076786788,tv,0.8,2,5,1.0,2,1,cabaret
sim_results_Umovielens1k_pop0_a0.8_N2_C5_CPtop_Q1.0_cabaret_W2_D2.json,100,10,10,0.1,0.0,0.20735362127101256,0.07234465205154969,0.24610153590407127,0.07550612246915533,tv,0.8,2,5,1.0,2,2,cabaret
sim_results_Umovielens1k_pop0_a0.8_N2_C5_CPtop_Q1.0_cabaret_W2_D2.json,200,10,20,0.7,0.5360146347993211,0.8639853652006788,0.07234465205154969,0.24610153590407127,0.07550612246915533,tv,0.8,2,5,1.0,2,2,cabaret
sim_results_Umovielens1k_pop0_a0.8_N2_C5_CPtop_Q1.0_cabaret_W2_D2.json,300,10,30,0.9333333333333333,0.8440710066609742,1.0,0.07234465205154969,0.24610153590407127,0.07550612246915533,tv,0.8,2,5,1.0,2,2,cabaret
sim_results_Umovielens1k_pop0_a0.8_N2_C5_CPtop_Q1.0_cabaret_W2_D2.json,400,10,40,0.9666666666666667,0.9024314507569886,1.0,0.07234465205154969,0.24610153590407127,0.07550612246915533,tv,0.8,2,5,1.0,2,2,cabaret
sim_results_Umovielens1k_pop0_a0.8_N2_C5_CPtop_Q1.0_cabaret_W2_D2.json,500,10,50,0.9333333333333333,0.8440710066609742,1.0,0.07234465205154969,0.24610153590407127,0.07550612246915533,tv,0.8,2,5,1.0,2,2,cabaret
sim_results_Umovielens1k_pop0_a0.8_N2_C5_CPtop_Q1.0_cabaret_W2_D2.json,600,10,60,1.0,1.0,1.0,0.07234465205154969,0.24610153590407127,0.07550612246915533,tv,0.8,2,5,1.0,2,2,cabaret
sim_results_Umovielens1k_pop0_a0.8_N2_C5_CPtop_Q1.0_cabaret_W2_D2.json,700,10,70,1.0,1.0,1.0,0.07234465205154969,0.24610153590407127,0.07550612246915533,tv,0.8,2,5,1.0,2,2,cabaret
sim_results_Umovielens1k_pop0_a0.8_N2_C5_CPtop_Q1.0_cabaret_W2_D2.json,800,10,80,1.0,1.0,1.0,0.07234465205154969,0.24610153590407127,0.07550612246915533,tv,0.8,2,5,1.0,2,2,cabaret
sim_results_Umovielens1k_pop0_a0.8_N2_C5_CPtop_Q1.0_cabaret_W2_D2.json,900,10,90,1.0,1.0,1.0,0.07234465205154969,0.24610153590407127,0.07550612246915533,tv,0.8,2,5,1.0,2,2,cabaret
sim_results_Umovielens1k_pop0_a0.8_N2_C5_CPtop_Q1.0_cabaret_W2_D2.json,1000,10,100,1.0,1.0,1.0,0.07234465205154969,0.24610153590407127,0.07550612246915533,tv,0.8,2,5,1.0,2,2,cabaret
sim_results_Umovielens1k_pop0_a0.8_N5_C10_CPtop_Q1.0_cabaret_W1_D2.json,100,10,10,0.0,0.0,0.0,0.03399345041189551,0.2411000743994171,0.05238161144862369,tv,0.8,5,10,1.0,1,2,cabaret
sim_results_Umovielens1k_pop0_a0.8_N5_C10_CPtop_Q1.0_cabaret_W1_D2.json,200,10,20,0.3,0.1360146347993212,0.4639853652006788,0.03399345041189551,0.2411000743994171,0.05238161144862369,tv,0.8,5,10,1.0,1,2,cabaret
sim_results_Umovielens1k_pop0_a0.8_N5_C10_CPtop_Q1.0_cabaret_W1_D2.json,300,10,30,0.4666666666666667,0.28814201332194833,0.645191320011385,0.03399345041189551,0.2411000743994171,0.05238161144862369,tv,0.8,5,10,1.0,1,2,cabaret
sim_results_Umovielens1k_pop0_a0.8_N5_C10_CPtop_Q1.0_cabaret_W1_D2.json,400,10,40,0.6666666666666666,0.497976725365188,0.8353566079681453,0.03399345041189551,0.2411000743994171,0.05238161144862369,tv,0.8,5,10,1.0,1,2,cabaret
sim_results_Umovielens1k_pop0_a0.8_N5_C10_CPtop_Q1.0_cabaret_W1_D2.json,500,10,50,0.9333333333333333,0.8440710066609742,1.0,0.03399345041189551,0.2411000743994171,0.05238161144862369,tv,0.8,5,10,1.0,1,2,cabaret
sim_results_Umovielens1k_pop0_a0.8_N5_C10_CPtop_Q1.0_cabaret_W1_D2.json,600,10,60,0.9333333333333333,0.8440710066609742,1.0,0.03399345041189551,0.2411000743994171,0.05238161144862369,tv,0.8,5,10,1.0,1,2,cabaret
sim_results_Umovielens1k_pop0_a0.8_N5_C10_CPtop_Q1.0_cabaret_W1_D2.json,700,10,70,1.0,1.0,1.0,0.03399345041189551,0.2411000743994171,0.05238161144862369,tv,0.8,5,10,1.0,1,2,cabaret
sim_results_Umovielens1k_pop0_a0.8_N5_C10_CPtop_Q1.0_cabaret_W1_D2.json,800,10,80,1.0,1.0,1.0,0.03399345041189551,0.2411000743994171,0.05238161144862369,tv,0.8,5,10,1.0,1,2,cabaret
sim_results_Umovielens1k_pop0_a0.8_N5_C10_CPtop_Q1.0_cabaret_W1_D2.json,900,10,90,1.0,1.0,1.0,0.03399345041189551,0.2411000743994171,0.05238161144862369,tv,0.8,5,10,1.0,1,2,cabaret
sim_results_Umovielens1k_pop0_a0.8_N5_C10_CPtop_Q1.0_cabaret_W1_D2.json,1000,10,100,0.9666666666666667,0.9024314507569886,1.0,0.03399345041189551,0.2411000743994171,0.05238161144862369,tv,0.8,5,10,1.0,1,2,cabaret
sim_results_Umovielens1k_pop0_a0.8_N5_C10_CPtop_Q1.0_cabaret_W2_D1.json,100,10,10,0.06666666666666667,0.0,0.15592899333902582,0.007281397720684586,0.06960349467678556,0.006245442923742147,tv,0.8,5,10,1.0,2,1,cabaret
sim_results_Umovielens1k_pop0_a0.8_N5_C10_CPtop_Q1.0_cabaret_W2_D1.json,200,10,20,0.0,0.0,0.0,0.007281397720684586,0.06960349467678556,0.006245442923742147,tv,0.8,5,10,1.0,2,1,cabaret
sim_results_Umovielens1k_pop0_a0.8_N5_C10_CPtop_Q1.0_cabaret_W2_D1.json,300,10,30,0.06666666666666667,0.0,0.15592899333902582,0.007281397720684586,0.06960349467678556,0.006245442923742147,tv,0.8,5,10,1.0,2,1,cabaret
sim_results_Umovielens1k_pop0_a0.8_N5_C10_CPtop_Q1.0_cabaret_W2_D1.json,400,10,40,0.06666666666666667,0.0,0.15592899333902582,0.007281397720684586,0.06960349467678556,0.006245442923742147,tv,0.8,5,10,1.0,2,1,cabaret
sim_results_Umovielens1k_pop0_a0.8_N5_C10_CPtop_Q1.0_cabaret_W2_D1.json,500,10,50,0.06666666666666667,0.0,0.15592899333902582,0.007281397720684586,0.06960349467678556,0.006245442923742147,tv,0.8,5,10,1.0,2,1,cabaret
sim_results_Umovielens1k_pop0_a0.8_N5_C10_CPtop_Q1.0_cabaret_W2_D1.json,600,10,60,0.16666666666666666,0.03330555844847141,0.3000277748848619,0.007281397720684586,0.06960349467678556,0.006245442923742147,tv,0.8,5,10,1.0,2,1,cabaret
sim_results_Umovielens1k_pop0_a0.8_N5_C10_CPtop_Q1.0_cabaret_W2_D1.json,700,10,70,0.1,0.0,0.20735362127101256,0.007281397720684586,0.06960349467678556,0.006245442923742147,tv,0.8,5,10,1.0,2,1,cabaret
sim_results_Umovielens1k_pop0_a0.8_N5_C10_CPtop_Q1.0_cabaret_W2_D1.json,800,10,80,0.13333333333333333,0.011689286729835005,0.25497737993683167,0.007281397720684586,0.06960349467678556,0.006245442923742147,tv,0.8,5,10,1.0,2,1,cabaret
sim_results_Umovielens1k_pop0_a0.8_N5_C10_CPtop_Q1.0_cabaret_W2_D1.json,900,10,90,0.23333333333333334,0.08198169469496736,0.3846849719716993,0.007281397720684586,0.06960349467678556,0.006245442923742147,tv,0.8,5,10,1.0,2,1,cabaret
sim_results_Umovielens1k_pop0_a0.8_N5_C10_CPtop_Q1.0_cabaret_W2_D1.json,1000,10,100,0.16666666666666666,0.03330555844847141,0.3000277748848619,0.007281397720684586,0.06960349467678556,0.006245442923742147,tv,0.8,5,10,1.0,2,1,cabaret
sim_results_Umovielens1k_pop0_a0.8_N5_C10_CPtop_Q1.0_cabaret_W2_D2.json,100,10,10,0.13333333333333333,0.011689286729835005,0.25497737993683167,0.07232814007559858,0.49088608023511193,0.1450007922429906,tv,0.8,5,10,1.0,2,2,cabaret
sim_results_Umovielens1k_pop0_a0.8_N5_C10_CPtop_Q1.0_cabaret_W2_D2.json,200,10,20,0.9333333333333333,0.8440710066609742,1.0,0.07232814007559858,0.49088608023511193,0.1450007922429906,tv,0.8,5,10,1.0,2,2,cabaret
sim_results_Umovielens1k_pop0_a0.8_N5_C10_CPtop_Q1.0_cabaret_W2_D2.json,300,10,30,1.0,1.0,1.0,0.07232814007559858,0.49088608023511193,0.1450007922429906,tv,0.8,5,10,1.0,2,2,cabaret
sim_results_Umovielens1k_pop0_a0.8_N5_C10_CPtop_Q1.0_cabaret_W2_D2.json,400,10,40,1.0,1.0,1.0,0.07232814007559858,0.49088608023511193,0.1450007922429906,tv,0.8,5,10,1.0,2,2,cabaret
sim_results_Umovielens1k_pop0_a0.8_N5_C10_CPtop_Q1.0_cabaret_W2_D2.json,500,10,50,1.0,1.0,1.0,0.07232814007559858,0.49088608023511193,0.1450007922429906,tv,0.8,5,10,1.0,2,2,cabaret
sim_results_Umovielens1k_pop0_a0.8_N5_C10_CPtop_Q1.0_cabaret_W2_D2.json,600,10,60,1.0,1.0,1.0,0.07232814007559858,0.49088608023511193,0.1450007922429906,tv,0.8,5,10,1.0,2,2,cabaret
sim_results_Umovielens1k_pop0_a0.8_N5_C10_CPtop_Q1.0_cabaret_W2_D2.json,700,10,70,1.0,1.0,1.0,0.07232814007559858,0.49088608023511193,0.1450007922429906,tv,0.8,5,10,1.0,2,2,cabaret
sim_results_Umovielens1k_pop0_a0.8_N5_C10_CPtop_Q1.0_cabaret_W2_D2.json,800,10,80,1.0,1.0,1.0,0.07232814007559858,0.49088608023511193,0.1450007922429906,tv,0.8,5,10,1.0,2,2,cabaret
sim_results_Umovielens1k_pop0_a0.8_N5_C10_CPtop_Q1.0_cabaret_W2_D2.json,900,10,90,1.0,1.0,1.0,0.07232814007559858,0.49088608023511193,0.1450007922429906,tv,0.8,5,10,1.0,2,2,cabaret
sim_results_Umovielens1k_pop0_a0.8_N5_C10_CPtop_Q1.0_cabaret_W2_D2.json,1000,10,100,1.0,1.0,1.0,0.07232814007559858,0.49088608023511193,0.1450007922429906,tv,0.8,5,10,1.0,2,2,cabaret
sim_results_Umovielens1k_pop0_a0.8_N5_C20_CPtop_Q1.0_cabaret_W1_D2.json,100,10,10,0.0,0.0,0.0,0.03089358779250733,0.3237566213996389,0.08325953970292965,tv,0.8,5,20,1.0,1,2,cabaret
sim_results_Umovielens1k_pop0_a0.8_N5_C20_CPtop_Q1.0_cabaret_W1_D2.json,200,10,20,0.2,0.056861838305316575,0.3431381616946835,0.03089358779250733,0.3237566213996389,0.08325953970292965,tv,0.8,5,20,1.0,1,2,cabaret
sim_results_Umovielens1k_pop0_a0.8_N5_C20_CPtop_Q1.0_cabaret_W1_D2.json,300,10,30,0.6333333333333333,0.46088963344948825,0.8057770332171783,0.03089358779250733,0.3237566213996389,0.08325953970292965,tv,0.8,5,20,1.0,1,2,cabaret
sim_results_Umovielens1k_pop0_a0.8_N5_C20_CPtop_Q1.0_cabaret_W1_D2.json,400,10,40,0.9,0.7926463787289875,1.0,0.03089358779250733,0.3237566213996389,0.08325953970292965,tv,0.8,5,20,1.0,1,2,cabaret
sim_results_Umovielens1k_pop0_a0.8_N5_C20_CPtop_Q1.0_cabaret_W1_D2.json,500,10,50,1.0,1.0,1.0,0.03089358779250733,0.3237566213996389,0.08325953970292965,tv,0.8,5,20,1.0,1,2,cabaret
sim_results_Umovielens1k_pop0_a0.8_N5_C20_CPtop_Q1.0_cabaret_W1_D2.json,600,10,60,1.0,1.0,1.0,0.03089358779250733,0.3237566213996389,0.08325953970292965,tv,0.8,5,20,1.0,1,2,cabaret
sim_results_Umovielens1k_pop0_a0.8_N5_C20_CPtop_Q1.0_cabaret_W1_D2.json,700,10,70,1.0,1.0,1.0,0.03089358779250733,0.3237566213996389,0.08325953970292965,tv,0.8,5,20,1.0,1,2,cabaret
sim_results_Umovielens1k_pop0_a0.8_N5_C20_CPtop_Q1.0_cabaret_W1_D2.json,800,10,80,1.0,1.0,1.0,0.03089358779250733,0.3237566213996389,0.08325953970292965,tv,0.8,5,20,1.0,1,2,cabaret
sim_results_Umovielens1k_pop0_a0.8_N5_C20_CPtop_Q1.0_cabaret_W1_D2.json,900,10,90,1.0,1.0,1.0,0.03089358779250733,0.3237566213996389,0.08325953970292965,tv,0.8,5,20,1.0,1,2,cabaret
sim_results_Umovielens1k_pop0_a0.8_N5_C20_CPtop_Q1.0_cabaret_W1_D2.json,1000,10,100,1.0,1.0,1.0,0.03089358779250733,0.3237566213996389,0.08325953970292965,tv,0.8,5,20,1.0,1,2,cabaret
sim_results_Umovielens1k_pop0_a0.8_N5_C20_CPtop_Q1.0_cabaret_W2_D1.json,100,10,10,0.0,0.0,0.0,0.006765625360510942,0.10566615448435557,0.011670326909121747,tv,0.8,5,20,1.0,2,1,cabaret
sim_results_Umovielens1k_pop0_a0.8_N5_C20_CPtop_Q1.0_cabaret_W2_D1.json,200,10,20,0.0,0.0,0.0,0.006765625360510942,0.10566615448435557,0.011670326909121747,tv,0.8,5,20,1.0,2,1,cabaret
sim_results_Umovielens1k_pop0_a0.8_N5_C20_CPtop_Q1.0_cabaret_W2_D1.json,300,10,30,0.03333333333333333,0.0,0.09756854924301145,0.006765625360510942,0.10566615448435557,0.011670326909121747,tv,0.8,5,20,1.0,2,1,cabaret
sim_results_Umovielens1k_pop0_a0.8_N5_C20_CPtop_Q1.0_cabaret_W2_D1.json,400,10,40,0.06666666666666667,0.0,0.15592899333902582,0.006765625360510942,0.10566615448435557,0.011670326909121747,tv,0.8,5,20,1.0,2,1,cabaret
sim_results_Umovielens1k_pop0_a0.8_N5_C20_CPtop_Q1.0_cabaret_W2_D1.json,500,10,50,0.16666666666666666,0.03330555844847141,0.3000277748848619,0.006765625360510942,0.10566615448435557,0.011670326909121747,tv,0.8,5,20,1.0,2,1,cabaret
sim_results_Umovielens1k_pop0_a0.8_N5_C20_CPtop_Q1.0_cabaret_W2_D1.json,600,10,60,0.13333333333333333,0.011689286729835005,0.25497737993683167,0.006765625360510942,0.10566615448435557,0.011670326909121747,tv,0.8,5,20,1.0,2,1,cabaret
sim_results_Umovielens1k_pop0_a0.8_N5_C20_CPtop_Q1.0_cabaret_W2_D1.json,700,10,70,0.16666666666666666,0.03330555844847141,0.3000277748848619,0.006765625360510942,0.10566615448435557,0.011670326909121747,tv,0.8,5,20,1.0,2,1,cabaret
sim_results_Umovielens1k_pop0_a0.8_N5_C20_CPtop_Q1.0_cabaret_W2_D1.json,800,10,80,0.13333333333333333,0.011689286729835005,0.25497737993683167,0.006765625360510942,0.10566615448435557,0.011670326909121747,tv,0.8,5,20,1.0,2,1,cabaret
sim_results_Umovielens1k_pop0_a0.8_N5_C20_CPtop_Q1.0_cabaret_W2_D1.json,900,10,90,0.06666666666666667,0.0,0.15592899333902582,0.006765625360510942,0.10566615448435557,0.011670326909121747,tv,0.8,5,20,1.0,2,1,cabaret
sim_results_Umovielens1k_pop0_a0.8_N5_C20_CPtop_Q1.0_cabaret_W2_D1.json,1000,10,100,0.1,0.0,0.20735362127101256,0.006765625360510942,0.10566615448435557,0.011670326909121747,tv,0.8,5,20,1.0,2,1,cabaret
sim_results_Umovielens1k_pop0_a0.8_N5_C20_CPtop_Q1.0_cabaret_W2_D2.json,100,10,10,0.0,0.0,0.0,0.057235678096571874,0.5661344520399163,0.1872245005218486,tv,0.8,5,20,1.0,2,2,cabaret
sim_results_Umovielens1k_pop0_a0.8_N5_C20_CPtop_Q1.0_cabaret_W2_D2.json,200,10,20,0.9333333333333333,0.8440710066609742,1.0,0.057235678096571874,0.5661344520399163,0.1872245005218486,tv,0.8,5,20,1.0,2,2,cabaret
sim_results_Umovielens1k_pop0_a0.8_N5_C20_CPtop_Q1.0_cabaret_W2_D2.json,300,10,30,1.0,1.0,1.0,0.057235678096571874,0.5661344520399163,0.1872245005218486,tv,0.8,5,20,1.0,2,2,cabaret
sim_results_Umovielens1k_pop0_a0.8_N5_C20_CPtop_Q1.0_cabaret_W2_D2.json,400,10,40,1.0,1.0,1.0,0.057235678096571874,0.5661344520399163,0.1872245005218486,tv,0.8,5,20,1.0,2,2,cabaret
sim_results_Umovielens1k_pop0_a0.8_N5_C20_CPtop_Q1.0_cabaret_W2_D2.json,500,10,50,1.0,1.0,1.0,0.057235678096571874,0.5661344520399163,0.1872245005218486,tv,0.8,5,20,1.0,2,2,cabaret
sim_results_Umovielens1k_pop0_a0.8_N5_C20_CPtop_Q1.0_cabaret_W2_D2.json,600,10,60,1.0,1.0,1.0,0.057235678096571874,0.5661344520399163,0.1872245005218486,tv,0.8,5,20,1.0,2,2,cabaret
sim_results_Umovielens1k_pop0_a0.8_N5_C20_CPtop_Q1.0_cabaret_W2_D2.json,700,10,70,1.0,1.0,1.0,0.057235678096571874,0.5661344520399163,0.1872245005218486,tv,0.8,5,20,1.0,2,2,cabaret
sim_results_Umovielens1k_pop0_a0.8_N5_C20_CPtop_Q1.0_cabaret_W2_D2.json,800,10,80,1.0,1.0,1.0,0.057235678096571874,0.5661344520399163,0.1872245005218486,tv,0.8,5,20,1.0,2,2,cabaret
sim_results_Umovielens1k_pop0_a0.8_N5_C20_CPtop_Q1.0_cabaret_W2_D2.json,900,10,90,1.0,1.0,1.0,0.057235678096571874,0.5661344520399163,0.1872245005218486,tv,0.8,5,20,1.0,2,2,cabaret
sim_results_Umovielens1k_pop0_a0.8_N5_C20_CPtop_Q1.0_cabaret_W2_D2.json,1000,10,100,1.0,1.0,1.0,0.057235678096571874,0.5661344520399163,0.1872245005218486,tv,0.8,5,20,1.0,2,2,cabaret
sim_results_Umovielens1k_pop0_a0.8_N5_C5_CPtop_Q1.0_cabaret_W1_D2.json,100,10,10,0.03333333333333333,0.0,0.09756854924301145,0.021672469322033767,0.1302097332259714,0.021776020194788137,tv,0.8,5,5,1.0,1,2,cabaret
sim_results_Umovielens1k_pop0_a0.8_N5_C5_CPtop_Q1.0_cabaret_W1_D2.json,200,10,20,0.1,0.0,0.20735362127101256,0.021672469322033767,0.1302097332259714,0.021776020194788137,tv,0.8,5,5,1.0,1,2,cabaret
sim_results_Umovielens1k_pop0_a0.8_N5_C5_CPtop_Q1.0_cabaret_W1_D2.json,300,10,30,0.26666666666666666,0.10842147482583778,0.4249118585074956,0.021672469322033767,0.1302097332259714,0.021776020194788137,tv,0.8,5,5,1.0,1,2,cabaret
sim_results_Umovielens1k_pop0_a0.8_N5_C5_CPtop_Q1.0_cabaret_W1_D2.json,400,10,40,0.23333333333333334,0.08198169469496736,0.3846849719716993,0.021672469322033767,0.1302097332259714,0.021776020194788137,tv,0.8,5,5,1.0,1,2,cabaret
sim_results_Umovielens1k_pop0_a0.8_N5_C5_CPtop_Q1.0_cabaret_W1_D2.json,500,10,50,0.23333333333333334,0.08198169469496736,0.3846849719716993,0.021672469322033767,0.1302097332259714,0.021776020194788137,tv,0.8,5,5,1.0,1,2,cabaret
sim_results_Umovielens1k_pop0_a0.8_N5_C5_CPtop_Q1.0_cabaret_W1_D2.json,600,10,60,0.26666666666666666,0.10842147482583778,0.4249118585074956,0.021672469322033767,0.1302097332259714,0.021776020194788137,tv,0.8,5,5,1.0,1,2,cabaret
sim_results_Umovielens1k_pop0_a0.8_N5_C5_CPtop_Q1.0_cabaret_W1_D2.json,700,10,70,0.36666666666666664,0.19422296678282158,0.5391103665505117,0.021672469322033767,0.1302097332259714,0.021776020194788137,tv,0.8,5,5,1.0,1,2,cabaret
sim_results_Umovielens1k_pop0_a0.8_N5_C5_CPtop_Q1.0_cabaret_W1_D2.json,800,10,80,0.5,0.32107729788164574,0.6789227021183543,0.021672469322033767,0.1302097332259714,0.021776020194788137,tv,0.8,5,5,1.0,1,2,cabaret
sim_results_Umovielens1k_pop0_a0.8_N5_C5_CPtop_Q1.0_cabaret_W1_D2.json,900,10,90,0.7,0.5360146347993211,0.8639853652006788,0.021672469322033767,0.1302097332259714,0.021776020194788137,tv,0.8,5,5,1.0,1,2,cabaret
sim_results_Umovielens1k_pop0_a0.8_N5_C5_CPtop_Q1.0_cabaret_W1_D2.json,1000,10,100,0.6333333333333333,0.46088963344948825,0.8057770332171783,0.021672469322033767,0.1302097332259714,0.021776020194788137,tv,0.8,5,5,1.0,1,2,cabaret
sim_results_Umovielens1k_pop0_a0.8_N5_C5_CPtop_Q1.0_cabaret_W2_D1.json,100,10,10,0.06666666666666667,0.0,0.15592899333902582,0.006032952335595331,0.04069020450370782,0.003145349099407656,tv,0.8,5,5,1.0,2,1,cabaret
sim_results_Umovielens1k_pop0_a0.8_N5_C5_CPtop_Q1.0_cabaret_W2_D1.json,200,10,20,0.0,0.0,0.0,0.006032952335595331,0.04069020450370782,0.003145349099407656,tv,0.8,5,5,1.0,2,1,cabaret
sim_results_Umovielens1k_pop0_a0.8_N5_C5_CPtop_Q1.0_cabaret_W2_D1.json,300,10,30,0.03333333333333333,0.0,0.09756854924301145,0.006032952335595331,0.04069020450370782,0.003145349099407656,tv,0.8,5,5,1.0,2,1,cabaret
sim_results_Umovielens1k_pop0_a0.8_N5_C5_CPtop_Q1.0_cabaret_W2_D1.json,400,10,40,0.06666666666666667,0.0,0.15592899333902582,0.006032952335595331,0.04069020450370782,0.003145349099407656,tv,0.8,5,5,1.0,2,1,cabaret
sim_results_Umovielens1k_pop0_a0.8_N5_C5_CPtop_Q1.0_cabaret_W2_D1.json,500,10,50,0.06666666666666667,0.0,0.15592899333902582,0.006032952335595331,0.04069020450370782,0.003145349099407656,tv,0.8,5,5,1.0,2,1,cabaret
sim_results_Umovielens1k_pop0_a0.8_N5_C5_CPtop_Q1.0_cabaret_W2_D1.json,600,10,60,0.03333333333333333,0.0,0.09756854924301145,0.006032952335595331,0.04069020450370782,0.003145349099407656,tv,0.8,5,5,1.0,2,1,cabaret
sim_results_Umovielens1k_pop0_a0.8_N5_C5_CPtop_Q1.0_cabaret_W2_D1.json,700,10,70,0.03333333333333333,0.0,0.09756854924301145,0.006032952335595331,0.04069020450370782,0.003145349099407656,tv,0.8,5,5,1.0,2,1,cabaret
sim_results_Umovielens1k_pop0_a0.8_N5_C5_CPtop_Q1.0_cabaret_W2_D1.json,800,10,80,0.06666666666666667,0.0,0.15592899333902582,0.006032952335595331,0.04069020450370782,0.003145349099407656,tv,0.8,5,5,1.0,2,1,cabaret
sim_results_Umovielens1k_pop0_a0.8_N5_C5_CPtop_Q1.0_cabaret_W2_D1.json,900,10,90,0.06666666666666667,0.0,0.15592899333902582,0.006032952335595331,0.04069020450370782,0.003145349099407656,tv,0.8,5,5,1.0,2,1,cabaret
sim_results_Umovielens1k_pop0_a0.8_N5_C5_CPtop_Q1.0_cabaret_W2_D1.json,1000,10,100,0.06666666666666667,0.0,0.15592899333902582,0.006032952335595331,0.04069020450370782,0.003145349099407656,tv,0.8,5,5,1.0,2,1,cabaret
sim_results_Umovielens1k_pop0_a0.8_N5_C5_CPtop_Q1.0_cabaret_W2_D2.json,100,10,10,0.06666666666666667,0.0,0.15592899333902582,0.05717306524095508,0.33203389989934406,0.07662295937803679,tv,0.8,5,5,1.0,2,2,cabaret
sim_results_Umovielens1k_pop0_a0.8_N5_C5_CPtop_Q1.0_cabaret_W2_D2.json,200,10,20,0.36666666666666664,0.19422296678282158,0.5391103665505117,0.05717306524095508,0.33203389989934406,0.07662295937803679,tv,0.8,5,5,1.0,2,2,cabaret
sim_results_Umovielens1k_pop0_a0.8_N5_C5_CPtop_Q1.0_cabaret_W2_D2.json,300,10,30,0.8,0.6568618383053166,0.9431381616946835,0.05717306524095508,0.33203389989934406,0.07662295937803679,tv,0.8,5,5,1.0,2,2,cabaret
sim_results_Umovielens1k_pop0_a0.8_N5_C5_CPtop_Q1.0_cabaret_W2_D2.json,400,10,40,0.8333333333333334,0.6999722251151381,0.9666944415515286,0.05717306524095508,0.33203389989934406,0.07662295937803679,tv,0.8,5,5,1.0,2,2,cabaret
sim_results_Umovielens1k_pop0_a0.8_N5_C5_CPtop_Q1.0_cabaret_W2_D2.json,500,10,50,0.9666666666666667,0.9024314507569886,1.0,0.05717306524095508,0.33203389989934406,0.07662295937803679,tv,0.8,5,5,1.0,2,2,cabaret
sim_results_Umovielens1k_pop0_a0.8_N5_C5_CPtop_Q1.0_cabaret_W2_D2.json,600,10,60,1.0,1.0,1.0,0.05717306524095508,0.33203389989934406,0.07662295937803679,tv,0.8,5,5,1.0,2,2,cabaret
sim_results_Umovielens1k_pop0_a0.8_N5_C5_CPtop_Q1.0_cabaret_W2_D2.json,700,10,70,1.0,1.0,1.0,0.05717306524095508,0.33203389989934406,0.07662295937803679,tv,0.8,5,5,1.0,2,2,cabaret
sim_results_Umovielens1k_pop0_a0.8_N5_C5_CPtop_Q1.0_cabaret_W2_D2.json,800,10,80,1.0,1.0,1.0,0.05717306524095508,0.33203389989934406,0.07662295937803679,tv,0.8,5,5,1.0,2,2,cabaret
sim_results_Umovielens1k_pop0_a0.8_N5_C5_CPtop_Q1.0_cabaret_W2_D2.json,900,10,90,1.0,1.0,1.0,0.05717306524095508,0.33203389989934406,0.07662295937803679,tv,0.8,5,5,1.0,2,2,cabaret
sim_results_Umovielens1k_pop0_a0.8_N5_C5_CPtop_Q1.0_cabaret_W2_D2.json,1000,10,100,1.0,1.0,1.0,0.05717306524095508,0.33203389989934406,0.07662295937803679,tv,0.8,5,5,1.0,2,2,cabaret
sim_results_Umovielens1k_pop0_a0.99_N10_C10_CPtop_Q1.0_cabaret_W1_D2.json,100,10,10,0.03333333333333333,0.0,0.09756854924301145,0.07224903356832955,0.7416854049646925,0.41013947240394205,tv,0.99,10,10,1.0,1,2,cabaret
sim_results_Umovielens1k_pop0_a0.99_N10_C10_CPtop_Q1.0_cabaret_W1_D2.json,200,10,20,1.0,1.0,1.0,0.07224903356832955,0.7416854049646925,0.41013947240394205,tv,0.99,10,10,1.0,1,2,cabaret
sim_results_Umovielens1k_pop0_a0.99_N10_C10_CPtop_Q1.0_cabaret_W1_D2.json,300,10,30,1.0,1.0,1.0,0.07224903356832955,0.7416854049646925,0.41013947240394205,tv,0.99,10,10,1.0,1,2,cabaret
sim_results_Umovielens1k_pop0_a0.99_N10_C10_CPtop_Q1.0_cabaret_W1_D2.json,400,10,40,1.0,1.0,1.0,0.07224903356832955,0.7416854049646925,0.41013947240394205,tv,0.99,10,10,1.0,1,2,cabaret
sim_results_Umovielens1k_pop0_a0.99_N10_C10_CPtop_Q1.0_cabaret_W1_D2.json,500,10,50,1.0,1.0,1.0,0.07224903356832955,0.7416854049646925,0.41013947240394205,tv,0.99,10,10,1.0,1,2,cabaret
sim_results_Umovielens1k_pop0_a0.99_N10_C10_CPtop_Q1.0_cabaret_W1_D2.json,600,10,60,1.0,1.0,1.0,0.07224903356832955,0.7416854049646925,0.41013947240394205,tv,0.99,10,10,1.0,1,2,cabaret
sim_results_Umovielens1k_pop0_a0.99_N10_C10_CPtop_Q1.0_cabaret_W1_D2.json,700,10,70,1.0,1.0,1.0,0.07224903356832955,0.7416854049646925,0.41013947240394205,tv,0.99,10,10,1.0,1,2,cabaret
sim_results_Umovielens1k_pop0_a0.99_N10_C10_CPtop_Q1.0_cabaret_W1_D2.json,800,10,80,1.0,1.0,1.0,0.07224903356832955,0.7416854049646925,0.41013947240394205,tv,0.99,10,10,1.0,1,2,cabaret
sim_results_Umovielens1k_pop0_a0.99_N10_C10_CPtop_Q1.0_cabaret_W1_D2.json,900,10,90,1.0,1.0,1.0,0.07224903356832955,0.7416854049646925,0.41013947240394205,tv,0.99,10,10,1.0,1,2,cabaret
sim_results_Umovielens1k_pop0_a0.99_N10_C10_CPtop_Q1.0_cabaret_W1_D2.json,1000,10,100,1.0,1.0,1.0,0.07224903356832955,0.7416854049646925,0.41013947240394205,tv,0.99,10,10,1.0,1,2,cabaret
sim_results_Umovielens1k_pop0_a0.99_N10_C10_CPtop_Q1.0_cabaret_W2_D1.json,100,10,10,0.0,0.0,0.0,0.030834790528512398,0.37343500023857623,0.09237267800054787,tv,0.99,10,10,1.0,2,1,cabaret
sim_results_Umovielens1k_pop0_a0.99_N10_C10_CPtop_Q1.0_cabaret_W2_D1.json,200,10,20,0.0,0.0,0.0,0.030834790528512398,0.37343500023857623,0.09237267800054787,tv,0.99,10,10,1.0,2,1,cabaret
sim_results_Umovielens1k_pop0_a0.99_N10_C10_CPtop_Q1.0_cabaret_W2_D1.json,300,10,30,0.1,0.0,0.20735362127101256,0.030834790528512398,0.37343500023857623,0.09237267800054787,tv,0.99,10,10,1.0,2,1,cabaret
sim_results_Umovielens1k_pop0_a0.99_N10_C10_CPtop_Q1.0_cabaret_W2_D1.json,400,10,40,0.13333333333333333,0.011689286729835005,0.25497737993683167,0.030834790528512398,0.37343500023857623,0.09237267800054787,tv,0.99,10,10,1.0,2,1,cabaret
sim_results_Umovielens1k_pop0_a0.99_N10_C10_CPtop_Q1.0_cabaret_W2_D1.json,500,10,50,0.43333333333333335,0.2560081873235037,0.610658479343163,0.030834790528512398,0.37343500023857623,0.09237267800054787,tv,0.99,10,10,1.0,2,1,cabaret
sim_results_Umovielens1k_pop0_a0.99_N10_C10_CPtop_Q1.0_cabaret_W2_D1.json,600,10,60,0.3,0.1360146347993212,0.4639853652006788,0.030834790528512398,0.37343500023857623,0.09237267800054787,tv,0.99,10,10,1.0,2,1,cabaret
sim_results_Umovielens1k_pop0_a0.99_N10_C10_CPtop_Q1.0_cabaret_W2_D1.json,700,10,70,0.7333333333333333,0.5750881414925044,0.8915785251741621,0.030834790528512398,0.37343500023857623,0.09237267800054787,tv,0.99,10,10,1.0,2,1,cabaret
sim_results_Umovielens1k_pop0_a0.99_N10_C10_CPtop_Q1.0_cabaret_W2_D1.json,800,10,80,0.9333333333333333,0.8440710066609742,1.0,0.030834790528512398,0.37343500023857623,0.09237267800054787,tv,0.99,10,10,1.0,2,1,cabaret
sim_results_Umovielens1k_pop0_a0.99_N10_C10_CPtop_Q1.0_cabaret_W2_D1.json,900,10,90,0.9333333333333333,0.8440710066609742,1.0,0.030834790528512398,0.37343500023857623,0.09237267800054787,tv,0.99,10,10,1.0,2,1,cabaret
sim_results_Umovielens1k_pop0_a0.99_N10_C10_CPtop_Q1.0_cabaret_W2_D1.json,1000,10,100,1.0,1.0,1.0,0.030834790528512398,0.37343500023857623,0.09237267800054787,tv,0.99,10,10,1.0,2,1,cabaret
sim_results_Umovielens1k_pop0_a0.99_N10_C10_CPtop_Q1.0_cabaret_W2_D2.json,100,10,10,0.4666666666666667,0.28814201332194833,0.645191320011385,0.08338740523647759,0.860171403563503,0.6687608796153979,tv,0.99,10,10,1.0,2,2,cabaret
sim_results_Umovielens1k_pop0_a0.99_N10_C10_CPtop_Q1.0_cabaret_W2_D2.json,200,10,20,1.0,1.0,1.0,0.08338740523647759,0.860171403563503,0.6687608796153979,tv,0.99,10,10,1.0,2,2,cabaret
sim_results_Umovielens1k_pop0_a0.99_N10_C10_CPtop_Q1.0_cabaret_W2_D2.json,300,10,30,1.0,1.0,1.0,0.08338740523647759,0.860171403563503,0.6687608796153979,tv,0.99,10,10,1.0,2,2,cabaret
sim_results_Umovielens1k_pop0_a0.99_N10_C10_CPtop_Q1.0_cabaret_W2_D2.json,400,10,40,1.0,1.0,1.0,0.08338740523647759,0.860171403563503,0.6687608796153979,tv,0.99,10,10,1.0,2,2,cabaret
sim_results_Umovielens1k_pop0_a0.99_N10_C10_CPtop_Q1.0_cabaret_W2_D2.json,500,10,50,1.0,1.0,1.0,0.08338740523647759,0.860171403563503,0.6687608796153979,tv,0.99,10,10,1.0,2,2,cabaret
sim_results_Umovielens1k_pop0_a0.99_N10_C10_CPtop_Q1.0_cabaret_W2_D2.json,600,10,60,1.0,1.0,1.0,0.08338740523647759,0.860171403563503,0.6687608796153979,tv,0.99,10,10,1.0,2,2,cabaret
sim_results_Umovielens1k_pop0_a0.99_N10_C10_CPtop_Q1.0_cabaret_W2_D2.json,700,10,70,1.0,1.0,1.0,0.08338740523647759,0.860171403563503,0.6687608796153979,tv,0.99,10,10,1.0,2,2,cabaret
sim_results_Umovielens1k_pop0_a0.99_N10_C10_CPtop_Q1.0_cabaret_W2_D2.json,800,10,80,1.0,1.0,1.0,0.08338740523647759,0.860171403563503,0.6687608796153979,tv,0.99,10,10,1.0,2,2,cabaret
sim_results_Umovielens1k_pop0_a0.99_N10_C10_CPtop_Q1.0_cabaret_W2_D2.json,900,10,90,1.0,1.0,1.0,0.08338740523647759,0.860171403563503,0.6687608796153979,tv,0.99,10,10,1.0,2,2,cabaret
sim_results_Umovielens1k_pop0_a0.99_N10_C10_CPtop_Q1.0_cabaret_W2_D2.json,1000,10,100,1.0,1.0,1.0,0.08338740523647759,0.860171403563503,0.6687608796153979,tv,0.99,10,10,1.0,2,2,cabaret
sim_results_Umovielens1k_pop0_a0.99_N10_C20_CPtop_Q1.0_cabaret_W1_D2.json,100,10,10,0.0,0.0,0.0,0.06708127499834754,0.7570719670766177,0.4601199655343237,tv,0.99,10,20,1.0,1,2,cabaret
sim_results_Umovielens1k_pop0_a0.99_N10_C20_CPtop_Q1.0_cabaret_W1_D2.json,200,10,20,0.7666666666666667,0.6153150280283007,0.9180183053050327,0.06708127499834754,0.7570719670766177,0.4601199655343237,tv,0.99,10,20,1.0,1,2,cabaret
sim_results_Umovielens1k_pop0_a0.99_N10_C20_CPtop_Q1.0_cabaret_W1_D2.json,300,10,30,1.0,1.0,1.0,0.06708127499834754,0.7570719670766177,0.4601199655343237,tv,0.99,10,20,1.0,1,2,cabaret
sim_results_Umovielens1k_pop0_a0.99_N10_C20_CPtop_Q1.0_cabaret_W1_D2.json,400,10,40,1.0,1.0,1.0,0.06708127499834754,0.7570719670766177,0.4601199655343237,tv,0.99,10,20,1.0,1,2,cabaret
sim_results_Umovielens1k_pop0_a0.99_N10_C20_CPtop_Q1.0_cabaret_W1_D2.json,500,10,50,1.0,1.0,1.0,0.06708127499834754,0.7570719670766177,0.4601199655343237,tv,0.99,10,20,1.0,1,2,cabaret
sim_results_Umovielens1k_pop0_a0.99_N10_C20_CPtop_Q1.0_cabaret_W1_D2.json,600,10,60,1.0,1.0,1.0,0.06708127499834754,0.7570719670766177,0.4601199655343237,tv,0.99,10,20,1.0,1,2,cabaret
sim_results_Umovielens1k_pop0_a0.99_N10_C20_CPtop_Q1.0_cabaret_W1_D2.json,700,10,70,1.0,1.0,1.0,0.06708127499834754,0.7570719670766177,0.4601199655343237,tv,0.99,10,20,1.0,1,2,cabaret
sim_results_Umovielens1k_pop0_a0.99_N10_C20_CPtop_Q1.0_cabaret_W1_D2.json,800,10,80,1.0,1.0,1.0,0.06708127499834754,0.7570719670766177,0.4601199655343237,tv,0.99,10,20,1.0,1,2,cabaret
sim_results_Umovielens1k_pop0_a0.99_N10_C20_CPtop_Q1.0_cabaret_W1_D2.json,900,10,90,1.0,1.0,1.0,0.06708127499834754,0.7570719670766177,0.4601199655343237,tv,0.99,10,20,1.0,1,2,cabaret
sim_results_Umovielens1k_pop0_a0.99_N10_C20_CPtop_Q1.0_cabaret_W1_D2.json,1000,10,100,1.0,1.0,1.0,0.06708127499834754,0.7570719670766177,0.4601199655343237,tv,0.99,10,20,1.0,1,2,cabaret
sim_results_Umovielens1k_pop0_a0.99_N10_C20_CPtop_Q1.0_cabaret_W2_D1.json,100,10,10,0.0,0.0,0.0,0.03189326169357702,0.42551254329297505,0.12298250564334555,tv,0.99,10,20,1.0,2,1,cabaret
sim_results_Umovielens1k_pop0_a0.99_N10_C20_CPtop_Q1.0_cabaret_W2_D1.json,200,10,20,0.0,0.0,0.0,0.03189326169357702,0.42551254329297505,0.12298250564334555,tv,0.99,10,20,1.0,2,1,cabaret
sim_results_Umovielens1k_pop0_a0.99_N10_C20_CPtop_Q1.0_cabaret_W2_D1.json,300,10,30,0.1,0.0,0.20735362127101256,0.03189326169357702,0.42551254329297505,0.12298250564334555,tv,0.99,10,20,1.0,2,1,cabaret
sim_results_Umovielens1k_pop0_a0.99_N10_C20_CPtop_Q1.0_cabaret_W2_D1.json,400,10,40,0.43333333333333335,0.2560081873235037,0.610658479343163,0.03189326169357702,0.42551254329297505,0.12298250564334555,tv,0.99,10,20,1.0,2,1,cabaret
sim_results_Umovielens1k_pop0_a0.99_N10_C20_CPtop_Q1.0_cabaret_W2_D1.json,500,10,50,0.7,0.5360146347993211,0.8639853652006788,0.03189326169357702,0.42551254329297505,0.12298250564334555,tv,0.99,10,20,1.0,2,1,cabaret
sim_results_Umovielens1k_pop0_a0.99_N10_C20_CPtop_Q1.0_cabaret_W2_D1.json,600,10,60,0.8333333333333334,0.6999722251151381,0.9666944415515286,0.03189326169357702,0.42551254329297505,0.12298250564334555,tv,0.99,10,20,1.0,2,1,cabaret
sim_results_Umovielens1k_pop0_a0.99_N10_C20_CPtop_Q1.0_cabaret_W2_D1.json,700,10,70,0.9,0.7926463787289875,1.0,0.03189326169357702,0.42551254329297505,0.12298250564334555,tv,0.99,10,20,1.0,2,1,cabaret
sim_results_Umovielens1k_pop0_a0.99_N10_C20_CPtop_Q1.0_cabaret_W2_D1.json,800,10,80,0.9666666666666667,0.9024314507569886,1.0,0.03189326169357702,0.42551254329297505,0.12298250564334555,tv,0.99,10,20,1.0,2,1,cabaret
sim_results_Umovielens1k_pop0_a0.99_N10_C20_CPtop_Q1.0_cabaret_W2_D1.json,900,10,90,0.9333333333333333,0.8440710066609742,1.0,0.03189326169357702,0.42551254329297505,0.12298250564334555,tv,0.99,10,20,1.0,2,1,cabaret
sim_results_Umovielens1k_pop0_a0.99_N10_C20_CPtop_Q1.0_cabaret_W2_D1.json,1000,10,100,0.9666666666666667,0.9024314507569886,1.0,0.03189326169357702,0.42551254329297505,0.12298250564334555,tv,0.99,10,20,1.0,2,1,cabaret
sim_results_Umovielens1k_pop0_a0.99_N10_C20_CPtop_Q1.0_cabaret_W2_D2.json,100,10,10,0.0,0.0,0.0,0.0728439039606061,0.8358521144401221,0.6409901677711002,tv,0.99,10,20,1.0,2,2,cabaret
sim_results_Umovielens1k_pop0_a0.99_N10_C20_CPtop_Q1.0_cabaret_W2_D2.json,200,10,20,1.0,1.0,1.0,0.0728439039606061,0.8358521144401221,0.6409901677711002,tv,0.99,10,20,1.0,2,2,cabaret
sim_results_Umovielens1k_pop0_a0.99_N10_C20_CPtop_Q1.0_cabaret_W2_D2.json,300,10,30,1.0,1.0,1.0,0.0728439039606061,0.8358521144401221,0.6409901677711002,tv,0.99,10,20,1.0,2,2,cabaret
sim_results_Umovielens1k_pop0_a0.99_N10_C20_CPtop_Q1.0_cabaret_W2_D2.json,400,10,40,1.0,1.0,1.0,0.0728439039606061,0.8358521144401221,0.6409901677711002,tv,0.99,10,20,1.0,2,2,cabaret
sim_results_Umovielens1k_pop0_a0.99_N10_C20_CPtop_Q1.0_cabaret_W2_D2.json,500,10,50,1.0,1.0,1.0,0.0728439039606061,0.8358521144401221,0.6409901677711002,tv,0.99,10,20,1.0,2,2,cabaret
sim_results_Umovielens1k_pop0_a0.99_N10_C20_CPtop_Q1.0_cabaret_W2_D2.json,600,10,60,1.0,1.0,1.0,0.0728439039606061,0.8358521144401221,0.6409901677711002,tv,0.99,10,20,1.0,2,2,cabaret
sim_results_Umovielens1k_pop0_a0.99_N10_C20_CPtop_Q1.0_cabaret_W2_D2.json,700,10,70,1.0,1.0,1.0,0.0728439039606061,0.8358521144401221,0.6409901677711002,tv,0.99,10,20,1.0,2,2,cabaret
sim_results_Umovielens1k_pop0_a0.99_N10_C20_CPtop_Q1.0_cabaret_W2_D2.json,800,10,80,1.0,1.0,1.0,0.0728439039606061,0.8358521144401221,0.6409901677711002,tv,0.99,10,20,1.0,2,2,cabaret
sim_results_Umovielens1k_pop0_a0.99_N10_C20_CPtop_Q1.0_cabaret_W2_D2.json,900,10,90,1.0,1.0,1.0,0.0728439039606061,0.8358521144401221,0.6409901677711002,tv,0.99,10,20,1.0,2,2,cabaret
sim_results_Umovielens1k_pop0_a0.99_N10_C20_CPtop_Q1.0_cabaret_W2_D2.json,1000,10,100,1.0,1.0,1.0,0.0728439039606061,0.8358521144401221,0.6409901677711002,tv,0.99,10,20,1.0,2,2,cabaret
sim_results_Umovielens1k_pop0_a0.99_N10_C5_CPtop_Q1.0_cabaret_W1_D2.json,100,10,10,0.0,0.0,0.0,0.050518796532435045,0.3998827490285758,0.1017599195218277,tv,0.99,10,5,1.0,1,2,cabaret
sim_results_Umovielens1k_pop0_a0.99_N10_C5_CPtop_Q1.0_cabaret_W1_D2.json,200,10,20,0.3,0.1360146347993212,0.4639853652006788,0.050518796532435045,0.3998827490285758,0.1017599195218277,tv,0.99,10,5,1.0,1,2,cabaret
sim_results_Umovielens1k_pop0_a0.99_N10_C5_CPtop_Q1.0_cabaret_W1_D2.json,300,10,30,0.5,0.32107729788164574,0.6789227021183543,0.050518796532435045,0.3998827490285758,0.1017599195218277,tv,0.99,10,5,1.0,1,2,cabaret
sim_results_Umovielens1k_pop0_a0.99_N10_C5_CPtop_Q1.0_cabaret_W1_D2.json,400,10,40,0.7333333333333333,0.5750881414925044,0.8915785251741621,0.050518796532435045,0.3998827490285758,0.1017599195218277,tv,0.99,10,5,1.0,1,2,cabaret
sim_results_Umovielens1k_pop0_a0.99_N10_C5_CPtop_Q1.0_cabaret_W1_D2.json,500,10,50,0.8666666666666667,0.7450226200631684,0.988310713270165,0.050518796532435045,0.3998827490285758,0.1017599195218277,tv,0.99,10,5,1.0,1,2,cabaret
sim_results_Umovielens1k_pop0_a0.99_N10_C5_CPtop_Q1.0_cabaret_W1_D2.json,600,10,60,1.0,1.0,1.0,0.050518796532435045,0.3998827490285758,0.1017599195218277,tv,0.99,10,5,1.0,1,2,cabaret
sim_results_Umovielens1k_pop0_a0.99_N10_C5_CPtop_Q1.0_cabaret_W1_D2.json,700,10,70,1.0,1.0,1.0,0.050518796532435045,0.3998827490285758,0.1017599195218277,tv,0.99,10,5,1.0,1,2,cabaret
sim_results_Umovielens1k_pop0_a0.99_N10_C5_CPtop_Q1.0_cabaret_W1_D2.json,800,10,80,0.9666666666666667,0.9024314507569886,1.0,0.050518796532435045,0.3998827490285758,0.1017599195218277,tv,0.99,10,5,1.0,1,2,cabaret
sim_results_Umovielens1k_pop0_a0.99_N10_C5_CPtop_Q1.0_cabaret_W1_D2.json,900,10,90,1.0,1.0,1.0,0.050518796532435045,0.3998827490285758,0.1017599195218277,tv,0.99,10,5,1.0,1,2,cabaret
sim_results_Umovielens1k_pop0_a0.99_N10_C5_CPtop_Q1.0_cabaret_W1_D2.json,1000,10,100,1.0,1.0,1.0,0.050518796532435045,0.3998827490285758,0.1017599195218277,tv,0.99,10,5,1.0,1,2,cabaret
sim_results_Umovielens1k_pop0_a0.99_N10_C5_CPtop_Q1.0_cabaret_W2_D1.json,100,10,10,0.1,0.0,0.20735362127101256,0.01168970769378051,0.09363408610460987,0.0070996602242939045,tv,0.99,10,5,1.0,2,1,cabaret
sim_results_Umovielens1k_pop0_a0.99_N10_C5_CPtop_Q1.0_cabaret_W2_D1.json,200,10,20,0.0,0.0,0.0,0.01168970769378051,0.09363408610460987,0.0070996602242939045,tv,0.99,10,5,1.0,2,1,cabaret
sim_results_Umovielens1k_pop0_a0.99_N10_C5_CPtop_Q1.0_cabaret_W2_D1.json,300,10,30,0.06666666666666667,0.0,0.15592899333902582,0.01168970769378051,0.09363408610460987,0.0070996602242939045,tv,0.99,10,5,1.0,2,1,cabaret
sim_results_Umovielens1k_pop0_a0.99_N10_C5_CPtop_Q1.0_cabaret_W2_D1.json,400,10,40,0.0,0.0,0.0,0.01168970769378051,0.09363408610460987,0.0070996602242939045,tv,0.99,10,5,1.0,2,1,cabaret
sim_results_Umovielens1k_pop0_a0.99_N10_C5_CPtop_Q1.0_cabaret_W2_D1.json,500,10,50,0.0,0.0,0.0,0.01168970769378051,0.09363408610460987,0.0070996602242939045,tv,0.99,10,5,1.0,2,1,cabaret
sim_results_Umovielens1k_pop0_a0.99_N10_C5_CPtop_Q1.0_cabaret_W2_D1.json,600,10,60,0.0,0.0,0.0,0.01168970769378051,0.09363408610460987,0.0070996602242939045,tv,0.99,10,5,1.0,2,1,cabaret
sim_results_Umovielens1k_pop0_a0.99_N10_C5_CPtop_Q1.0_cabaret_W2_D1.json,700,10,70,0.03333333333333333,0.0,0.09756854924301145,0.01168970769378051,0.09363408610460987,0.0070996602242939045,tv,0.99,10,5,1.0,2,1,cabaret
sim_results_Umovielens1k_pop0_a0.99_N10_C5_CPtop_Q1.0_cabaret_W2_D1.json,800,10,80,0.03333333333333333,0.0,0.09756854924301145,0.01168970769378051,0.09363408610460987,0.0070996602242939045,tv,0.99,10,5,1.0,2,1,cabaret
sim_results_Umovielens1k_pop0_a0.99_N10_C5_CPtop_Q1.0_cabaret_W2_D1.json,900,10,90,0.03333333333333333,0.0,0.09756854924301145,0.01168970769378051,0.09363408610460987,0.0070996602242939045,tv,0.99,10,5,1.0,2,1,cabaret
sim_results_Umovielens1k_pop0_a0.99_N10_C5_CPtop_Q1.0_cabaret_W2_D1.json,1000,10,100,0.0,0.0,0.0,0.01168970769378051,0.09363408610460987,0.0070996602242939045,tv,0.99,10,5,1.0,2,1,cabaret
sim_results_Umovielens1k_pop0_a0.99_N10_C5_CPtop_Q1.0_cabaret_W2_D2.json,100,10,10,0.03333333333333333,0.0,0.09756854924301145,0.07494550044779999,0.6076715795825212,0.23335017080353013,tv,0.99,10,5,1.0,2,2,cabaret
sim_results_Umovielens1k_pop0_a0.99_N10_C5_CPtop_Q1.0_cabaret_W2_D2.json,200,10,20,0.4666666666666667,0.28814201332194833,0.645191320011385,0.07494550044779999,0.6076715795825212,0.23335017080353013,tv,0.99,10,5,1.0,2,2,cabaret
sim_results_Umovielens1k_pop0_a0.99_N10_C5_CPtop_Q1.0_cabaret_W2_D2.json,300,10,30,0.7666666666666667,0.6153150280283007,0.9180183053050327,0.07494550044779999,0.6076715795825212,0.23335017080353013,tv,0.99,10,5,1.0,2,2,cabaret
sim_results_Umovielens1k_pop0_a0.99_N10_C5_CPtop_Q1.0_cabaret_W2_D2.json,400,10,40,1.0,1.0,1.0,0.07494550044779999,0.6076715795825212,0.23335017080353013,tv,0.99,10,5,1.0,2,2,cabaret
sim_results_Umovielens1k_pop0_a0.99_N10_C5_CPtop_Q1.0_cabaret_W2_D2.json,500,10,50,1.0,1.0,1.0,0.07494550044779999,0.6076715795825212,0.23335017080353013,tv,0.99,10,5,1.0,2,2,cabaret
sim_results_Umovielens1k_pop0_a0.99_N10_C5_CPtop_Q1.0_cabaret_W2_D2.json,600,10,60,1.0,1.0,1.0,0.07494550044779999,0.6076715795825212,0.23335017080353013,tv,0.99,10,5,1.0,2,2,cabaret
sim_results_Umovielens1k_pop0_a0.99_N10_C5_CPtop_Q1.0_cabaret_W2_D2.json,700,10,70,1.0,1.0,1.0,0.07494550044779999,0.6076715795825212,0.23335017080353013,tv,0.99,10,5,1.0,2,2,cabaret
sim_results_Umovielens1k_pop0_a0.99_N10_C5_CPtop_Q1.0_cabaret_W2_D2.json,800,10,80,1.0,1.0,1.0,0.07494550044779999,0.6076715795825212,0.23335017080353013,tv,0.99,10,5,1.0,2,2,cabaret
sim_results_Umovielens1k_pop0_a0.99_N10_C5_CPtop_Q1.0_cabaret_W2_D2.json,900,10,90,1.0,1.0,1.0,0.07494550044779999,0.6076715795825212,0.23335017080353013,tv,0.99,10,5,1.0,2,2,cabaret
sim_results_Umovielens1k_pop0_a0.99_N10_C5_CPtop_Q1.0_cabaret_W2_D2.json,1000,10,100,1.0,1.0,1.0,0.07494550044779999,0.6076715795825212,0.23335017080353013,tv,0.99,10,5,1.0,2,2,cabaret
sim_results_Umovielens1k_pop0_a0.99_N2_C10_CPtop_Q1.0_cabaret_W1_D2.json,100,10,10,0.0,0.0,0.0,0.0550918965523061,0.2765113792517253,0.15439436641166832,tv,0.99,2,10,1.0,1,2,cabaret
sim_results_Umovielens1k_pop0_a0.99_N2_C10_CPtop_Q1.0_cabaret_W1_D2.json,200,10,20,0.0,0.0,0.0,0.0550918965523061,0.2765113792517253,0.15439436641166832,tv,0.99,2,10,1.0,1,2,cabaret
sim_results_Umovielens1k_pop0_a0.99_N2_C10_CPtop_Q1.0_cabaret_W1_D2.json,300,10,30,0.03333333333333333,0.0,0.09756854924301145,0.0550918965523061,0.2765113792517253,0.15439436641166832,tv,0.99,2,10,1.0,1,2,cabaret
sim_results_Umovielens1k_pop0_a0.99_N2_C10_CPtop_Q1.0_cabaret_W1_D2.json,400,10,40,0.03333333333333333,0.0,0.09756854924301145,0.0550918965523061,0.2765113792517253,0.15439436641166832,tv,0.99,2,10,1.0,1,2,cabaret
sim_results_Umovielens1k_pop0_a0.99_N2_C10_CPtop_Q1.0_cabaret_W1_D2.json,500,10,50,0.03333333333333333,0.0,0.09756854924301145,0.0550918965523061,0.2765113792517253,0.15439436641166832,tv,0.99,2,10,1.0,1,2,cabaret
sim_results_Umovielens1k_pop0_a0.99_N2_C10_CPtop_Q1.0_cabaret_W1_D2.json,600,10,60,0.0,0.0,0.0,0.0550918965523061,0.2765113792517253,0.15439436641166832,tv,0.99,2,10,1.0,1,2,cabaret
sim_results_Umovielens1k_pop0_a0.99_N2_C10_CPtop_Q1.0_cabaret_W1_D2.json,700,10,70,0.03333333333333333,0.0,0.09756854924301145,0.0550918965523061,0.2765113792517253,0.15439436641166832,tv,0.99,2,10,1.0,1,2,cabaret
sim_results_Umovielens1k_pop0_a0.99_N2_C10_CPtop_Q1.0_cabaret_W1_D2.json,800,10,80,0.1,0.0,0.20735362127101256,0.0550918965523061,0.2765113792517253,0.15439436641166832,tv,0.99,2,10,1.0,1,2,cabaret
sim_results_Umovielens1k_pop0_a0.99_N2_C10_CPtop_Q1.0_cabaret_W1_D2.json,900,10,90,0.1,0.0,0.20735362127101256,0.0550918965523061,0.2765113792517253,0.15439436641166832,tv,0.99,2,10,1.0,1,2,cabaret
sim_results_Umovielens1k_pop0_a0.99_N2_C10_CPtop_Q1.0_cabaret_W1_D2.json,1000,10,100,0.13333333333333333,0.011689286729835005,0.25497737993683167,0.0550918965523061,0.2765113792517253,0.15439436641166832,tv,0.99,2,10,1.0,1,2,cabaret
sim_results_Umovielens1k_pop0_a0.99_N2_C10_CPtop_Q1.0_cabaret_W2_D1.json,100,10,10,0.0,0.0,0.0,0.021311994359842813,0.13251628593335224,0.0333723536916243,tv,0.99,2,10,1.0,2,1,cabaret
sim_results_Umovielens1k_pop0_a0.99_N2_C10_CPtop_Q1.0_cabaret_W2_D1.json,200,10,20,0.0,0.0,0.0,0.021311994359842813,0.13251628593335224,0.0333723536916243,tv,0.99,2,10,1.0,2,1,cabaret
sim_results_Umovielens1k_pop0_a0.99_N2_C10_CPtop_Q1.0_cabaret_W2_D1.json,300,10,30,0.03333333333333333,0.0,0.09756854924301145,0.021311994359842813,0.13251628593335224,0.0333723536916243,tv,0.99,2,10,1.0,2,1,cabaret
sim_results_Umovielens1k_pop0_a0.99_N2_C10_CPtop_Q1.0_cabaret_W2_D1.json,400,10,40,0.03333333333333333,0.0,0.09756854924301145,0.021311994359842813,0.13251628593335224,0.0333723536916243,tv,0.99,2,10,1.0,2,1,cabaret
sim_results_Umovielens1k_pop0_a0.99_N2_C10_CPtop_Q1.0_cabaret_W2_D1.json,500,10,50,0.06666666666666667,0.0,0.15592899333902582,0.021311994359842813,0.13251628593335224,0.0333723536916243,tv,0.99,2,10,1.0,2,1,cabaret
sim_results_Umovielens1k_pop0_a0.99_N2_C10_CPtop_Q1.0_cabaret_W2_D1.json,600,10,60,0.0,0.0,0.0,0.021311994359842813,0.13251628593335224,0.0333723536916243,tv,0.99,2,10,1.0,2,1,cabaret
sim_results_Umovielens1k_pop0_a0.99_N2_C10_CPtop_Q1.0_cabaret_W2_D1.json,700,10,70,0.0,0.0,0.0,0.021311994359842813,0.13251628593335224,0.0333723536916243,tv,0.99,2,10,1.0,2,1,cabaret
sim_results_Umovielens1k_pop0_a0.99_N2_C10_CPtop_Q1.0_cabaret_W2_D1.json,800,10,80,0.03333333333333333,0.0,0.09756854924301145,0.021311994359842813,0.13251628593335224,0.0333723536916243,tv,0.99,2,10,1.0,2,1,cabaret
sim_results_Umovielens1k_pop0_a0.99_N2_C10_CPtop_Q1.0_cabaret_W2_D1.json,900,10,90,0.0,0.0,0.0,0.021311994359842813,0.13251628593335224,0.0333723536916243,tv,0.99,2,10,1.0,2,1,cabaret
sim_results_Umovielens1k_pop0_a0.99_N2_C10_CPtop_Q1.0_cabaret_W2_D1.json,1000,10,100,0.03333333333333333,0.0,0.09756854924301145,0.021311994359842813,0.13251628593335224,0.0333723536916243,tv,0.99,2,10,1.0,2,1,cabaret
sim_results_Umovielens1k_pop0_a0.99_N2_C10_CPtop_Q1.0_cabaret_W2_D2.json,100,10,10,0.03333333333333333,0.0,0.09756854924301145,0.11073633241487474,0.3802294295354639,0.2410522837227046,tv,0.99,2,10,1.0,2,2,cabaret
sim_results_Umovielens1k_pop0_a0.99_N2_C10_CPtop_Q1.0_cabaret_W2_D2.json,200,10,20,0.0,0.0,0.0,0.11073633241487474,0.3802294295354639,0.2410522837227046,tv,0.99,2,10,1.0,2,2,cabaret
sim_results_Umovielens1k_pop0_a0.99_N2_C10_CPtop_Q1.0_cabaret_W2_D2.json,300,10,30,0.0,0.0,0.0,0.11073633241487474,0.3802294295354639,0.2410522837227046,tv,0.99,2,10,1.0,2,2,cabaret
sim_results_Umovielens1k_pop0_a0.99_N2_C10_CPtop_Q1.0_cabaret_W2_D2.json,400,10,40,0.03333333333333333,0.0,0.09756854924301145,0.11073633241487474,0.3802294295354639,0.2410522837227046,tv,0.99,2,10,1.0,2,2,cabaret
sim_results_Umovielens1k_pop0_a0.99_N2_C10_CPtop_Q1.0_cabaret_W2_D2.json,500,10,50,0.03333333333333333,0.0,0.09756854924301145,0.11073633241487474,0.3802294295354639,0.2410522837227046,tv,0.99,2,10,1.0,2,2,cabaret
sim_results_Umovielens1k_pop0_a0.99_N2_C10_CPtop_Q1.0_cabaret_W2_D2.json,600,10,60,0.06666666666666667,0.0,0.15592899333902582,0.11073633241487474,0.3802294295354639,0.2410522837227046,tv,0.99,2,10,1.0,2,2,cabaret
sim_results_Umovielens1k_pop0_a0.99_N2_C10_CPtop_Q1.0_cabaret_W2_D2.json,700,10,70,0.16666666666666666,0.03330555844847141,0.3000277748848619,0.11073633241487474,0.3802294295354639,0.2410522837227046,tv,0.99,2,10,1.0,2,2,cabaret
sim_results_Umovielens1k_pop0_a0.99_N2_C10_CPtop_Q1.0_cabaret_W2_D2.json,800,10,80,0.23333333333333334,0.08198169469496736,0.3846849719716993,0.11073633241487474,0.3802294295354639,0.2410522837227046,tv,0.99,2,10,1.0,2,2,cabaret
sim_results_Umovielens1k_pop0_a0.99_N2_C10_CPtop_Q1.0_cabaret_W2_D2.json,900,10,90,0.16666666666666666,0.03330555844847141,0.3000277748848619,0.11073633241487474,0.3802294295354639,0.2410522837227046,tv,0.99,2,10,1.0,2,2,cabaret
sim_results_Umovielens1k_pop0_a0.99_N2_C10_CPtop_Q1.0_cabaret_W2_D2.json,1000,10,100,0.43333333333333335,0.2560081873235037,0.610658479343163,0.11073633241487474,0.3802294295354639,0.2410522837227046,tv,0.99,2,10,1.0,2,2,cabaret
sim_results_Umovielens1k_pop0_a0.99_N2_C20_CPtop_Q1.0_cabaret_W1_D2.json,100,10,10,0.0,0.0,0.0,0.04535005761602434,0.2480912453998302,0.13491587744620273,tv,0.99,2,20,1.0,1,2,cabaret
sim_results_Umovielens1k_pop0_a0.99_N2_C20_CPtop_Q1.0_cabaret_W1_D2.json,200,10,20,0.0,0.0,0.0,0.04535005761602434,0.2480912453998302,0.13491587744620273,tv,0.99,2,20,1.0,1,2,cabaret
sim_results_Umovielens1k_pop0_a0.99_N2_C20_CPtop_Q1.0_cabaret_W1_D2.json,300,10,30,0.0,0.0,0.0,0.04535005761602434,0.2480912453998302,0.13491587744620273,tv,0.99,2,20,1.0,1,2,cabaret
sim_results_Umovielens1k_pop0_a0.99_N2_C20_CPtop_Q1.0_cabaret_W1_D2.json,400,10,40,0.03333333333333333,0.0,0.09756854924301145,0.04535005761602434,0.2480912453998302,0.13491587744620273,tv,0.99,2,20,1.0,1,2,cabaret
sim_results_Umovielens1k_pop0_a0.99_N2_C20_CPtop_Q1.0_cabaret_W1_D2.json,500,10,50,0.0,0.0,0.0,0.04535005761602434,0.2480912453998302,0.13491587744620273,tv,0.99,2,20,1.0,1,2,cabaret
sim_results_Umovielens1k_pop0_a0.99_N2_C20_CPtop_Q1.0_cabaret_W1_D2.json,600,10,60,0.0,0.0,0.0,0.04535005761602434,0.2480912453998302,0.13491587744620273,tv,0.99,2,20,1.0,1,2,cabaret
sim_results_Umovielens1k_pop0_a0.99_N2_C20_CPtop_Q1.0_cabaret_W1_D2.json,700,10,70,0.0,0.0,0.0,0.04535005761602434,0.2480912453998302,0.13491587744620273,tv,0.99,2,20,1.0,1,2,cabaret
sim_results_Umovielens1k_pop0_a0.99_N2_C20_CPtop_Q1.0_cabaret_W1_D2.json,800,10,80,0.0,0.0,0.0,0.04535005761602434,0.2480912453998302,0.13491587744620273,tv,0.99,2,20,1.0,1,2,cabaret
sim_results_Umovielens1k_pop0_a0.99_N2_C20_CPtop_Q1.0_cabaret_W1_D2.json,900,10,90,0.1,0.0,0.20735362127101256,0.04535005761602434,0.2480912453998302,0.13491587744620273,tv,0.99,2,20,1.0,1,2,cabaret
sim_results_Umovielens1k_pop0_a0.99_N2_C20_CPtop_Q1.0_cabaret_W1_D2.json,1000,10,100,0.0,0.0,0.0,0.04535005761602434,0.2480912453998302,0.13491587744620273,tv,0.99,2,20,1.0,1,2,cabaret
sim_results_Umovielens1k_pop0_a0.99_N2_C20_CPtop_Q1.0_cabaret_W2_D1.json,100,10,10,0.0,0.0,0.0,0.022541845033438125,0.14965988842632494,0.060936656072840004,tv,0.99,2,20,1.0,2,1,cabaret
sim_results_Umovielens1k_pop0_a0.99_N2_C20_CPtop_Q1.0_cabaret_W2_D1.json,200,10,20,0.06666666666666667,0.0,0.15592899333902582,0.022541845033438125,0.14965988842632494,0.060936656072840004,tv,0.99,2,20,1.0,2,1,cabaret
sim_results_Umovielens1k_pop0_a0.99_N2_C20_CPtop_Q1.0_cabaret_W2_D1.json,300,10,30,0.1,0.0,0.20735362127101256,0.022541845033438125,0.14965988842632494,0.060936656072840004,tv,0.99,2,20,1.0,2,1,cabaret
sim_results_Umovielens1k_pop0_a0.99_N2_C20_CPtop_Q1.0_cabaret_W2_D1.json,400,10,40,0.0,0.0,0.0,0.022541845033438125,0.14965988842632494,0.060936656072840004,tv,0.99,2,20,1.0,2,1,cabaret
sim_results_Umovielens1k_pop0_a0.99_N2_C20_CPtop_Q1.0_cabaret_W2_D1.json,500,10,50,0.03333333333333333,0.0,0.09756854924301145,0.022541845033438125,0.14965988842632494,0.060936656072840004,tv,0.99,2,20,1.0,2,1,cabaret
sim_results_Umovielens1k_pop0_a0.99_N2_C20_CPtop_Q1.0_cabaret_W2_D1.json,600,10,60,0.03333333333333333,0.0,0.09756854924301145,0.022541845033438125,0.14965988842632494,0.060936656072840004,tv,0.99,2,20,1.0,2,1,cabaret
sim_results_Umovielens1k_pop0_a0.99_N2_C20_CPtop_Q1.0_cabaret_W2_D1.json,700,10,70,0.06666666666666667,0.0,0.15592899333902582,0.022541845033438125,0.14965988842632494,0.060936656072840004,tv,0.99,2,20,1.0,2,1,cabaret
sim_results_Umovielens1k_pop0_a0.99_N2_C20_CPtop_Q1.0_cabaret_W2_D1.json,800,10,80,0.0,0.0,0.0,0.022541845033438125,0.14965988842632494,0.060936656072840004,tv,0.99,2,20,1.0,2,1,cabaret
sim_results_Umovielens1k_pop0_a0.99_N2_C20_CPtop_Q1.0_cabaret_W2_D1.json,900,10,90,0.03333333333333333,0.0,0.09756854924301145,0.022541845033438125,0.14965988842632494,0.060936656072840004,tv,0.99,2,20,1.0,2,1,cabaret
sim_results_Umovielens1k_pop0_a0.99_N2_C20_CPtop_Q1.0_cabaret_W2_D1.json,1000,10,100,0.13333333333333333,0.011689286729835005,0.25497737993683167,0.022541845033438125,0.14965988842632494,0.060936656072840004,tv,0.99,2,20,1.0,2,1,cabaret
sim_results_Umovielens1k_pop0_a0.99_N2_C20_CPtop_Q1.0_cabaret_W2_D2.json,100,10,10,0.0,0.0,0.0,0.057177547021736164,0.3793346938320155,0.20363010727038922,tv,0.99,2,20,1.0,2,2,cabaret
sim_results_Umovielens1k_pop0_a0.99_N2_C20_CPtop_Q1.0_cabaret_W2_D2.json,200,10,20,0.0,0.0,0.0,0.057177547021736164,0.3793346938320155,0.20363010727038922,tv,0.99,2,20,1.0,2,2,cabaret
sim_results_Umovielens1k_pop0_a0.99_N2_C20_CPtop_Q1.0_cabaret_W2_D2.json,300,10,30,0.0,0.0,0.0,0.057177547021736164,0.3793346938320155,0.20363010727038922,tv,0.99,2,20,1.0,2,2,cabaret
sim_results_Umovielens1k_pop0_a0.99_N2_C20_CPtop_Q1.0_cabaret_W2_D2.json,400,10,40,0.03333333333333333,0.0,0.09756854924301145,0.057177547021736164,0.3793346938320155,0.20363010727038922,tv,0.99,2,20,1.0,2,2,cabaret
sim_results_Umovielens1k_pop0_a0.99_N2_C20_CPtop_Q1.0_cabaret_W2_D2.json,500,10,50,0.0,0.0,0.0,0.057177547021736164,0.3793346938320155,0.20363010727038922,tv,0.99,2,20,1.0,2,2,cabaret
sim_results_Umovielens1k_pop0_a0.99_N2_C20_CPtop_Q1.0_cabaret_W2_D2.json,600,10,60,0.0,0.0,0.0,0.057177547021736164,0.3793346938320155,0.20363010727038922,tv,0.99,2,20,1.0,2,2,cabaret
sim_results_Umovielens1k_pop0_a0.99_N2_C20_CPtop_Q1.0_cabaret_W2_D2.json,700,10,70,0.03333333333333333,0.0,0.09756854924301145,0.057177547021736164,0.3793346938320155,0.20363010727038922,tv,0.99,2,20,1.0,2,2,cabaret
sim_results_Umovielens1k_pop0_a0.99_N2_C20_CPtop_Q1.0_cabaret_W2_D2.json,800,10,80,0.1,0.0,0.20735362127101256,0.057177547021736164,0.3793346938320155,0.20363010727038922,tv,0.99,2,20,1.0,2,2,cabaret
sim_results_Umovielens1k_pop0_a0.99_N2_C20_CPtop_Q1.0_cabaret_W2_D2.json,900,10,90,0.13333333333333333,0.011689286729835005,0.25497737993683167,0.057177547021736164,0.3793346938320155,0.20363010727038922,tv,0.99,2,20,1.0,2,2,cabaret
sim_results_Umovielens1k_pop0_a0.99_N2_C20_CPtop_Q1.0_cabaret_W2_D2.json,1000,10,100,0.26666666666666666,0.10842147482583778,0.4249118585074956,0.057177547021736164,0.3793346938320155,0.20363010727038922,tv,0.99,2,20,1.0,2,2,cabaret
sim_results_Umovielens1k_pop0_a0.99_N2_C5_CPtop_Q1.0_cabaret_W1_D2.json,100,10,10,0.03333333333333333,0.0,0.09756854924301145,0.05934026201945313,0.22247199044862265,0.10296139614324298,tv,0.99,2,5,1.0,1,2,cabaret
sim_results_Umovielens1k_pop0_a0.99_N2_C5_CPtop_Q1.0_cabaret_W1_D2.json,200,10,20,0.0,0.0,0.0,0.05934026201945313,0.22247199044862265,0.10296139614324298,tv,0.99,2,5,1.0,1,2,cabaret
sim_results_Umovielens1k_pop0_a0.99_N2_C5_CPtop_Q1.0_cabaret_W1_D2.json,300,10,30,0.06666666666666667,0.0,0.15592899333902582,0.05934026201945313,0.22247199044862265,0.10296139614324298,tv,0.99,2,5,1.0,1,2,cabaret
sim_results_Umovielens1k_pop0_a0.99_N2_C5_CPtop_Q1.0_cabaret_W1_D2.json,400,10,40,0.0,0.0,0.0,0.05934026201945313,0.22247199044862265,0.10296139614324298,tv,0.99,2,5,1.0,1,2,cabaret
sim_results_Umovielens1k_pop0_a0.99_N2_C5_CPtop_Q1.0_cabaret_W1_D2.json,500,10,50,0.0,0.0,0.0,0.05934026201945313,0.22247199044862265,0.10296139614324298,tv,0.99,2,5,1.0,1,2,cabaret
sim_results_Umovielens1k_pop0_a0.99_N2_C5_CPtop_Q1.0_cabaret_W1_D2.json,600,10,60,0.06666666666666667,0.0,0.15592899333902582,0.05934026201945313,0.22247199044862265,0.10296139614324298,tv,0.99,2,5,1.0,1,2,cabaret
sim_results_Umovielens1k_pop0_a0.99_N2_C5_CPtop_Q1.0_cabaret_W1_D2.json,700,10,70,0.0,0.0,0.0,0.05934026201945313,0.22247199044862265,0.10296139614324298,tv,0.99,2,5,1.0,1,2,cabaret
sim_results_Umovielens1k_pop0_a0.99_N2_C5_CPtop_Q1.0_cabaret_W1_D2.json,800,10,80,0.1,0.0,0.20735362127101256,0.05934026201945313,0.22247199044862265,0.10296139614324298,tv,0.99,2,5,1.0,1,2,cabaret
sim_results_Umovielens1k_pop0_a0.99_N2_C5_CPtop_Q1.0_cabaret_W1_D2.json,900,10,90,0.13333333333333333,0.011689286729835005,0.25497737993683167,0.05934026201945313,0.22247199044862265,0.10296139614324298,tv,0.99,2,5,1.0,1,2,cabaret
sim_results_Umovielens1k_pop0_a0.99_N2_C5_CPtop_Q1.0_cabaret_W1_D2.json,1000,10,100,0.36666666666666664,0.19422296678282158,0.5391103665505117,0.05934026201945313,0.22247199044862265,0.10296139614324298,tv,0.99,2,5,1.0,1,2,cabaret
sim_results_Umovielens1k_pop0_a0.99_N2_C5_CPtop_Q1.0_cabaret_W2_D1.json,100,10,10,0.0,0.0,0.0,0.021317776389967267,0.10687230000054523,0.027621167477959452,tv,0.99,2,5,1.0,2,1,cabaret
sim_results_Umovielens1k_pop0_a0.99_N2_C5_CPtop_Q1.0_cabaret_W2_D1.json,200,10,20,0.03333333333333333,0.0,0.09756854924301145,0.021317776389967267,0.10687230000054523,0.027621167477959452,tv,0.99,2,5,1.0,2,1,cabaret
sim_results_Umovielens1k_pop0_a0.99_N2_C5_CPtop_Q1.0_cabaret_W2_D1.json,300,10,30,0.0,0.0,0.0,0.021317776389967267,0.10687230000054523,0.027621167477959452,tv,0.99,2,5,1.0,2,1,cabaret
sim_results_Umovielens1k_pop0_a0.99_N2_C5_CPtop_Q1.0_cabaret_W2_D1.json,400,10,40,0.03333333333333333,0.0,0.09756854924301145,0.021317776389967267,0.10687230000054523,0.027621167477959452,tv,0.99,2,5,1.0,2,1,cabaret
sim_results_Umovielens1k_pop0_a0.99_N2_C5_CPtop_Q1.0_cabaret_W2_D1.json,500,10,50,0.03333333333333333,0.0,0.09756854924301145,0.021317776389967267,0.10687230000054523,0.027621167477959452,tv,0.99,2,5,1.0,2,1,cabaret
sim_results_Umovielens1k_pop0_a0.99_N2_C5_CPtop_Q1.0_cabaret_W2_D1.json,600,10,60,0.03333333333333333,0.0,0.09756854924301145,0.021317776389967267,0.10687230000054523,0.027621167477959452,tv,0.99,2,5,1.0,2,1,cabaret
sim_results_Umovielens1k_pop0_a0.99_N2_C5_CPtop_Q1.0_cabaret_W2_D1.json,700,10,70,0.13333333333333333,0.011689286729835005,0.25497737993683167,0.021317776389967267,0.10687230000054523,0.027621167477959452,tv,0.99,2,5,1.0,2,1,cabaret
sim_results_Umovielens1k_pop0_a0.99_N2_C5_CPtop_Q1.0_cabaret_W2_D1.json,800,10,80,0.06666666666666667,0.0,0.15592899333902582,0.021317776389967267,0.10687230000054523,0.027621167477959452,tv,0.99,2,5,1.0,2,1,cabaret
sim_results_Umovielens1k_pop0_a0.99_N2_C5_CPtop_Q1.0_cabaret_W2_D1.json,900,10,90,0.0,0.0,0.0,0.021317776389967267,0.10687230000054523,0.027621167477959452,tv,0.99,2,5,1.0,2,1,cabaret
sim_results_Umovielens1k_pop0_a0.99_N2_C5_CPtop_Q1.0_cabaret_W2_D1.json,1000,10,100,0.0,0.0,0.0,0.021317776389967267,0.10687230000054523,0.027621167477959452,tv,0.99,2,5,1.0,2,1,cabaret
sim_results_Umovielens1k_pop0_a0.99_N2_C5_CPtop_Q1.0_cabaret_W2_D2.json,100,10,10,0.03333333333333333,0.0,0.09756854924301145,0.11599342230696455,0.35509249210183236,0.1956383037735432,tv,0.99,2,5,1.0,2,2,cabaret
sim_results_Umovielens1k_pop0_a0.99_N2_C5_CPtop_Q1.0_cabaret_W2_D2.json,200,10,20,0.0,0.0,0.0,0.11599342230696455,0.35509249210183236,0.1956383037735432,tv,0.99,2,5,1.0,2,2,cabaret
sim_results_Umovielens1k_pop0_a0.99_N2_C5_CPtop_Q1.0_cabaret_W2_D2.json,300,10,30,0.06666666666666667,0.0,0.15592899333902582,0.11599342230696455,0.35509249210183236,0.1956383037735432,tv,0.99,2,5,1.0,2,2,cabaret
sim_results_Umovielens1k_pop0_a0.99_N2_C5_CPtop_Q1.0_cabaret_W2_D2.json,400,10,40,0.0,0.0,0.0,0.11599342230696455,0.35509249210183236,0.1956383037735432,tv,0.99,2,5,1.0,2,2,cabaret
sim_results_Umovielens1k_pop0_a0.99_N2_C5_CPtop_Q1.0_cabaret_W2_D2.json,500,10,50,0.03333333333333333,0.0,0.09756854924301145,0.11599342230696455,0.35509249210183236,0.1956383037735432,tv,0.99,2,5,1.0,2,2,cabaret
sim_results_Umovielens1k_pop0_a0.99_N2_C5_CPtop_Q1.0_cabaret_W2_D2.json,600,10,60,0.1,0.0,0.20735362127101256,0.11599342230696455,0.35509249210183236,0.1956383037735432,tv,0.99,2,5,1.0,2,2,cabaret
sim_results_Umovielens1k_pop0_a0.99_N2_C5_CPtop_Q1.0_cabaret_W2_D2.json,700,10,70,0.03333333333333333,0.0,0.09756854924301145,0.11599342230696455,0.35509249210183236,0.1956383037735432,tv,0.99,2,5,1.0,2,2,cabaret
sim_results_Umovielens1k_pop0_a0.99_N2_C5_CPtop_Q1.0_cabaret_W2_D2.json,800,10,80,0.13333333333333333,0.011689286729835005,0.25497737993683167,0.11599342230696455,0.35509249210183236,0.1956383037735432,tv,0.99,2,5,1.0,2,2,cabaret
sim_results_Umovielens1k_pop0_a0.99_N2_C5_CPtop_Q1.0_cabaret_W2_D2.json,900,10,90,0.3333333333333333,0.1646433920318547,0.5020232746348119,0.11599342230696455,0.35509249210183236,0.1956383037735432,tv,0.99,2,5,1.0,2,2,cabaret
sim_results_Umovielens1k_pop0_a0.99_N2_C5_CPtop_Q1.0_cabaret_W2_D2.json,1000,10,100,0.5666666666666667,0.389341520656837,0.7439918126764963,0.11599342230696455,0.35509249210183236,0.1956383037735432,tv,0.99,2,5,1.0,2,2,cabaret
sim_results_Umovielens1k_pop0_a0.99_N5_C10_CPtop_Q1.0_cabaret_W1_D2.json,100,10,10,0.0,0.0,0.0,0.07477729987042334,0.5394034979978959,0.23575794013975734,tv,0.99,5,10,1.0,1,2,cabaret
sim_results_Umovielens1k_pop0_a0.99_N5_C10_CPtop_Q1.0_cabaret_W1_D2.json,200,10,20,0.06666666666666667,0.0,0.15592899333902582,0.07477729987042334,0.5394034979978959,0.23575794013975734,tv,0.99,5,10,1.0,1,2,cabaret
sim_results_Umovielens1k_pop0_a0.99_N5_C10_CPtop_Q1.0_cabaret_W1_D2.json,300,10,30,0.5,0.32107729788164574,0.6789227021183543,0.07477729987042334,0.5394034979978959,0.23575794013975734,tv,0.99,5,10,1.0,1,2,cabaret
sim_results_Umovielens1k_pop0_a0.99_N5_C10_CPtop_Q1.0_cabaret_W1_D2.json,400,10,40,0.5333333333333333,0.354808679988615,0.7118579866780517,0.07477729987042334,0.5394034979978959,0.23575794013975734,tv,0.99,5,10,1.0,1,2,cabaret
sim_results_Umovielens1k_pop0_a0.99_N5_C10_CPtop_Q1.0_cabaret_W1_D2.json,500,10,50,0.9333333333333333,0.8440710066609742,1.0,0.07477729987042334,0.5394034979978959,0.23575794013975734,tv,0.99,5,10,1.0,1,2,cabaret
sim_results_Umovielens1k_pop0_a0.99_N5_C10_CPtop_Q1.0_cabaret_W1_D2.json,600,10,60,0.8666666666666667,0.7450226200631684,0.988310713270165,0.07477729987042334,0.5394034979978959,0.23575794013975734,tv,0.99,5,10,1.0,1,2,cabaret
sim_results_Umovielens1k_pop0_a0.99_N5_C10_CPtop_Q1.0_cabaret_W1_D2.json,700,10,70,0.9666666666666667,0.9024314507569886,1.0,0.07477729987042334,0.5394034979978959,0.23575794013975734,tv,0.99,5,10,1.0,1,2,cabaret
sim_results_Umovielens1k_pop0_a0.99_N5_C10_CPtop_Q1.0_cabaret_W1_D2.json,800,10,80,1.0,1.0,1.0,0.07477729987042334,0.5394034979978959,0.23575794013975734,tv,0.99,5,10,1.0,1,2,cabaret
sim_results_Umovielens1k_pop0_a0.99_N5_C10_CPtop_Q1.0_cabaret_W1_D2.json,900,10,90,1.0,1.0,1.0,0.07477729987042334,0.5394034979978959,0.23575794013975734,tv,0.99,5,10,1.0,1,2,cabaret
sim_results_Umovielens1k_pop0_a0.99_N5_C10_CPtop_Q1.0_cabaret_W1_D2.json,1000,10,100,1.0,1.0,1.0,0.07477729987042334,0.5394034979978959,0.23575794013975734,tv,0.99,5,10,1.0,1,2,cabaret
sim_results_Umovielens1k_pop0_a0.99_N5_C10_CPtop_Q1.0_cabaret_W2_D1.json,100,10,10,0.0,0.0,0.0,0.015889235711907833,0.16436476338805034,0.021636096961982466,tv,0.99,5,10,1.0,2,1,cabaret
sim_results_Umovielens1k_pop0_a0.99_N5_C10_CPtop_Q1.0_cabaret_W2_D1.json,200,10,20,0.03333333333333333,0.0,0.09756854924301145,0.015889235711907833,0.16436476338805034,0.021636096961982466,tv,0.99,5,10,1.0,2,1,cabaret
sim_results_Umovielens1k_pop0_a0.99_N5_C10_CPtop_Q1.0_cabaret_W2_D1.json,300,10,30,0.03333333333333333,0.0,0.09756854924301145,0.015889235711907833,0.16436476338805034,0.021636096961982466,tv,0.99,5,10,1.0,2,1,cabaret
sim_results_Umovielens1k_pop0_a0.99_N5_C10_CPtop_Q1.0_cabaret_W2_D1.json,400,10,40,0.0,0.0,0.0,0.015889235711907833,0.16436476338805034,0.021636096961982466,tv,0.99,5,10,1.0,2,1,cabaret
sim_results_Umovielens1k_pop0_a0.99_N5_C10_CPtop_Q1.0_cabaret_W2_D1.json,500,10,50,0.1,0.0,0.20735362127101256,0.015889235711907833,0.16436476338805034,0.021636096961982466,tv,0.99,5,10,1.0,2,1,cabaret
sim_results_Umovielens1k_pop0_a0.99_N5_C10_CPtop_Q1.0_cabaret_W2_D1.json,600,10,60,0.1,0.0,0.20735362127101256,0.015889235711907833,0.16436476338805034,0.021636096961982466,tv,0.99,5,10,1.0,2,1,cabaret
sim_results_Umovielens1k_pop0_a0.99_N5_C10_CPtop_Q1.0_cabaret_W2_D1.json,700,10,70,0.16666666666666666,0.03330555844847141,0.3000277748848619,0.015889235711907833,0.16436476338805034,0.021636096961982466,tv,0.99,5,10,1.0,2,1,cabaret
sim_results_Umovielens1k_pop0_a0.99_N5_C10_CPtop_Q1.0_cabaret_W2_D1.json,800,10,80,0.03333333333333333,0.0,0.09756854924301145,0.015889235711907833,0.16436476338805034,0.021636096961982466,tv,0.99,5,10,1.0,2,1,cabaret
sim_results_Umovielens1k_pop0_a0.99_N5_C10_CPtop_Q1.0_cabaret_W2_D1.json,900,10,90,0.13333333333333333,0.011689286729835005,0.25497737993683167,0.015889235711907833,0.16436476338805034,0.021636096961982466,tv,0.99,5,10,1.0,2,1,cabaret
sim_results_Umovielens1k_pop0_a0.99_N5_C10_CPtop_Q1.0_cabaret_W2_D1.json,1000,10,100,0.06666666666666667,0.0,0.15592899333902582,0.015889235711907833,0.16436476338805034,0.021636096961982466,tv,0.99,5,10,1.0,2,1,cabaret
sim_results_Umovielens1k_pop0_a0.99_N5_C10_CPtop_Q1.0_cabaret_W2_D2.json,100,10,10,0.0,0.0,0.0,0.14513206378008392,0.8352930355070435,0.5227625593653756,tv,0.99,5,10,1.0,2,2,cabaret
sim_results_Umovielens1k_pop0_a0.99_N5_C10_CPtop_Q1.0_cabaret_W2_D2.json,200,10,20,0.8666666666666667,0.7450226200631684,0.988310713270165,0.14513206378008392,0.8352930355070435,0.5227625593653756,tv,0.99,5,10,1.0,2,2,cabaret
sim_results_Umovielens1k_pop0_a0.99_N5_C10_CPtop_Q1.0_cabaret_W2_D2.json,300,10,30,1.0,1.0,1.0,0.14513206378008392,0.8352930355070435,0.5227625593653756,tv,0.99,5,10,1.0,2,2,cabaret
sim_results_Umovielens1k_pop0_a0.99_N5_C10_CPtop_Q1.0_cabaret_W2_D2.json,400,10,40,1.0,1.0,1.0,0.14513206378008392,0.8352930355070435,0.5227625593653756,tv,0.99,5,10,1.0,2,2,cabaret
sim_results_Umovielens1k_pop0_a0.99_N5_C10_CPtop_Q1.0_cabaret_W2_D2.json,500,10,50,1.0,1.0,1.0,0.14513206378008392,0.8352930355070435,0.5227625593653756,tv,0.99,5,10,1.0,2,2,cabaret
sim_results_Umovielens1k_pop0_a0.99_N5_C10_CPtop_Q1.0_cabaret_W2_D2.json,600,10,60,1.0,1.0,1.0,0.14513206378008392,0.8352930355070435,0.5227625593653756,tv,0.99,5,10,1.0,2,2,cabaret
sim_results_Umovielens1k_pop0_a0.99_N5_C10_CPtop_Q1.0_cabaret_W2_D2.json,700,10,70,1.0,1.0,1.0,0.14513206378008392,0.8352930355070435,0.5227625593653756,tv,0.99,5,10,1.0,2,2,cabaret
sim_results_Umovielens1k_pop0_a0.99_N5_C10_CPtop_Q1.0_cabaret_W2_D2.json,800,10,80,1.0,1.0,1.0,0.14513206378008392,0.8352930355070435,0.5227625593653756,tv,0.99,5,10,1.0,2,2,cabaret
sim_results_Umovielens1k_pop0_a0.99_N5_C10_CPtop_Q1.0_cabaret_W2_D2.json,900,10,90,1.0,1.0,1.0,0.14513206378008392,0.8352930355070435,0.5227625593653756,tv,0.99,5,10,1.0,2,2,cabaret
sim_results_Umovielens1k_pop0_a0.99_N5_C10_CPtop_Q1.0_cabaret_W2_D2.json,1000,10,100,1.0,1.0,1.0,0.14513206378008392,0.8352930355070435,0.5227625593653756,tv,0.99,5,10,1.0,2,2,cabaret
sim_results_Umovielens1k_pop0_a0.99_N5_C20_CPtop_Q1.0_cabaret_W1_D2.json,100,10,10,0.0,0.0,0.0,0.06492907108052881,0.6078414032940824,0.3022736245353235,tv,0.99,5,20,1.0,1,2,cabaret
sim_results_Umovielens1k_pop0_a0.99_N5_C20_CPtop_Q1.0_cabaret_W1_D2.json,200,10,20,0.06666666666666667,0.0,0.15592899333902582,0.06492907108052881,0.6078414032940824,0.3022736245353235,tv,0.99,5,20,1.0,1,2,cabaret
sim_results_Umovielens1k_pop0_a0.99_N5_C20_CPtop_Q1.0_cabaret_W1_D2.json,300,10,30,0.3333333333333333,0.1646433920318547,0.5020232746348119,0.06492907108052881,0.6078414032940824,0.3022736245353235,tv,0.99,5,20,1.0,1,2,cabaret
sim_results_Umovielens1k_pop0_a0.99_N5_C20_CPtop_Q1.0_cabaret_W1_D2.json,400,10,40,0.5,0.32107729788164574,0.6789227021183543,0.06492907108052881,0.6078414032940824,0.3022736245353235,tv,0.99,5,20,1.0,1,2,cabaret
sim_results_Umovielens1k_pop0_a0.99_N5_C20_CPtop_Q1.0_cabaret_W1_D2.json,500,10,50,0.8666666666666667,0.7450226200631684,0.988310713270165,0.06492907108052881,0.6078414032940824,0.3022736245353235,tv,0.99,5,20,1.0,1,2,cabaret
sim_results_Umovielens1k_pop0_a0.99_N5_C20_CPtop_Q1.0_cabaret_W1_D2.json,600,10,60,0.9333333333333333,0.8440710066609742,1.0,0.06492907108052881,0.6078414032940824,0.3022736245353235,tv,0.99,5,20,1.0,1,2,cabaret
sim_results_Umovielens1k_pop0_a0.99_N5_C20_CPtop_Q1.0_cabaret_W1_D2.json,700,10,70,1.0,1.0,1.0,0.06492907108052881,0.6078414032940824,0.3022736245353235,tv,0.99,5,20,1.0,1,2,cabaret
sim_results_Umovielens1k_pop0_a0.99_N5_C20_CPtop_Q1.0_cabaret_W1_D2.json,800,10,80,1.0,1.0,1.0,0.06492907108052881,0.6078414032940824,0.3022736245353235,tv,0.99,5,20,1.0,1,2,cabaret
sim_results_Umovielens1k_pop0_a0.99_N5_C20_CPtop_Q1.0_cabaret_W1_D2.json,900,10,90,1.0,1.0,1.0,0.06492907108052881,0.6078414032940824,0.3022736245353235,tv,0.99,5,20,1.0,1,2,cabaret
sim_results_Umovielens1k_pop0_a0.99_N5_C20_CPtop_Q1.0_cabaret_W1_D2.json,1000,10,100,1.0,1.0,1.0,0.06492907108052881,0.6078414032940824,0.3022736245353235,tv,0.99,5,20,1.0,1,2,cabaret
sim_results_Umovielens1k_pop0_a0.99_N5_C20_CPtop_Q1.0_cabaret_W2_D1.json,100,10,10,0.0,0.0,0.0,0.0175449631768247,0.19896404509818066,0.0415732172971963,tv,0.99,5,20,1.0,2,1,cabaret
sim_results_Umovielens1k_pop0_a0.99_N5_C20_CPtop_Q1.0_cabaret_W2_D1.json,200,10,20,0.0,0.0,0.0,0.0175449631768247,0.19896404509818066,0.0415732172971963,tv,0.99,5,20,1.0,2,1,cabaret
sim_results_Umovielens1k_pop0_a0.99_N5_C20_CPtop_Q1.0_cabaret_W2_D1.json,300,10,30,0.03333333333333333,0.0,0.09756854924301145,0.0175449631768247,0.19896404509818066,0.0415732172971963,tv,0.99,5,20,1.0,2,1,cabaret
sim_results_Umovielens1k_pop0_a0.99_N5_C20_CPtop_Q1.0_cabaret_W2_D1.json,400,10,40,0.06666666666666667,0.0,0.15592899333902582,0.0175449631768247,0.19896404509818066,0.0415732172971963,tv,0.99,5,20,1.0,2,1,cabaret
sim_results_Umovielens1k_pop0_a0.99_N5_C20_CPtop_Q1.0_cabaret_W2_D1.json,500,10,50,0.03333333333333333,0.0,0.09756854924301145,0.0175449631768247,0.19896404509818066,0.0415732172971963,tv,0.99,5,20,1.0,2,1,cabaret
sim_results_Umovielens1k_pop0_a0.99_N5_C20_CPtop_Q1.0_cabaret_W2_D1.json,600,10,60,0.0,0.0,0.0,0.0175449631768247,0.19896404509818066,0.0415732172971963,tv,0.99,5,20,1.0,2,1,cabaret
sim_results_Umovielens1k_pop0_a0.99_N5_C20_CPtop_Q1.0_cabaret_W2_D1.json,700,10,70,0.13333333333333333,0.011689286729835005,0.25497737993683167,0.0175449631768247,0.19896404509818066,0.0415732172971963,tv,0.99,5,20,1.0,2,1,cabaret
sim_results_Umovielens1k_pop0_a0.99_N5_C20_CPtop_Q1.0_cabaret_W2_D1.json,800,10,80,0.06666666666666667,0.0,0.15592899333902582,0.0175449631768247,0.19896404509818066,0.0415732172971963,tv,0.99,5,20,1.0,2,1,cabaret
sim_results_Umovielens1k_pop0_a0.99_N5_C20_CPtop_Q1.0_cabaret_W2_D1.json,900,10,90,0.06666666666666667,0.0,0.15592899333902582,0.0175449631768247,0.19896404509818066,0.0415732172971963,tv,0.99,5,20,1.0,2,1,cabaret
sim_results_Umovielens1k_pop0_a0.99_N5_C20_CPtop_Q1.0_cabaret_W2_D1.json,1000,10,100,0.13333333333333333,0.011689286729835005,0.25497737993683167,0.0175449631768247,0.19896404509818066,0.0415732172971963,tv,0.99,5,20,1.0,2,1,cabaret
sim_results_Umovielens1k_pop0_a0.99_N5_C20_CPtop_Q1.0_cabaret_W2_D2.json,100,10,10,0.03333333333333333,0.0,0.09756854924301145,0.08220874348900122,0.8097978282039294,0.5385356694350106,tv,0.99,5,20,1.0,2,2,cabaret
sim_results_Umovielens1k_pop0_a0.99_N5_C20_CPtop_Q1.0_cabaret_W2_D2.json,200,10,20,0.6333333333333333,0.46088963344948825,0.8057770332171783,0.08220874348900122,0.8097978282039294,0.5385356694350106,tv,0.99,5,20,1.0,2,2,cabaret
sim_results_Umovielens1k_pop0_a0.99_N5_C20_CPtop_Q1.0_cabaret_W2_D2.json,300,10,30,1.0,1.0,1.0,0.08220874348900122,0.8097978282039294,0.5385356694350106,tv,0.99,5,20,1.0,2,2,cabaret
sim_results_Umovielens1k_pop0_a0.99_N5_C20_CPtop_Q1.0_cabaret_W2_D2.json,400,10,40,1.0,1.0,1.0,0.08220874348900122,0.8097978282039294,0.5385356694350106,tv,0.99,5,20,1.0,2,2,cabaret
sim_results_Umovielens1k_pop0_a0.99_N5_C20_CPtop_Q1.0_cabaret_W2_D2.json,500,10,50,1.0,1.0,1.0,0.08220874348900122,0.8097978282039294,0.5385356694350106,tv,0.99,5,20,1.0,2,2,cabaret
sim_results_Umovielens1k_pop0_a0.99_N5_C20_CPtop_Q1.0_cabaret_W2_D2.json,600,10,60,1.0,1.0,1.0,0.08220874348900122,0.8097978282039294,0.5385356694350106,tv,0.99,5,20,1.0,2,2,cabaret
sim_results_Umovielens1k_pop0_a0.99_N5_C20_CPtop_Q1.0_cabaret_W2_D2.json,700,10,70,1.0,1.0,1.0,0.08220874348900122,0.8097978282039294,0.5385356694350106,tv,0.99,5,20,1.0,2,2,cabaret
sim_results_Umovielens1k_pop0_a0.99_N5_C20_CPtop_Q1.0_cabaret_W2_D2.json,800,10,80,1.0,1.0,1.0,0.08220874348900122,0.8097978282039294,0.5385356694350106,tv,0.99,5,20,1.0,2,2,cabaret
sim_results_Umovielens1k_pop0_a0.99_N5_C20_CPtop_Q1.0_cabaret_W2_D2.json,900,10,90,1.0,1.0,1.0,0.08220874348900122,0.8097978282039294,0.5385356694350106,tv,0.99,5,20,1.0,2,2,cabaret
sim_results_Umovielens1k_pop0_a0.99_N5_C20_CPtop_Q1.0_cabaret_W2_D2.json,1000,10,100,1.0,1.0,1.0,0.08220874348900122,0.8097978282039294,0.5385356694350106,tv,0.99,5,20,1.0,2,2,cabaret
sim_results_Umovielens1k_pop0_a0.99_N5_C5_CPtop_Q1.0_cabaret_W1_D2.json,100,10,10,0.0,0.0,0.0,0.03298215296031638,0.34391229460424755,0.09403927144559016,tv,0.99,5,5,1.0,1,2,cabaret
sim_results_Umovielens1k_pop0_a0.99_N5_C5_CPtop_Q1.0_cabaret_W1_D2.json,200,10,20,0.0,0.0,0.0,0.03298215296031638,0.34391229460424755,0.09403927144559016,tv,0.99,5,5,1.0,1,2,cabaret
sim_results_Umovielens1k_pop0_a0.99_N5_C5_CPtop_Q1.0_cabaret_W1_D2.json,300,10,30,0.06666666666666667,0.0,0.15592899333902582,0.03298215296031638,0.34391229460424755,0.09403927144559016,tv,0.99,5,5,1.0,1,2,cabaret
sim_results_Umovielens1k_pop0_a0.99_N5_C5_CPtop_Q1.0_cabaret_W1_D2.json,400,10,40,0.1,0.0,0.20735362127101256,0.03298215296031638,0.34391229460424755,0.09403927144559016,tv,0.99,5,5,1.0,1,2,cabaret
sim_results_Umovielens1k_pop0_a0.99_N5_C5_CPtop_Q1.0_cabaret_W1_D2.json,500,10,50,0.13333333333333333,0.011689286729835005,0.25497737993683167,0.03298215296031638,0.34391229460424755,0.09403927144559016,tv,0.99,5,5,1.0,1,2,cabaret
sim_results_Umovielens1k_pop0_a0.99_N5_C5_CPtop_Q1.0_cabaret_W1_D2.json,600,10,60,0.03333333333333333,0.0,0.09756854924301145,0.03298215296031638,0.34391229460424755,0.09403927144559016,tv,0.99,5,5,1.0,1,2,cabaret
sim_results_Umovielens1k_pop0_a0.99_N5_C5_CPtop_Q1.0_cabaret_W1_D2.json,700,10,70,0.36666666666666664,0.19422296678282158,0.5391103665505117,0.03298215296031638,0.34391229460424755,0.09403927144559016,tv,0.99,5,5,1.0,1,2,cabaret
sim_results_Umovielens1k_pop0_a0.99_N5_C5_CPtop_Q1.0_cabaret_W1_D2.json,800,10,80,0.16666666666666666,0.03330555844847141,0.3000277748848619,0.03298215296031638,0.34391229460424755,0.09403927144559016,tv,0.99,5,5,1.0,1,2,cabaret
sim_results_Umovielens1k_pop0_a0.99_N5_C5_CPtop_Q1.0_cabaret_W1_D2.json,900,10,90,0.26666666666666666,0.10842147482583778,0.4249118585074956,0.03298215296031638,0.34391229460424755,0.09403927144559016,tv,0.99,5,5,1.0,1,2,cabaret
sim_results_Umovielens1k_pop0_a0.99_N5_C5_CPtop_Q1.0_cabaret_W1_D2.json,1000,10,100,0.7,0.5360146347993211,0.8639853652006788,0.03298215296031638,0.34391229460424755,0.09403927144559016,tv,0.99,5,5,1.0,1,2,cabaret
sim_results_Umovielens1k_pop0_a0.99_N5_C5_CPtop_Q1.0_cabaret_W2_D1.json,100,10,10,0.03333333333333333,0.0,0.09756854924301145,0.012442812802578815,0.14877832090546705,0.0170321815065502,tv,0.99,5,5,1.0,2,1,cabaret
sim_results_Umovielens1k_pop0_a0.99_N5_C5_CPtop_Q1.0_cabaret_W2_D1.json,200,10,20,0.0,0.0,0.0,0.012442812802578815,0.14877832090546705,0.0170321815065502,tv,0.99,5,5,1.0,2,1,cabaret
sim_results_Umovielens1k_pop0_a0.99_N5_C5_CPtop_Q1.0_cabaret_W2_D1.json,300,10,30,0.03333333333333333,0.0,0.09756854924301145,0.012442812802578815,0.14877832090546705,0.0170321815065502,tv,0.99,5,5,1.0,2,1,cabaret
sim_results_Umovielens1k_pop0_a0.99_N5_C5_CPtop_Q1.0_cabaret_W2_D1.json,400,10,40,0.0,0.0,0.0,0.012442812802578815,0.14877832090546705,0.0170321815065502,tv,0.99,5,5,1.0,2,1,cabaret
sim_results_Umovielens1k_pop0_a0.99_N5_C5_CPtop_Q1.0_cabaret_W2_D1.json,500,10,50,0.06666666666666667,0.0,0.15592899333902582,0.012442812802578815,0.14877832090546705,0.0170321815065502,tv,0.99,5,5,1.0,2,1,cabaret
sim_results_Umovielens1k_pop0_a0.99_N5_C5_CPtop_Q1.0_cabaret_W2_D1.json,600,10,60,0.1,0.0,0.20735362127101256,0.012442812802578815,0.14877832090546705,0.0170321815065502,tv,0.99,5,5,1.0,2,1,cabaret
sim_results_Umovielens1k_pop0_a0.99_N5_C5_CPtop_Q1.0_cabaret_W2_D1.json,700,10,70,0.0,0.0,0.0,0.012442812802578815,0.14877832090546705,0.0170321815065502,tv,0.99,5,5,1.0,2,1,cabaret
sim_results_Umovielens1k_pop0_a0.99_N5_C5_CPtop_Q1.0_cabaret_W2_D1.json,800,10,80,0.16666666666666666,0.03330555844847141,0.3000277748848619,0.012442812802578815,0.14877832090546705,0.0170321815065502,tv,0.99,5,5,1.0,2,1,cabaret
sim_results_Umovielens1k_pop0_a0.99_N5_C5_CPtop_Q1.0_cabaret_W2_D1.json,900,10,90,0.0,0.0,0.0,0.012442812802578815,0.14877832090546705,0.0170321815065502,tv,0.99,5,5,1.0,2,1,cabaret
sim_results_Umovielens1k_pop0_a0.99_N5_C5_CPtop_Q1.0_cabaret_W2_D1.json,1000,10,100,0.0,0.0,0.0,0.012442812802578815,0.14877832090546705,0.0170321815065502,tv,0.99,5,5,1.0,2,1,cabaret
sim_results_Umovielens1k_pop0_a0.99_N5_C5_CPtop_Q1.0_cabaret_W2_D2.json,100,10,10,0.03333333333333333,0.0,0.09756854924301145,0.10689947757948302,0.7021173696975566,0.3285712837737364,tv,0.99,5,5,1.0,2,2,cabaret
sim_results_Umovielens1k_pop0_a0.99_N5_C5_CPtop_Q1.0_cabaret_W2_D2.json,200,10,20,0.4666666666666667,0.28814201332194833,0.645191320011385,0.10689947757948302,0.7021173696975566,0.3285712837737364,tv,0.99,5,5,1.0,2,2,cabaret
sim_results_Umovielens1k_pop0_a0.99_N5_C5_CPtop_Q1.0_cabaret_W2_D2.json,300,10,30,0.7666666666666667,0.6153150280283007,0.9180183053050327,0.10689947757948302,0.7021173696975566,0.3285712837737364,tv,0.99,5,5,1.0,2,2,cabaret
sim_results_Umovielens1k_pop0_a0.99_N5_C5_CPtop_Q1.0_cabaret_W2_D2.json,400,10,40,0.8,0.6568618383053166,0.9431381616946835,0.10689947757948302,0.7021173696975566,0.3285712837737364,tv,0.99,5,5,1.0,2,2,cabaret
sim_results_Umovielens1k_pop0_a0.99_N5_C5_CPtop_Q1.0_cabaret_W2_D2.json,500,10,50,1.0,1.0,1.0,0.10689947757948302,0.7021173696975566,0.3285712837737364,tv,0.99,5,5,1.0,2,2,cabaret
sim_results_Umovielens1k_pop0_a0.99_N5_C5_CPtop_Q1.0_cabaret_W2_D2.json,600,10,60,1.0,1.0,1.0,0.10689947757948302,0.7021173696975566,0.3285712837737364,tv,0.99,5,5,1.0,2,2,cabaret
sim_results_Umovielens1k_pop0_a0.99_N5_C5_CPtop_Q1.0_cabaret_W2_D2.json,700,10,70,1.0,1.0,1.0,0.10689947757948302,0.7021173696975566,0.3285712837737364,tv,0.99,5,5,1.0,2,2,cabaret
sim_results_Umovielens1k_pop0_a0.99_N5_C5_CPtop_Q1.0_cabaret_W2_D2.json,800,10,80,1.0,1.0,1.0,0.10689947757948302,0.7021173696975566,0.3285712837737364,tv,0.99,5,5,1.0,2,2,cabaret
sim_results_Umovielens1k_pop0_a0.99_N5_C5_CPtop_Q1.0_cabaret_W2_D2.json,900,10,90,1.0,1.0,1.0,0.10689947757948302,0.7021173696975566,0.3285712837737364,tv,0.99,5,5,1.0,2,2,cabaret
sim_results_Umovielens1k_pop0_a0.99_N5_C5_CPtop_Q1.0_cabaret_W2_D2.json,1000,10,100,1.0,1.0,1.0,0.10689947757948302,0.7021173696975566,0.3285712837737364,tv,0.99,5,5,1.0,2,2,cabaret
sim_results_Umovielens1k_pop1_a0.5_N10_C10_CPtop_Q1.0_cabaret_W1_D2.json,100,10,10,0.0,0.0,0.0,0.01742648094419627,0.06456973216793574,0.006212228989406335,tv,0.5,10,10,1.0,1,2,cabaret
sim_results_Umovielens1k_pop1_a0.5_N10_C10_CPtop_Q1.0_cabaret_W1_D2.json,200,10,20,0.0,0.0,0.0,0.01742648094419627,0.06456973216793574,0.006212228989406335,tv,0.5,10,10,1.0,1,2,cabaret
sim_results_Umovielens1k_pop1_a0.5_N10_C10_CPtop_Q1.0_cabaret_W1_D2.json,300,10,30,0.1,0.0,0.20735362127101256,0.01742648094419627,0.06456973216793574,0.006212228989406335,tv,0.5,10,10,1.0,1,2,cabaret
sim_results_Umovielens1k_pop1_a0.5_N10_C10_CPtop_Q1.0_cabaret_W1_D2.json,400,10,40,0.13333333333333333,0.011689286729835005,0.25497737993683167,0.01742648094419627,0.06456973216793574,0.006212228989406335,tv,0.5,10,10,1.0,1,2,cabaret
sim_results_Umovielens1k_pop1_a0.5_N10_C10_CPtop_Q1.0_cabaret_W1_D2.json,500,10,50,0.03333333333333333,0.0,0.09756854924301145,0.01742648094419627,0.06456973216793574,0.006212228989406335,tv,0.5,10,10,1.0,1,2,cabaret
sim_results_Umovielens1k_pop1_a0.5_N10_C10_CPtop_Q1.0_cabaret_W1_D2.json,600,10,60,0.0,0.0,0.0,0.01742648094419627,0.06456973216793574,0.006212228989406335,tv,0.5,10,10,1.0,1,2,cabaret
sim_results_Umovielens1k_pop1_a0.5_N10_C10_CPtop_Q1.0_cabaret_W1_D2.json,700,10,70,0.0,0.0,0.0,0.01742648094419627,0.06456973216793574,0.006212228989406335,tv,0.5,10,10,1.0,1,2,cabaret
sim_results_Umovielens1k_pop1_a0.5_N10_C10_CPtop_Q1.0_cabaret_W1_D2.json,800,10,80,0.1,0.0,0.20735362127101256,0.01742648094419627,0.06456973216793574,0.006212228989406335,tv,0.5,10,10,1.0,1,2,cabaret
sim_results_Umovielens1k_pop1_a0.5_N10_C10_CPtop_Q1.0_cabaret_W1_D2.json,900,10,90,0.06666666666666667,0.0,0.15592899333902582,0.01742648094419627,0.06456973216793574,0.006212228989406335,tv,0.5,10,10,1.0,1,2,cabaret
sim_results_Umovielens1k_pop1_a0.5_N10_C10_CPtop_Q1.0_cabaret_W1_D2.json,1000,10,100,0.13333333333333333,0.011689286729835005,0.25497737993683167,0.01742648094419627,0.06456973216793574,0.006212228989406335,tv,0.5,10,10,1.0,1,2,cabaret
sim_results_Umovielens1k_pop1_a0.5_N10_C10_CPtop_Q1.0_cabaret_W2_D1.json,100,10,10,0.03333333333333333,0.0,0.09756854924301145,0.015958663079062345,0.05319184913711817,0.006534915957960811,tv,0.5,10,10,1.0,2,1,cabaret
sim_results_Umovielens1k_pop1_a0.5_N10_C10_CPtop_Q1.0_cabaret_W2_D1.json,200,10,20,0.03333333333333333,0.0,0.09756854924301145,0.015958663079062345,0.05319184913711817,0.006534915957960811,tv,0.5,10,10,1.0,2,1,cabaret
sim_results_Umovielens1k_pop1_a0.5_N10_C10_CPtop_Q1.0_cabaret_W2_D1.json,300,10,30,0.03333333333333333,0.0,0.09756854924301145,0.015958663079062345,0.05319184913711817,0.006534915957960811,tv,0.5,10,10,1.0,2,1,cabaret
sim_results_Umovielens1k_pop1_a0.5_N10_C10_CPtop_Q1.0_cabaret_W2_D1.json,400,10,40,0.13333333333333333,0.011689286729835005,0.25497737993683167,0.015958663079062345,0.05319184913711817,0.006534915957960811,tv,0.5,10,10,1.0,2,1,cabaret
sim_results_Umovielens1k_pop1_a0.5_N10_C10_CPtop_Q1.0_cabaret_W2_D1.json,500,10,50,0.1,0.0,0.20735362127101256,0.015958663079062345,0.05319184913711817,0.006534915957960811,tv,0.5,10,10,1.0,2,1,cabaret
sim_results_Umovielens1k_pop1_a0.5_N10_C10_CPtop_Q1.0_cabaret_W2_D1.json,600,10,60,0.13333333333333333,0.011689286729835005,0.25497737993683167,0.015958663079062345,0.05319184913711817,0.006534915957960811,tv,0.5,10,10,1.0,2,1,cabaret
sim_results_Umovielens1k_pop1_a0.5_N10_C10_CPtop_Q1.0_cabaret_W2_D1.json,700,10,70,0.1,0.0,0.20735362127101256,0.015958663079062345,0.05319184913711817,0.006534915957960811,tv,0.5,10,10,1.0,2,1,cabaret
sim_results_Umovielens1k_pop1_a0.5_N10_C10_CPtop_Q1.0_cabaret_W2_D1.json,800,10,80,0.06666666666666667,0.0,0.15592899333902582,0.015958663079062345,0.05319184913711817,0.006534915957960811,tv,0.5,10,10,1.0,2,1,cabaret
sim_results_Umovielens1k_pop1_a0.5_N10_C10_CPtop_Q1.0_cabaret_W2_D1.json,900,10,90,0.0,0.0,0.0,0.015958663079062345,0.05319184913711817,0.006534915957960811,tv,0.5,10,10,1.0,2,1,cabaret
sim_results_Umovielens1k_pop1_a0.5_N10_C10_CPtop_Q1.0_cabaret_W2_D1.json,1000,10,100,0.1,0.0,0.20735362127101256,0.015958663079062345,0.05319184913711817,0.006534915957960811,tv,0.5,10,10,1.0,2,1,cabaret
sim_results_Umovielens1k_pop1_a0.5_N10_C10_CPtop_Q1.0_cabaret_W2_D2.json,100,10,10,0.0,0.0,0.0,0.03683023274982005,0.17720363907671074,0.029458195453554468,tv,0.5,10,10,1.0,2,2,cabaret
sim_results_Umovielens1k_pop1_a0.5_N10_C10_CPtop_Q1.0_cabaret_W2_D2.json,200,10,20,0.06666666666666667,0.0,0.15592899333902582,0.03683023274982005,0.17720363907671074,0.029458195453554468,tv,0.5,10,10,1.0,2,2,cabaret
sim_results_Umovielens1k_pop1_a0.5_N10_C10_CPtop_Q1.0_cabaret_W2_D2.json,300,10,30,0.4,0.2246922705640165,0.5753077294359835,0.03683023274982005,0.17720363907671074,0.029458195453554468,tv,0.5,10,10,1.0,2,2,cabaret
sim_results_Umovielens1k_pop1_a0.5_N10_C10_CPtop_Q1.0_cabaret_W2_D2.json,400,10,40,0.3333333333333333,0.1646433920318547,0.5020232746348119,0.03683023274982005,0.17720363907671074,0.029458195453554468,tv,0.5,10,10,1.0,2,2,cabaret
sim_results_Umovielens1k_pop1_a0.5_N10_C10_CPtop_Q1.0_cabaret_W2_D2.json,500,10,50,0.3,0.1360146347993212,0.4639853652006788,0.03683023274982005,0.17720363907671074,0.029458195453554468,tv,0.5,10,10,1.0,2,2,cabaret
sim_results_Umovielens1k_pop1_a0.5_N10_C10_CPtop_Q1.0_cabaret_W2_D2.json,600,10,60,0.43333333333333335,0.2560081873235037,0.610658479343163,0.03683023274982005,0.17720363907671074,0.029458195453554468,tv,0.5,10,10,1.0,2,2,cabaret
sim_results_Umovielens1k_pop1_a0.5_N10_C10_CPtop_Q1.0_cabaret_W2_D2.json,700,10,70,0.7333333333333333,0.5750881414925044,0.8915785251741621,0.03683023274982005,0.17720363907671074,0.029458195453554468,tv,0.5,10,10,1.0,2,2,cabaret
sim_results_Umovielens1k_pop1_a0.5_N10_C10_CPtop_Q1.0_cabaret_W2_D2.json,800,10,80,0.7333333333333333,0.5750881414925044,0.8915785251741621,0.03683023274982005,0.17720363907671074,0.029458195453554468,tv,0.5,10,10,1.0,2,2,cabaret
sim_results_Umovielens1k_pop1_a0.5_N10_C10_CPtop_Q1.0_cabaret_W2_D2.json,900,10,90,0.8666666666666667,0.7450226200631684,0.988310713270165,0.03683023274982005,0.17720363907671074,0.029458195453554468,tv,0.5,10,10,1.0,2,2,cabaret
sim_results_Umovielens1k_pop1_a0.5_N10_C10_CPtop_Q1.0_cabaret_W2_D2.json,1000,10,100,0.9,0.7926463787289875,1.0,0.03683023274982005,0.17720363907671074,0.029458195453554468,tv,0.5,10,10,1.0,2,2,cabaret
sim_results_Umovielens1k_pop1_a0.5_N10_C20_CPtop_Q1.0_cabaret_W1_D2.json,100,10,10,0.0,0.0,0.0,0.02069256391753705,0.14050140366852515,0.02111410960356999,tv,0.5,10,20,1.0,1,2,cabaret
sim_results_Umovielens1k_pop1_a0.5_N10_C20_CPtop_Q1.0_cabaret_W1_D2.json,200,10,20,0.06666666666666667,0.0,0.15592899333902582,0.02069256391753705,0.14050140366852515,0.02111410960356999,tv,0.5,10,20,1.0,1,2,cabaret
sim_results_Umovielens1k_pop1_a0.5_N10_C20_CPtop_Q1.0_cabaret_W1_D2.json,300,10,30,0.16666666666666666,0.03330555844847141,0.3000277748848619,0.02069256391753705,0.14050140366852515,0.02111410960356999,tv,0.5,10,20,1.0,1,2,cabaret
sim_results_Umovielens1k_pop1_a0.5_N10_C20_CPtop_Q1.0_cabaret_W1_D2.json,400,10,40,0.06666666666666667,0.0,0.15592899333902582,0.02069256391753705,0.14050140366852515,0.02111410960356999,tv,0.5,10,20,1.0,1,2,cabaret
sim_results_Umovielens1k_pop1_a0.5_N10_C20_CPtop_Q1.0_cabaret_W1_D2.json,500,10,50,0.23333333333333334,0.08198169469496736,0.3846849719716993,0.02069256391753705,0.14050140366852515,0.02111410960356999,tv,0.5,10,20,1.0,1,2,cabaret
sim_results_Umovielens1k_pop1_a0.5_N10_C20_CPtop_Q1.0_cabaret_W1_D2.json,600,10,60,0.2,0.056861838305316575,0.3431381616946835,0.02069256391753705,0.14050140366852515,0.02111410960356999,tv,0.5,10,20,1.0,1,2,cabaret
sim_results_Umovielens1k_pop1_a0.5_N10_C20_CPtop_Q1.0_cabaret_W1_D2.json,700,10,70,0.4666666666666667,0.28814201332194833,0.645191320011385,0.02069256391753705,0.14050140366852515,0.02111410960356999,tv,0.5,10,20,1.0,1,2,cabaret
sim_results_Umovielens1k_pop1_a0.5_N10_C20_CPtop_Q1.0_cabaret_W1_D2.json,800,10,80,0.5666666666666667,0.389341520656837,0.7439918126764963,0.02069256391753705,0.14050140366852515,0.02111410960356999,tv,0.5,10,20,1.0,1,2,cabaret
sim_results_Umovielens1k_pop1_a0.5_N10_C20_CPtop_Q1.0_cabaret_W1_D2.json,900,10,90,0.23333333333333334,0.08198169469496736,0.3846849719716993,0.02069256391753705,0.14050140366852515,0.02111410960356999,tv,0.5,10,20,1.0,1,2,cabaret
sim_results_Umovielens1k_pop1_a0.5_N10_C20_CPtop_Q1.0_cabaret_W1_D2.json,1000,10,100,0.7,0.5360146347993211,0.8639853652006788,0.02069256391753705,0.14050140366852515,0.02111410960356999,tv,0.5,10,20,1.0,1,2,cabaret
sim_results_Umovielens1k_pop1_a0.5_N10_C20_CPtop_Q1.0_cabaret_W2_D1.json,100,10,10,0.0,0.0,0.0,0.01626878950362747,0.10632282969914833,0.01621647095330654,tv,0.5,10,20,1.0,2,1,cabaret
sim_results_Umovielens1k_pop1_a0.5_N10_C20_CPtop_Q1.0_cabaret_W2_D1.json,200,10,20,0.03333333333333333,0.0,0.09756854924301145,0.01626878950362747,0.10632282969914833,0.01621647095330654,tv,0.5,10,20,1.0,2,1,cabaret
sim_results_Umovielens1k_pop1_a0.5_N10_C20_CPtop_Q1.0_cabaret_W2_D1.json,300,10,30,0.13333333333333333,0.011689286729835005,0.25497737993683167,0.01626878950362747,0.10632282969914833,0.01621647095330654,tv,0.5,10,20,1.0,2,1,cabaret
sim_results_Umovielens1k_pop1_a0.5_N10_C20_CPtop_Q1.0_cabaret_W2_D1.json,400,10,40,0.06666666666666667,0.0,0.15592899333902582,0.01626878950362747,0.10632282969914833,0.01621647095330654,tv,0.5,10,20,1.0,2,1,cabaret
sim_results_Umovielens1k_pop1_a0.5_N10_C20_CPtop_Q1.0_cabaret_W2_D1.json,500,10,50,0.16666666666666666,0.03330555844847141,0.3000277748848619,0.01626878950362747,0.10632282969914833,0.01621647095330654,tv,0.5,10,20,1.0,2,1,cabaret
sim_results_Umovielens1k_pop1_a0.5_N10_C20_CPtop_Q1.0_cabaret_W2_D1.json,600,10,60,0.26666666666666666,0.10842147482583778,0.4249118585074956,0.01626878950362747,0.10632282969914833,0.01621647095330654,tv,0.5,10,20,1.0,2,1,cabaret
sim_results_Umovielens1k_pop1_a0.5_N10_C20_CPtop_Q1.0_cabaret_W2_D1.json,700,10,70,0.23333333333333334,0.08198169469496736,0.3846849719716993,0.01626878950362747,0.10632282969914833,0.01621647095330654,tv,0.5,10,20,1.0,2,1,cabaret
sim_results_Umovielens1k_pop1_a0.5_N10_C20_CPtop_Q1.0_cabaret_W2_D1.json,800,10,80,0.4666666666666667,0.28814201332194833,0.645191320011385,0.01626878950362747,0.10632282969914833,0.01621647095330654,tv,0.5,10,20,1.0,2,1,cabaret
sim_results_Umovielens1k_pop1_a0.5_N10_C20_CPtop_Q1.0_cabaret_W2_D1.json,900,10,90,0.16666666666666666,0.03330555844847141,0.3000277748848619,0.01626878950362747,0.10632282969914833,0.01621647095330654,tv,0.5,10,20,1.0,2,1,cabaret
sim_results_Umovielens1k_pop1_a0.5_N10_C20_CPtop_Q1.0_cabaret_W2_D1.json,1000,10,100,0.2,0.056861838305316575,0.3431381616946835,0.01626878950362747,0.10632282969914833,0.01621647095330654,tv,0.5,10,20,1.0,2,1,cabaret
sim_results_Umovielens1k_pop1_a0.5_N10_C20_CPtop_Q1.0_cabaret_W2_D2.json,100,10,10,0.03333333333333333,0.0,0.09756854924301145,0.039811821506121746,0.370947223946501,0.1213912154550805,tv,0.5,10,20,1.0,2,2,cabaret
sim_results_Umovielens1k_pop1_a0.5_N10_C20_CPtop_Q1.0_cabaret_W2_D2.json,200,10,20,0.5666666666666667,0.389341520656837,0.7439918126764963,0.039811821506121746,0.370947223946501,0.1213912154550805,tv,0.5,10,20,1.0,2,2,cabaret
sim_results_Umovielens1k_pop1_a0.5_N10_C20_CPtop_Q1.0_cabaret_W2_D2.json,300,10,30,1.0,1.0,1.0,0.039811821506121746,0.370947223946501,0.1213912154550805,tv,0.5,10,20,1.0,2,2,cabaret
sim_results_Umovielens1k_pop1_a0.5_N10_C20_CPtop_Q1.0_cabaret_W2_D2.json,400,10,40,1.0,1.0,1.0,0.039811821506121746,0.370947223946501,0.1213912154550805,tv,0.5,10,20,1.0,2,2,cabaret
sim_results_Umovielens1k_pop1_a0.5_N10_C20_CPtop_Q1.0_cabaret_W2_D2.json,500,10,50,1.0,1.0,1.0,0.039811821506121746,0.370947223946501,0.1213912154550805,tv,0.5,10,20,1.0,2,2,cabaret
sim_results_Umovielens1k_pop1_a0.5_N10_C20_CPtop_Q1.0_cabaret_W2_D2.json,600,10,60,1.0,1.0,1.0,0.039811821506121746,0.370947223946501,0.1213912154550805,tv,0.5,10,20,1.0,2,2,cabaret
sim_results_Umovielens1k_pop1_a0.5_N10_C20_CPtop_Q1.0_cabaret_W2_D2.json,700,10,70,1.0,1.0,1.0,0.039811821506121746,0.370947223946501,0.1213912154550805,tv,0.5,10,20,1.0,2,2,cabaret
sim_results_Umovielens1k_pop1_a0.5_N10_C20_CPtop_Q1.0_cabaret_W2_D2.json,800,10,80,1.0,1.0,1.0,0.039811821506121746,0.370947223946501,0.1213912154550805,tv,0.5,10,20,1.0,2,2,cabaret
sim_results_Umovielens1k_pop1_a0.5_N10_C20_CPtop_Q1.0_cabaret_W2_D2.json,900,10,90,1.0,1.0,1.0,0.039811821506121746,0.370947223946501,0.1213912154550805,tv,0.5,10,20,1.0,2,2,cabaret
sim_results_Umovielens1k_pop1_a0.5_N10_C20_CPtop_Q1.0_cabaret_W2_D2.json,1000,10,100,1.0,1.0,1.0,0.039811821506121746,0.370947223946501,0.1213912154550805,tv,0.5,10,20,1.0,2,2,cabaret
sim_results_Umovielens1k_pop1_a0.5_N10_C5_CPtop_Q1.0_cabaret_W1_D2.json,100,10,10,0.0,0.0,0.0,0.002336345829892672,0.009275413394348585,0.0002479344615755895,tv,0.5,10,5,1.0,1,2,cabaret
sim_results_Umovielens1k_pop1_a0.5_N10_C5_CPtop_Q1.0_cabaret_W1_D2.json,200,10,20,0.1,0.0,0.20735362127101256,0.002336345829892672,0.009275413394348585,0.0002479344615755895,tv,0.5,10,5,1.0,1,2,cabaret
sim_results_Umovielens1k_pop1_a0.5_N10_C5_CPtop_Q1.0_cabaret_W1_D2.json,300,10,30,0.03333333333333333,0.0,0.09756854924301145,0.002336345829892672,0.009275413394348585,0.0002479344615755895,tv,0.5,10,5,1.0,1,2,cabaret
sim_results_Umovielens1k_pop1_a0.5_N10_C5_CPtop_Q1.0_cabaret_W1_D2.json,400,10,40,0.0,0.0,0.0,0.002336345829892672,0.009275413394348585,0.0002479344615755895,tv,0.5,10,5,1.0,1,2,cabaret
sim_results_Umovielens1k_pop1_a0.5_N10_C5_CPtop_Q1.0_cabaret_W1_D2.json,500,10,50,0.1,0.0,0.20735362127101256,0.002336345829892672,0.009275413394348585,0.0002479344615755895,tv,0.5,10,5,1.0,1,2,cabaret
sim_results_Umovielens1k_pop1_a0.5_N10_C5_CPtop_Q1.0_cabaret_W1_D2.json,600,10,60,0.06666666666666667,0.0,0.15592899333902582,0.002336345829892672,0.009275413394348585,0.0002479344615755895,tv,0.5,10,5,1.0,1,2,cabaret
sim_results_Umovielens1k_pop1_a0.5_N10_C5_CPtop_Q1.0_cabaret_W1_D2.json,700,10,70,0.06666666666666667,0.0,0.15592899333902582,0.002336345829892672,0.009275413394348585,0.0002479344615755895,tv,0.5,10,5,1.0,1,2,cabaret
sim_results_Umovielens1k_pop1_a0.5_N10_C5_CPtop_Q1.0_cabaret_W1_D2.json,800,10,80,0.0,0.0,0.0,0.002336345829892672,0.009275413394348585,0.0002479344615755895,tv,0.5,10,5,1.0,1,2,cabaret
sim_results_Umovielens1k_pop1_a0.5_N10_C5_CPtop_Q1.0_cabaret_W1_D2.json,900,10,90,0.03333333333333333,0.0,0.09756854924301145,0.002336345829892672,0.009275413394348585,0.0002479344615755895,tv,0.5,10,5,1.0,1,2,cabaret
sim_results_Umovielens1k_pop1_a0.5_N10_C5_CPtop_Q1.0_cabaret_W1_D2.json,1000,10,100,0.0,0.0,0.0,0.002336345829892672,0.009275413394348585,0.0002479344615755895,tv,0.5,10,5,1.0,1,2,cabaret
sim_results_Umovielens1k_pop1_a0.5_N10_C5_CPtop_Q1.0_cabaret_W2_D1.json,100,10,10,0.0,0.0,0.0,0.000747941422293591,0.0026552856035101536,5.212656334887193e-05,tv,0.5,10,5,1.0,2,1,cabaret
sim_results_Umovielens1k_pop1_a0.5_N10_C5_CPtop_Q1.0_cabaret_W2_D1.json,200,10,20,0.06666666666666667,0.0,0.15592899333902582,0.000747941422293591,0.0026552856035101536,5.212656334887193e-05,tv,0.5,10,5,1.0,2,1,cabaret
sim_results_Umovielens1k_pop1_a0.5_N10_C5_CPtop_Q1.0_cabaret_W2_D1.json,300,10,30,0.03333333333333333,0.0,0.09756854924301145,0.000747941422293591,0.0026552856035101536,5.212656334887193e-05,tv,0.5,10,5,1.0,2,1,cabaret
sim_results_Umovielens1k_pop1_a0.5_N10_C5_CPtop_Q1.0_cabaret_W2_D1.json,400,10,40,0.0,0.0,0.0,0.000747941422293591,0.0026552856035101536,5.212656334887193e-05,tv,0.5,10,5,1.0,2,1,cabaret
sim_results_Umovielens1k_pop1_a0.5_N10_C5_CPtop_Q1.0_cabaret_W2_D1.json,500,10,50,0.06666666666666667,0.0,0.15592899333902582,0.000747941422293591,0.0026552856035101536,5.212656334887193e-05,tv,0.5,10,5,1.0,2,1,cabaret
sim_results_Umovielens1k_pop1_a0.5_N10_C5_CPtop_Q1.0_cabaret_W2_D1.json,600,10,60,0.06666666666666667,0.0,0.15592899333902582,0.000747941422293591,0.0026552856035101536,5.212656334887193e-05,tv,0.5,10,5,1.0,2,1,cabaret
sim_results_Umovielens1k_pop1_a0.5_N10_C5_CPtop_Q1.0_cabaret_W2_D1.json,700,10,70,0.0,0.0,0.0,0.000747941422293591,0.0026552856035101536,5.212656334887193e-05,tv,0.5,10,5,1.0,2,1,cabaret
sim_results_Umovielens1k_pop1_a0.5_N10_C5_CPtop_Q1.0_cabaret_W2_D1.json,800,10,80,0.03333333333333333,0.0,0.09756854924301145,0.000747941422293591,0.0026552856035101536,5.212656334887193e-05,tv,0.5,10,5,1.0,2,1,cabaret
sim_results_Umovielens1k_pop1_a0.5_N10_C5_CPtop_Q1.0_cabaret_W2_D1.json,900,10,90,0.03333333333333333,0.0,0.09756854924301145,0.000747941422293591,0.0026552856035101536,5.212656334887193e-05,tv,0.5,10,5,1.0,2,1,cabaret
sim_results_Umovielens1k_pop1_a0.5_N10_C5_CPtop_Q1.0_cabaret_W2_D1.json,1000,10,100,0.03333333333333333,0.0,0.09756854924301145,0.000747941422293591,0.0026552856035101536,5.212656334887193e-05,tv,0.5,10,5,1.0,2,1,cabaret
sim_results_Umovielens1k_pop1_a0.5_N10_C5_CPtop_Q1.0_cabaret_W2_D2.json,100,10,10,0.0,0.0,0.0,0.02048320204243427,0.04623534224089623,0.00259046151673764,tv,0.5,10,5,1.0,2,2,cabaret
sim_results_Umovielens1k_pop1_a0.5_N10_C5_CPtop_Q1.0_cabaret_W2_D2.json,200,10,20,0.0,0.0,0.0,0.02048320204243427,0.04623534224089623,0.00259046151673764,tv,0.5,10,5,1.0,2,2,cabaret
sim_results_Umovielens1k_pop1_a0.5_N10_C5_CPtop_Q1.0_cabaret_W2_D2.json,300,10,30,0.06666666666666667,0.0,0.15592899333902582,0.02048320204243427,0.04623534224089623,0.00259046151673764,tv,0.5,10,5,1.0,2,2,cabaret
sim_results_Umovielens1k_pop1_a0.5_N10_C5_CPtop_Q1.0_cabaret_W2_D2.json,400,10,40,0.0,0.0,0.0,0.02048320204243427,0.04623534224089623,0.00259046151673764,tv,0.5,10,5,1.0,2,2,cabaret
sim_results_Umovielens1k_pop1_a0.5_N10_C5_CPtop_Q1.0_cabaret_W2_D2.json,500,10,50,0.1,0.0,0.20735362127101256,0.02048320204243427,0.04623534224089623,0.00259046151673764,tv,0.5,10,5,1.0,2,2,cabaret
sim_results_Umovielens1k_pop1_a0.5_N10_C5_CPtop_Q1.0_cabaret_W2_D2.json,600,10,60,0.13333333333333333,0.011689286729835005,0.25497737993683167,0.02048320204243427,0.04623534224089623,0.00259046151673764,tv,0.5,10,5,1.0,2,2,cabaret
sim_results_Umovielens1k_pop1_a0.5_N10_C5_CPtop_Q1.0_cabaret_W2_D2.json,700,10,70,0.03333333333333333,0.0,0.09756854924301145,0.02048320204243427,0.04623534224089623,0.00259046151673764,tv,0.5,10,5,1.0,2,2,cabaret
sim_results_Umovielens1k_pop1_a0.5_N10_C5_CPtop_Q1.0_cabaret_W2_D2.json,800,10,80,0.06666666666666667,0.0,0.15592899333902582,0.02048320204243427,0.04623534224089623,0.00259046151673764,tv,0.5,10,5,1.0,2,2,cabaret
sim_results_Umovielens1k_pop1_a0.5_N10_C5_CPtop_Q1.0_cabaret_W2_D2.json,900,10,90,0.03333333333333333,0.0,0.09756854924301145,0.02048320204243427,0.04623534224089623,0.00259046151673764,tv,0.5,10,5,1.0,2,2,cabaret
sim_results_Umovielens1k_pop1_a0.5_N10_C5_CPtop_Q1.0_cabaret_W2_D2.json,1000,10,100,0.03333333333333333,0.0,0.09756854924301145,0.02048320204243427,0.04623534224089623,0.00259046151673764,tv,0.5,10,5,1.0,2,2,cabaret
sim_results_Umovielens1k_pop1_a0.5_N2_C10_CPtop_Q1.0_cabaret_W1_D2.json,100,10,10,0.03333333333333333,0.0,0.09756854924301145,0.00560800406000608,0.030891440123635434,0.004413171480523268,tv,0.5,2,10,1.0,1,2,cabaret
sim_results_Umovielens1k_pop1_a0.5_N2_C10_CPtop_Q1.0_cabaret_W1_D2.json,200,10,20,0.0,0.0,0.0,0.00560800406000608,0.030891440123635434,0.004413171480523268,tv,0.5,2,10,1.0,1,2,cabaret
sim_results_Umovielens1k_pop1_a0.5_N2_C10_CPtop_Q1.0_cabaret_W1_D2.json,300,10,30,0.03333333333333333,0.0,0.09756854924301145,0.00560800406000608,0.030891440123635434,0.004413171480523268,tv,0.5,2,10,1.0,1,2,cabaret
sim_results_Umovielens1k_pop1_a0.5_N2_C10_CPtop_Q1.0_cabaret_W1_D2.json,400,10,40,0.0,0.0,0.0,0.00560800406000608,0.030891440123635434,0.004413171480523268,tv,0.5,2,10,1.0,1,2,cabaret
sim_results_Umovielens1k_pop1_a0.5_N2_C10_CPtop_Q1.0_cabaret_W1_D2.json,500,10,50,0.0,0.0,0.0,0.00560800406000608,0.030891440123635434,0.004413171480523268,tv,0.5,2,10,1.0,1,2,cabaret
sim_results_Umovielens1k_pop1_a0.5_N2_C10_CPtop_Q1.0_cabaret_W1_D2.json,600,10,60,0.06666666666666667,0.0,0.15592899333902582,0.00560800406000608,0.030891440123635434,0.004413171480523268,tv,0.5,2,10,1.0,1,2,cabaret
sim_results_Umovielens1k_pop1_a0.5_N2_C10_CPtop_Q1.0_cabaret_W1_D2.json,700,10,70,0.1,0.0,0.20735362127101256,0.00560800406000608,0.030891440123635434,0.004413171480523268,tv,0.5,2,10,1.0,1,2,cabaret
sim_results_Umovielens1k_pop1_a0.5_N2_C10_CPtop_Q1.0_cabaret_W1_D2.json,800,10,80,0.03333333333333333,0.0,0.09756854924301145,0.00560800406000608,0.030891440123635434,0.004413171480523268,tv,0.5,2,10,1.0,1,2,cabaret
sim_results_Umovielens1k_pop1_a0.5_N2_C10_CPtop_Q1.0_cabaret_W1_D2.json,900,10,90,0.06666666666666667,0.0,0.15592899333902582,0.00560800406000608,0.030891440123635434,0.004413171480523268,tv,0.5,2,10,1.0,1,2,cabaret
sim_results_Umovielens1k_pop1_a0.5_N2_C10_CPtop_Q1.0_cabaret_W1_D2.json,1000,10,100,0.1,0.0,0.20735362127101256,0.00560800406000608,0.030891440123635434,0.004413171480523268,tv,0.5,2,10,1.0,1,2,cabaret
sim_results_Umovielens1k_pop1_a0.5_N2_C10_CPtop_Q1.0_cabaret_W2_D1.json,100,10,10,0.03333333333333333,0.0,0.09756854924301145,0.0028478832031556857,0.012841421862284548,0.0015834841474743771,tv,0.5,2,10,1.0,2,1,cabaret
sim_results_Umovielens1k_pop1_a0.5_N2_C10_CPtop_Q1.0_cabaret_W2_D1.json,200,10,20,0.03333333333333333,0.0,0.09756854924301145,0.0028478832031556857,0.012841421862284548,0.0015834841474743771,tv,0.5,2,10,1.0,2,1,cabaret
sim_results_Umovielens1k_pop1_a0.5_N2_C10_CPtop_Q1.0_cabaret_W2_D1.json,300,10,30,0.03333333333333333,0.0,0.09756854924301145,0.0028478832031556857,0.012841421862284548,0.0015834841474743771,tv,0.5,2,10,1.0,2,1,cabaret
sim_results_Umovielens1k_pop1_a0.5_N2_C10_CPtop_Q1.0_cabaret_W2_D1.json,400,10,40,0.13333333333333333,0.011689286729835005,0.25497737993683167,0.0028478832031556857,0.012841421862284548,0.0015834841474743771,tv,0.5,2,10,1.0,2,1,cabaret
sim_results_Umovielens1k_pop1_a0.5_N2_C10_CPtop_Q1.0_cabaret_W2_D1.json,500,10,50,0.0,0.0,0.0,0.0028478832031556857,0.012841421862284548,0.0015834841474743771,tv,0.5,2,10,1.0,2,1,cabaret
sim_results_Umovielens1k_pop1_a0.5_N2_C10_CPtop_Q1.0_cabaret_W2_D1.json,600,10,60,0.06666666666666667,0.0,0.15592899333902582,0.0028478832031556857,0.012841421862284548,0.0015834841474743771,tv,0.5,2,10,1.0,2,1,cabaret
sim_results_Umovielens1k_pop1_a0.5_N2_C10_CPtop_Q1.0_cabaret_W2_D1.json,700,10,70,0.03333333333333333,0.0,0.09756854924301145,0.0028478832031556857,0.012841421862284548,0.0015834841474743771,tv,0.5,2,10,1.0,2,1,cabaret
sim_results_Umovielens1k_pop1_a0.5_N2_C10_CPtop_Q1.0_cabaret_W2_D1.json,800,10,80,0.06666666666666667,0.0,0.15592899333902582,0.0028478832031556857,0.012841421862284548,0.0015834841474743771,tv,0.5,2,10,1.0,2,1,cabaret
sim_results_Umovielens1k_pop1_a0.5_N2_C10_CPtop_Q1.0_cabaret_W2_D1.json,900,10,90,0.06666666666666667,0.0,0.15592899333902582,0.0028478832031556857,0.012841421862284548,0.0015834841474743771,tv,0.5,2,10,1.0,2,1,cabaret
sim_results_Umovielens1k_pop1_a0.5_N2_C10_CPtop_Q1.0_cabaret_W2_D1.json,1000,10,100,0.06666666666666667,0.0,0.15592899333902582,0.0028478832031556857,0.012841421862284548,0.0015834841474743771,tv,0.5,2,10,1.0,2,1,cabaret
sim_results_Umovielens1k_pop1_a0.5_N2_C10_CPtop_Q1.0_cabaret_W2_D2.json,100,10,10,0.03333333333333333,0.0,0.09756854924301145,0.010749433435167804,0.06714208972914676,0.017851583715413424,tv,0.5,2,10,1.0,2,2,cabaret
sim_results_Umovielens1k_pop1_a0.5_N2_C10_CPtop_Q1.0_cabaret_W2_D2.json,200,10,20,0.0,0.0,0.0,0.010749433435167804,0.06714208972914676,0.017851583715413424,tv,0.5,2,10,1.0,2,2,cabaret
sim_results_Umovielens1k_pop1_a0.5_N2_C10_CPtop_Q1.0_cabaret_W2_D2.json,300,10,30,0.06666666666666667,0.0,0.15592899333902582,0.010749433435167804,0.06714208972914676,0.017851583715413424,tv,0.5,2,10,1.0,2,2,cabaret
sim_results_Umovielens1k_pop1_a0.5_N2_C10_CPtop_Q1.0_cabaret_W2_D2.json,400,10,40,0.23333333333333334,0.08198169469496736,0.3846849719716993,0.010749433435167804,0.06714208972914676,0.017851583715413424,tv,0.5,2,10,1.0,2,2,cabaret
sim_results_Umovielens1k_pop1_a0.5_N2_C10_CPtop_Q1.0_cabaret_W2_D2.json,500,10,50,0.03333333333333333,0.0,0.09756854924301145,0.010749433435167804,0.06714208972914676,0.017851583715413424,tv,0.5,2,10,1.0,2,2,cabaret
sim_results_Umovielens1k_pop1_a0.5_N2_C10_CPtop_Q1.0_cabaret_W2_D2.json,600,10,60,0.03333333333333333,0.0,0.09756854924301145,0.010749433435167804,0.06714208972914676,0.017851583715413424,tv,0.5,2,10,1.0,2,2,cabaret
sim_results_Umovielens1k_pop1_a0.5_N2_C10_CPtop_Q1.0_cabaret_W2_D2.json,700,10,70,0.3,0.1360146347993212,0.4639853652006788,0.010749433435167804,0.06714208972914676,0.017851583715413424,tv,0.5,2,10,1.0,2,2,cabaret
sim_results_Umovielens1k_pop1_a0.5_N2_C10_CPtop_Q1.0_cabaret_W2_D2.json,800,10,80,0.26666666666666666,0.10842147482583778,0.4249118585074956,0.010749433435167804,0.06714208972914676,0.017851583715413424,tv,0.5,2,10,1.0,2,2,cabaret
sim_results_Umovielens1k_pop1_a0.5_N2_C10_CPtop_Q1.0_cabaret_W2_D2.json,900,10,90,0.36666666666666664,0.19422296678282158,0.5391103665505117,0.010749433435167804,0.06714208972914676,0.017851583715413424,tv,0.5,2,10,1.0,2,2,cabaret
sim_results_Umovielens1k_pop1_a0.5_N2_C10_CPtop_Q1.0_cabaret_W2_D2.json,1000,10,100,0.26666666666666666,0.10842147482583778,0.4249118585074956,0.010749433435167804,0.06714208972914676,0.017851583715413424,tv,0.5,2,10,1.0,2,2,cabaret
sim_results_Umovielens1k_pop1_a0.5_N2_C20_CPtop_Q1.0_cabaret_W1_D2.json,100,10,10,0.03333333333333333,0.0,0.09756854924301145,0.009113580277107174,0.0704110475592302,0.014630681632120614,tv,0.5,2,20,1.0,1,2,cabaret
sim_results_Umovielens1k_pop1_a0.5_N2_C20_CPtop_Q1.0_cabaret_W1_D2.json,200,10,20,0.06666666666666667,0.0,0.15592899333902582,0.009113580277107174,0.0704110475592302,0.014630681632120614,tv,0.5,2,20,1.0,1,2,cabaret
sim_results_Umovielens1k_pop1_a0.5_N2_C20_CPtop_Q1.0_cabaret_W1_D2.json,300,10,30,0.0,0.0,0.0,0.009113580277107174,0.0704110475592302,0.014630681632120614,tv,0.5,2,20,1.0,1,2,cabaret
sim_results_Umovielens1k_pop1_a0.5_N2_C20_CPtop_Q1.0_cabaret_W1_D2.json,400,10,40,0.03333333333333333,0.0,0.09756854924301145,0.009113580277107174,0.0704110475592302,0.014630681632120614,tv,0.5,2,20,1.0,1,2,cabaret
sim_results_Umovielens1k_pop1_a0.5_N2_C20_CPtop_Q1.0_cabaret_W1_D2.json,500,10,50,0.0,0.0,0.0,0.009113580277107174,0.0704110475592302,0.014630681632120614,tv,0.5,2,20,1.0,1,2,cabaret
sim_results_Umovielens1k_pop1_a0.5_N2_C20_CPtop_Q1.0_cabaret_W1_D2.json,600,10,60,0.16666666666666666,0.03330555844847141,0.3000277748848619,0.009113580277107174,0.0704110475592302,0.014630681632120614,tv,0.5,2,20,1.0,1,2,cabaret
sim_results_Umovielens1k_pop1_a0.5_N2_C20_CPtop_Q1.0_cabaret_W1_D2.json,700,10,70,0.2,0.056861838305316575,0.3431381616946835,0.009113580277107174,0.0704110475592302,0.014630681632120614,tv,0.5,2,20,1.0,1,2,cabaret
sim_results_Umovielens1k_pop1_a0.5_N2_C20_CPtop_Q1.0_cabaret_W1_D2.json,800,10,80,0.23333333333333334,0.08198169469496736,0.3846849719716993,0.009113580277107174,0.0704110475592302,0.014630681632120614,tv,0.5,2,20,1.0,1,2,cabaret
sim_results_Umovielens1k_pop1_a0.5_N2_C20_CPtop_Q1.0_cabaret_W1_D2.json,900,10,90,0.36666666666666664,0.19422296678282158,0.5391103665505117,0.009113580277107174,0.0704110475592302,0.014630681632120614,tv,0.5,2,20,1.0,1,2,cabaret
sim_results_Umovielens1k_pop1_a0.5_N2_C20_CPtop_Q1.0_cabaret_W1_D2.json,1000,10,100,0.23333333333333334,0.08198169469496736,0.3846849719716993,0.009113580277107174,0.0704110475592302,0.014630681632120614,tv,0.5,2,20,1.0,1,2,cabaret
sim_results_Umovielens1k_pop1_a0.5_N2_C20_CPtop_Q1.0_cabaret_W2_D1.json,100,10,10,0.03333333333333333,0.0,0.09756854924301145,0.007085148477890133,0.04939138519923925,0.006160739897707422,tv,0.5,2,20,1.0,2,1,cabaret
sim_results_Umovielens1k_pop1_a0.5_N2_C20_CPtop_Q1.0_cabaret_W2_D1.json,200,10,20,0.0,0.0,0.0,0.007085148477890133,0.04939138519923925,0.006160739897707422,tv,0.5,2,20,1.0,2,1,cabaret
sim_results_Umovielens1k_pop1_a0.5_N2_C20_CPtop_Q1.0_cabaret_W2_D1.json,300,10,30,0.03333333333333333,0.0,0.09756854924301145,0.007085148477890133,0.04939138519923925,0.006160739897707422,tv,0.5,2,20,1.0,2,1,cabaret
sim_results_Umovielens1k_pop1_a0.5_N2_C20_CPtop_Q1.0_cabaret_W2_D1.json,400,10,40,0.03333333333333333,0.0,0.09756854924301145,0.007085148477890133,0.04939138519923925,0.006160739897707422,tv,0.5,2,20,1.0,2,1,cabaret
sim_results_Umovielens1k_pop1_a0.5_N2_C20_CPtop_Q1.0_cabaret_W2_D1.json,500,10,50,0.03333333333333333,0.0,0.09756854924301145,0.007085148477890133,0.04939138519923925,0.006160739897707422,tv,0.5,2,20,1.0,2,1,cabaret
sim_results_Umovielens1k_pop1_a0.5_N2_C20_CPtop_Q1.0_cabaret_W2_D1.json,600,10,60,0.13333333333333333,0.011689286729835005,0.25497737993683167,0.007085148477890133,0.04939138519923925,0.006160739897707422,tv,0.5,2,20,1.0,2,1,cabaret
sim_results_Umovielens1k_pop1_a0.5_N2_C20_CPtop_Q1.0_cabaret_W2_D1.json,700,10,70,0.0,0.0,0.0,0.007085148477890133,0.04939138519923925,0.006160739897707422,tv,0.5,2,20,1.0,2,1,cabaret
sim_results_Umovielens1k_pop1_a0.5_N2_C20_CPtop_Q1.0_cabaret_W2_D1.json,800,10,80,0.06666666666666667,0.0,0.15592899333902582,0.007085148477890133,0.04939138519923925,0.006160739897707422,tv,0.5,2,20,1.0,2,1,cabaret
sim_results_Umovielens1k_pop1_a0.5_N2_C20_CPtop_Q1.0_cabaret_W2_D1.json,900,10,90,0.13333333333333333,0.011689286729835005,0.25497737993683167,0.007085148477890133,0.04939138519923925,0.006160739897707422,tv,0.5,2,20,1.0,2,1,cabaret
sim_results_Umovielens1k_pop1_a0.5_N2_C20_CPtop_Q1.0_cabaret_W2_D1.json,1000,10,100,0.13333333333333333,0.011689286729835005,0.25497737993683167,0.007085148477890133,0.04939138519923925,0.006160739897707422,tv,0.5,2,20,1.0,2,1,cabaret
sim_results_Umovielens1k_pop1_a0.5_N2_C20_CPtop_Q1.0_cabaret_W2_D2.json,100,10,10,0.0,0.0,0.0,0.036475620628237004,0.1699744000798964,0.053736270942163086,tv,0.5,2,20,1.0,2,2,cabaret
sim_results_Umovielens1k_pop1_a0.5_N2_C20_CPtop_Q1.0_cabaret_W2_D2.json,200,10,20,0.16666666666666666,0.03330555844847141,0.3000277748848619,0.036475620628237004,0.1699744000798964,0.053736270942163086,tv,0.5,2,20,1.0,2,2,cabaret
sim_results_Umovielens1k_pop1_a0.5_N2_C20_CPtop_Q1.0_cabaret_W2_D2.json,300,10,30,0.5333333333333333,0.354808679988615,0.7118579866780517,0.036475620628237004,0.1699744000798964,0.053736270942163086,tv,0.5,2,20,1.0,2,2,cabaret
sim_results_Umovielens1k_pop1_a0.5_N2_C20_CPtop_Q1.0_cabaret_W2_D2.json,400,10,40,0.6,0.4246922705640165,0.7753077294359835,0.036475620628237004,0.1699744000798964,0.053736270942163086,tv,0.5,2,20,1.0,2,2,cabaret
sim_results_Umovielens1k_pop1_a0.5_N2_C20_CPtop_Q1.0_cabaret_W2_D2.json,500,10,50,0.8333333333333334,0.6999722251151381,0.9666944415515286,0.036475620628237004,0.1699744000798964,0.053736270942163086,tv,0.5,2,20,1.0,2,2,cabaret
sim_results_Umovielens1k_pop1_a0.5_N2_C20_CPtop_Q1.0_cabaret_W2_D2.json,600,10,60,0.9666666666666667,0.9024314507569886,1.0,0.036475620628237004,0.1699744000798964,0.053736270942163086,tv,0.5,2,20,1.0,2,2,cabaret
sim_results_Umovielens1k_pop1_a0.5_N2_C20_CPtop_Q1.0_cabaret_W2_D2.json,700,10,70,0.9333333333333333,0.8440710066609742,1.0,0.036475620628237004,0.1699744000798964,0.053736270942163086,tv,0.5,2,20,1.0,2,2,cabaret
sim_results_Umovielens1k_pop1_a0.5_N2_C20_CPtop_Q1.0_cabaret_W2_D2.json,800,10,80,0.9333333333333333,0.8440710066609742,1.0,0.036475620628237004,0.1699744000798964,0.053736270942163086,tv,0.5,2,20,1.0,2,2,cabaret
sim_results_Umovielens1k_pop1_a0.5_N2_C20_CPtop_Q1.0_cabaret_W2_D2.json,900,10,90,1.0,1.0,1.0,0.036475620628237004,0.1699744000798964,0.053736270942163086,tv,0.5,2,20,1.0,2,2,cabaret
sim_results_Umovielens1k_pop1_a0.5_N2_C20_CPtop_Q1.0_cabaret_W2_D2.json,1000,10,100,1.0,1.0,1.0,0.036475620628237004,0.1699744000798964,0.053736270942163086,tv,0.5,2,20,1.0,2,2,cabaret
sim_results_Umovielens1k_pop1_a0.5_N2_C5_CPtop_Q1.0_cabaret_W1_D2.json,100,10,10,0.06666666666666667,0.0,0.15592899333902582,0.005180640358397853,0.013591881277753175,0.0025805622007216674,tv,0.5,2,5,1.0,1,2,cabaret
sim_results_Umovielens1k_pop1_a0.5_N2_C5_CPtop_Q1.0_cabaret_W1_D2.json,200,10,20,0.03333333333333333,0.0,0.09756854924301145,0.005180640358397853,0.013591881277753175,0.0025805622007216674,tv,0.5,2,5,1.0,1,2,cabaret
sim_results_Umovielens1k_pop1_a0.5_N2_C5_CPtop_Q1.0_cabaret_W1_D2.json,300,10,30,0.0,0.0,0.0,0.005180640358397853,0.013591881277753175,0.0025805622007216674,tv,0.5,2,5,1.0,1,2,cabaret
sim_results_Umovielens1k_pop1_a0.5_N2_C5_CPtop_Q1.0_cabaret_W1_D2.json,400,10,40,0.03333333333333333,0.0,0.09756854924301145,0.005180640358397853,0.013591881277753175,0.0025805622007216674,tv,0.5,2,5,1.0,1,2,cabaret
sim_results_Umovielens1k_pop1_a0.5_N2_C5_CPtop_Q1.0_cabaret_W1_D2.json,500,10,50,0.0,0.0,0.0,0.005180640358397853,0.013591881277753175,0.0025805622007216674,tv,0.5,2,5,1.0,1,2,cabaret
sim_results_Umovielens1k_pop1_a0.5_N2_C5_CPtop_Q1.0_cabaret_W1_D2.json,600,10,60,0.0,0.0,0.0,0.005180640358397853,0.013591881277753175,0.0025805622007216674,tv,0.5,2,5,1.0,1,2,cabaret
sim_results_Umovielens1k_pop1_a0.5_N2_C5_CPtop_Q1.0_cabaret_W1_D2.json,700,10,70,0.03333333333333333,0.0,0.09756854924301145,0.005180640358397853,0.013591881277753175,0.0025805622007216674,tv,0.5,2,5,1.0,1,2,cabaret
sim_results_Umovielens1k_pop1_a0.5_N2_C5_CPtop_Q1.0_cabaret_W1_D2.json,800,10,80,0.0,0.0,0.0,0.005180640358397853,0.013591881277753175,0.0025805622007216674,tv,0.5,2,5,1.0,1,2,cabaret
sim_results_Umovielens1k_pop1_a0.5_N2_C5_CPtop_Q1.0_cabaret_W1_D2.json,900,10,90,0.03333333333333333,0.0,0.09756854924301145,0.005180640358397853,0.013591881277753175,0.0025805622007216674,tv,0.5,2,5,1.0,1,2,cabaret
sim_results_Umovielens1k_pop1_a0.5_N2_C5_CPtop_Q1.0_cabaret_W1_D2.json,1000,10,100,0.03333333333333333,0.0,0.09756854924301145,0.005180640358397853,0.013591881277753175,0.0025805622007216674,tv,0.5,2,5,1.0,1,2,cabaret
sim_results_Umovielens1k_pop1_a0.5_N2_C5_CPtop_Q1.0_cabaret_W2_D1.json,100,10,10,0.13333333333333333,0.011689286729835005,0.25497737993683167,0.0021284286675728945,0.0074158108750455275,0.0006528154710394743,tv,0.5,2,5,1.0,2,1,cabaret
sim_results_Umovielens1k_pop1_a0.5_N2_C5_CPtop_Q1.0_cabaret_W2_D1.json,200,10,20,0.1,0.0,0.20735362127101256,0.0021284286675728945,0.0074158108750455275,0.0006528154710394743,tv,0.5,2,5,1.0,2,1,cabaret
sim_results_Umovielens1k_pop1_a0.5_N2_C5_CPtop_Q1.0_cabaret_W2_D1.json,300,10,30,0.0,0.0,0.0,0.0021284286675728945,0.0074158108750455275,0.0006528154710394743,tv,0.5,2,5,1.0,2,1,cabaret
sim_results_Umovielens1k_pop1_a0.5_N2_C5_CPtop_Q1.0_cabaret_W2_D1.json,400,10,40,0.03333333333333333,0.0,0.09756854924301145,0.0021284286675728945,0.0074158108750455275,0.0006528154710394743,tv,0.5,2,5,1.0,2,1,cabaret
sim_results_Umovielens1k_pop1_a0.5_N2_C5_CPtop_Q1.0_cabaret_W2_D1.json,500,10,50,0.0,0.0,0.0,0.0021284286675728945,0.0074158108750455275,0.0006528154710394743,tv,0.5,2,5,1.0,2,1,cabaret
sim_results_Umovielens1k_pop1_a0.5_N2_C5_CPtop_Q1.0_cabaret_W2_D1.json,600,10,60,0.03333333333333333,0.0,0.09756854924301145,0.0021284286675728945,0.0074158108750455275,0.0006528154710394743,tv,0.5,2,5,1.0,2,1,cabaret
sim_results_Umovielens1k_pop1_a0.5_N2_C5_CPtop_Q1.0_cabaret_W2_D1.json,700,10,70,0.06666666666666667,0.0,0.15592899333902582,0.0021284286675728945,0.0074158108750455275,0.0006528154710394743,tv,0.5,2,5,1.0,2,1,cabaret
sim_results_Umovielens1k_pop1_a0.5_N2_C5_CPtop_Q1.0_cabaret_W2_D1.json,800,10,80,0.0,0.0,0.0,0.0021284286675728945,0.0074158108750455275,0.0006528154710394743,tv,0.5,2,5,1.0,2,1,cabaret
sim_results_Umovielens1k_pop1_a0.5_N2_C5_CPtop_Q1.0_cabaret_W2_D1.json,900,10,90,0.0,0.0,0.0,0.0021284286675728945,0.0074158108750455275,0.0006528154710394743,tv,0.5,2,5,1.0,2,1,cabaret
sim_results_Umovielens1k_pop1_a0.5_N2_C5_CPtop_Q1.0_cabaret_W2_D1.json,1000,10,100,0.03333333333333333,0.0,0.09756854924301145,0.0021284286675728945,0.0074158108750455275,0.0006528154710394743,tv,0.5,2,5,1.0,2,1,cabaret
sim_results_Umovielens1k_pop1_a0.5_N2_C5_CPtop_Q1.0_cabaret_W2_D2.json,100,10,10,0.13333333333333333,0.011689286729835005,0.25497737993683167,0.01077974587490355,0.03187959543516139,0.012613894865098655,tv,0.5,2,5,1.0,2,2,cabaret
sim_results_Umovielens1k_pop1_a0.5_N2_C5_CPtop_Q1.0_cabaret_W2_D2.json,200,10,20,0.1,0.0,0.20735362127101256,0.01077974587490355,0.03187959543516139,0.012613894865098655,tv,0.5,2,5,1.0,2,2,cabaret
sim_results_Umovielens1k_pop1_a0.5_N2_C5_CPtop_Q1.0_cabaret_W2_D2.json,300,10,30,0.06666666666666667,0.0,0.15592899333902582,0.01077974587490355,0.03187959543516139,0.012613894865098655,tv,0.5,2,5,1.0,2,2,cabaret
sim_results_Umovielens1k_pop1_a0.5_N2_C5_CPtop_Q1.0_cabaret_W2_D2.json,400,10,40,0.13333333333333333,0.011689286729835005,0.25497737993683167,0.01077974587490355,0.03187959543516139,0.012613894865098655,tv,0.5,2,5,1.0,2,2,cabaret
sim_results_Umovielens1k_pop1_a0.5_N2_C5_CPtop_Q1.0_cabaret_W2_D2.json,500,10,50,0.13333333333333333,0.011689286729835005,0.25497737993683167,0.01077974587490355,0.03187959543516139,0.012613894865098655,tv,0.5,2,5,1.0,2,2,cabaret
sim_results_Umovielens1k_pop1_a0.5_N2_C5_CPtop_Q1.0_cabaret_W2_D2.json,600,10,60,0.1,0.0,0.20735362127101256,0.01077974587490355,0.03187959543516139,0.012613894865098655,tv,0.5,2,5,1.0,2,2,cabaret
sim_results_Umovielens1k_pop1_a0.5_N2_C5_CPtop_Q1.0_cabaret_W2_D2.json,700,10,70,0.1,0.0,0.20735362127101256,0.01077974587490355,0.03187959543516139,0.012613894865098655,tv,0.5,2,5,1.0,2,2,cabaret
sim_results_Umovielens1k_pop1_a0.5_N2_C5_CPtop_Q1.0_cabaret_W2_D2.json,800,10,80,0.06666666666666667,0.0,0.15592899333902582,0.01077974587490355,0.03187959543516139,0.012613894865098655,tv,0.5,2,5,1.0,2,2,cabaret
sim_results_Umovielens1k_pop1_a0.5_N2_C5_CPtop_Q1.0_cabaret_W2_D2.json,900,10,90,0.03333333333333333,0.0,0.09756854924301145,0.01077974587490355,0.03187959543516139,0.012613894865098655,tv,0.5,2,5,1.0,2,2,cabaret
sim_results_Umovielens1k_pop1_a0.5_N2_C5_CPtop_Q1.0_cabaret_W2_D2.json,1000,10,100,0.0,0.0,0.0,0.01077974587490355,0.03187959543516139,0.012613894865098655,tv,0.5,2,5,1.0,2,2,cabaret
sim_results_Umovielens1k_pop1_a0.5_N5_C10_CPtop_Q1.0_cabaret_W1_D2.json,100,10,10,0.03333333333333333,0.0,0.09756854924301145,0.026059011706831177,0.05184186837237112,0.011694687212423671,tv,0.5,5,10,1.0,1,2,cabaret
sim_results_Umovielens1k_pop1_a0.5_N5_C10_CPtop_Q1.0_cabaret_W1_D2.json,200,10,20,0.06666666666666667,0.0,0.15592899333902582,0.026059011706831177,0.05184186837237112,0.011694687212423671,tv,0.5,5,10,1.0,1,2,cabaret
sim_results_Umovielens1k_pop1_a0.5_N5_C10_CPtop_Q1.0_cabaret_W1_D2.json,300,10,30,0.03333333333333333,0.0,0.09756854924301145,0.026059011706831177,0.05184186837237112,0.011694687212423671,tv,0.5,5,10,1.0,1,2,cabaret
sim_results_Umovielens1k_pop1_a0.5_N5_C10_CPtop_Q1.0_cabaret_W1_D2.json,400,10,40,0.16666666666666666,0.03330555844847141,0.3000277748848619,0.026059011706831177,0.05184186837237112,0.011694687212423671,tv,0.5,5,10,1.0,1,2,cabaret
sim_results_Umovielens1k_pop1_a0.5_N5_C10_CPtop_Q1.0_cabaret_W1_D2.json,500,10,50,0.1,0.0,0.20735362127101256,0.026059011706831177,0.05184186837237112,0.011694687212423671,tv,0.5,5,10,1.0,1,2,cabaret
sim_results_Umovielens1k_pop1_a0.5_N5_C10_CPtop_Q1.0_cabaret_W1_D2.json,600,10,60,0.06666666666666667,0.0,0.15592899333902582,0.026059011706831177,0.05184186837237112,0.011694687212423671,tv,0.5,5,10,1.0,1,2,cabaret
sim_results_Umovielens1k_pop1_a0.5_N5_C10_CPtop_Q1.0_cabaret_W1_D2.json,700,10,70,0.16666666666666666,0.03330555844847141,0.3000277748848619,0.026059011706831177,0.05184186837237112,0.011694687212423671,tv,0.5,5,10,1.0,1,2,cabaret
sim_results_Umovielens1k_pop1_a0.5_N5_C10_CPtop_Q1.0_cabaret_W1_D2.json,800,10,80,0.26666666666666666,0.10842147482583778,0.4249118585074956,0.026059011706831177,0.05184186837237112,0.011694687212423671,tv,0.5,5,10,1.0,1,2,cabaret
sim_results_Umovielens1k_pop1_a0.5_N5_C10_CPtop_Q1.0_cabaret_W1_D2.json,900,10,90,0.16666666666666666,0.03330555844847141,0.3000277748848619,0.026059011706831177,0.05184186837237112,0.011694687212423671,tv,0.5,5,10,1.0,1,2,cabaret
sim_results_Umovielens1k_pop1_a0.5_N5_C10_CPtop_Q1.0_cabaret_W1_D2.json,1000,10,100,0.16666666666666666,0.03330555844847141,0.3000277748848619,0.026059011706831177,0.05184186837237112,0.011694687212423671,tv,0.5,5,10,1.0,1,2,cabaret
sim_results_Umovielens1k_pop1_a0.5_N5_C10_CPtop_Q1.0_cabaret_W2_D1.json,100,10,10,0.03333333333333333,0.0,0.09756854924301145,0.004129336939664691,0.01372921168839182,0.0010501997811679447,tv,0.5,5,10,1.0,2,1,cabaret
sim_results_Umovielens1k_pop1_a0.5_N5_C10_CPtop_Q1.0_cabaret_W2_D1.json,200,10,20,0.1,0.0,0.20735362127101256,0.004129336939664691,0.01372921168839182,0.0010501997811679447,tv,0.5,5,10,1.0,2,1,cabaret
sim_results_Umovielens1k_pop1_a0.5_N5_C10_CPtop_Q1.0_cabaret_W2_D1.json,300,10,30,0.0,0.0,0.0,0.004129336939664691,0.01372921168839182,0.0010501997811679447,tv,0.5,5,10,1.0,2,1,cabaret
sim_results_Umovielens1k_pop1_a0.5_N5_C10_CPtop_Q1.0_cabaret_W2_D1.json,400,10,40,0.0,0.0,0.0,0.004129336939664691,0.01372921168839182,0.0010501997811679447,tv,0.5,5,10,1.0,2,1,cabaret
sim_results_Umovielens1k_pop1_a0.5_N5_C10_CPtop_Q1.0_cabaret_W2_D1.json,500,10,50,0.0,0.0,0.0,0.004129336939664691,0.01372921168839182,0.0010501997811679447,tv,0.5,5,10,1.0,2,1,cabaret
sim_results_Umovielens1k_pop1_a0.5_N5_C10_CPtop_Q1.0_cabaret_W2_D1.json,600,10,60,0.0,0.0,0.0,0.004129336939664691,0.01372921168839182,0.0010501997811679447,tv,0.5,5,10,1.0,2,1,cabaret
sim_results_Umovielens1k_pop1_a0.5_N5_C10_CPtop_Q1.0_cabaret_W2_D1.json,700,10,70,0.06666666666666667,0.0,0.15592899333902582,0.004129336939664691,0.01372921168839182,0.0010501997811679447,tv,0.5,5,10,1.0,2,1,cabaret
sim_results_Umovielens1k_pop1_a0.5_N5_C10_CPtop_Q1.0_cabaret_W2_D1.json,800,10,80,0.0,0.0,0.0,0.004129336939664691,0.01372921168839182,0.0010501997811679447,tv,0.5,5,10,1.0,2,1,cabaret
sim_results_Umovielens1k_pop1_a0.5_N5_C10_CPtop_Q1.0_cabaret_W2_D1.json,900,10,90,0.06666666666666667,0.0,0.15592899333902582,0.004129336939664691,0.01372921168839182,0.0010501997811679447,tv,0.5,5,10,1.0,2,1,cabaret
sim_results_Umovielens1k_pop1_a0.5_N5_C10_CPtop_Q1.0_cabaret_W2_D1.json,1000,10,100,0.03333333333333333,0.0,0.09756854924301145,0.004129336939664691,0.01372921168839182,0.0010501997811679447,tv,0.5,5,10,1.0,2,1,cabaret
sim_results_Umovielens1k_pop1_a0.5_N5_C10_CPtop_Q1.0_cabaret_W2_D2.json,100,10,10,0.0,0.0,0.0,0.042907034584484034,0.11885148241154611,0.02312059838578917,tv,0.5,5,10,1.0,2,2,cabaret
sim_results_Umovielens1k_pop1_a0.5_N5_C10_CPtop_Q1.0_cabaret_W2_D2.json,200,10,20,0.1,0.0,0.20735362127101256,0.042907034584484034,0.11885148241154611,0.02312059838578917,tv,0.5,5,10,1.0,2,2,cabaret
sim_results_Umovielens1k_pop1_a0.5_N5_C10_CPtop_Q1.0_cabaret_W2_D2.json,300,10,30,0.26666666666666666,0.10842147482583778,0.4249118585074956,0.042907034584484034,0.11885148241154611,0.02312059838578917,tv,0.5,5,10,1.0,2,2,cabaret
sim_results_Umovielens1k_pop1_a0.5_N5_C10_CPtop_Q1.0_cabaret_W2_D2.json,400,10,40,0.2,0.056861838305316575,0.3431381616946835,0.042907034584484034,0.11885148241154611,0.02312059838578917,tv,0.5,5,10,1.0,2,2,cabaret
sim_results_Umovielens1k_pop1_a0.5_N5_C10_CPtop_Q1.0_cabaret_W2_D2.json,500,10,50,0.3333333333333333,0.1646433920318547,0.5020232746348119,0.042907034584484034,0.11885148241154611,0.02312059838578917,tv,0.5,5,10,1.0,2,2,cabaret
sim_results_Umovielens1k_pop1_a0.5_N5_C10_CPtop_Q1.0_cabaret_W2_D2.json,600,10,60,0.3333333333333333,0.1646433920318547,0.5020232746348119,0.042907034584484034,0.11885148241154611,0.02312059838578917,tv,0.5,5,10,1.0,2,2,cabaret
sim_results_Umovielens1k_pop1_a0.5_N5_C10_CPtop_Q1.0_cabaret_W2_D2.json,700,10,70,0.5333333333333333,0.354808679988615,0.7118579866780517,0.042907034584484034,0.11885148241154611,0.02312059838578917,tv,0.5,5,10,1.0,2,2,cabaret
sim_results_Umovielens1k_pop1_a0.5_N5_C10_CPtop_Q1.0_cabaret_W2_D2.json,800,10,80,0.5,0.32107729788164574,0.6789227021183543,0.042907034584484034,0.11885148241154611,0.02312059838578917,tv,0.5,5,10,1.0,2,2,cabaret
sim_results_Umovielens1k_pop1_a0.5_N5_C10_CPtop_Q1.0_cabaret_W2_D2.json,900,10,90,0.6666666666666666,0.497976725365188,0.8353566079681453,0.042907034584484034,0.11885148241154611,0.02312059838578917,tv,0.5,5,10,1.0,2,2,cabaret
sim_results_Umovielens1k_pop1_a0.5_N5_C10_CPtop_Q1.0_cabaret_W2_D2.json,1000,10,100,0.5666666666666667,0.389341520656837,0.7439918126764963,0.042907034584484034,0.11885148241154611,0.02312059838578917,tv,0.5,5,10,1.0,2,2,cabaret
sim_results_Umovielens1k_pop1_a0.5_N5_C20_CPtop_Q1.0_cabaret_W1_D2.json,100,10,10,0.03333333333333333,0.0,0.09756854924301145,0.021974223662546498,0.10229159586216498,0.020590072186650127,tv,0.5,5,20,1.0,1,2,cabaret
sim_results_Umovielens1k_pop1_a0.5_N5_C20_CPtop_Q1.0_cabaret_W1_D2.json,200,10,20,0.03333333333333333,0.0,0.09756854924301145,0.021974223662546498,0.10229159586216498,0.020590072186650127,tv,0.5,5,20,1.0,1,2,cabaret
sim_results_Umovielens1k_pop1_a0.5_N5_C20_CPtop_Q1.0_cabaret_W1_D2.json,300,10,30,0.1,0.0,0.20735362127101256,0.021974223662546498,0.10229159586216498,0.020590072186650127,tv,0.5,5,20,1.0,1,2,cabaret
sim_results_Umovielens1k_pop1_a0.5_N5_C20_CPtop_Q1.0_cabaret_W1_D2.json,400,10,40,0.1,0.0,0.20735362127101256,0.021974223662546498,0.10229159586216498,0.020590072186650127,tv,0.5,5,20,1.0,1,2,cabaret
sim_results_Umovielens1k_pop1_a0.5_N5_C20_CPtop_Q1.0_cabaret_W1_D2.json,500,10,50,0.13333333333333333,0.011689286729835005,0.25497737993683167,0.021974223662546498,0.10229159586216498,0.020590072186650127,tv,0.5,5,20,1.0,1,2,cabaret
sim_results_Umovielens1k_pop1_a0.5_N5_C20_CPtop_Q1.0_cabaret_W1_D2.json,600,10,60,0.43333333333333335,0.2560081873235037,0.610658479343163,0.021974223662546498,0.10229159586216498,0.020590072186650127,tv,0.5,5,20,1.0,1,2,cabaret
sim_results_Umovielens1k_pop1_a0.5_N5_C20_CPtop_Q1.0_cabaret_W1_D2.json,700,10,70,0.26666666666666666,0.10842147482583778,0.4249118585074956,0.021974223662546498,0.10229159586216498,0.020590072186650127,tv,0.5,5,20,1.0,1,2,cabaret
sim_results_Umovielens1k_pop1_a0.5_N5_C20_CPtop_Q1.0_cabaret_W1_D2.json,800,10,80,0.5666666666666667,0.389341520656837,0.7439918126764963,0.021974223662546498,0.10229159586216498,0.020590072186650127,tv,0.5,5,20,1.0,1,2,cabaret
sim_results_Umovielens1k_pop1_a0.5_N5_C20_CPtop_Q1.0_cabaret_W1_D2.json,900,10,90,0.4666666666666667,0.28814201332194833,0.645191320011385,0.021974223662546498,0.10229159586216498,0.020590072186650127,tv,0.5,5,20,1.0,1,2,cabaret
sim_results_Umovielens1k_pop1_a0.5_N5_C20_CPtop_Q1.0_cabaret_W1_D2.json,1000,10,100,0.4666666666666667,0.28814201332194833,0.645191320011385,0.021974223662546498,0.10229159586216498,0.020590072186650127,tv,0.5,5,20,1.0,1,2,cabaret
sim_results_Umovielens1k_pop1_a0.5_N5_C20_CPtop_Q1.0_cabaret_W2_D1.json,100,10,10,0.03333333333333333,0.0,0.09756854924301145,0.004480357560618025,0.038485568047530026,0.003624523714682105,tv,0.5,5,20,1.0,2,1,cabaret
sim_results_Umovielens1k_pop1_a0.5_N5_C20_CPtop_Q1.0_cabaret_W2_D1.json,200,10,20,0.03333333333333333,0.0,0.09756854924301145,0.004480357560618025,0.038485568047530026,0.003624523714682105,tv,0.5,5,20,1.0,2,1,cabaret
sim_results_Umovielens1k_pop1_a0.5_N5_C20_CPtop_Q1.0_cabaret_W2_D1.json,300,10,30,0.03333333333333333,0.0,0.09756854924301145,0.004480357560618025,0.038485568047530026,0.003624523714682105,tv,0.5,5,20,1.0,2,1,cabaret
sim_results_Umovielens1k_pop1_a0.5_N5_C20_CPtop_Q1.0_cabaret_W2_D1.json,400,10,40,0.03333333333333333,0.0,0.09756854924301145,0.004480357560618025,0.038485568047530026,0.003624523714682105,tv,0.5,5,20,1.0,2,1,cabaret
sim_results_Umovielens1k_pop1_a0.5_N5_C20_CPtop_Q1.0_cabaret_W2_D1.json,500,10,50,0.0,0.0,0.0,0.004480357560618025,0.038485568047530026,0.003624523714682105,tv,0.5,5,20,1.0,2,1,cabaret
sim_results_Umovielens1k_pop1_a0.5_N5_C20_CPtop_Q1.0_cabaret_W2_D1.json,600,10,60,0.0,0.0,0.0,0.004480357560618025,0.038485568047530026,0.003624523714682105,tv,0.5,5,20,1.0,2,1,cabaret
sim_results_Umovielens1k_pop1_a0.5_N5_C20_CPtop_Q1.0_cabaret_W2_D1.json,700,10,70,0.06666666666666667,0.0,0.15592899333902582,0.004480357560618025,0.038485568047530026,0.003624523714682105,tv,0.5,5,20,1.0,2,1,cabaret
sim_results_Umovielens1k_pop1_a0.5_N5_C20_CPtop_Q1.0_cabaret_W2_D1.json,800,10,80,0.03333333333333333,0.0,0.09756854924301145,0.004480357560618025,0.038485568047530026,0.003624523714682105,tv,0.5,5,20,1.0,2,1,cabaret
sim_results_Umovielens1k_pop1_a0.5_N5_C20_CPtop_Q1.0_cabaret_W2_D1.json,900,10,90,0.0,0.0,0.0,0.004480357560618025,0.038485568047530026,0.003624523714682105,tv,0.5,5,20,1.0,2,1,cabaret
sim_results_Umovielens1k_pop1_a0.5_N5_C20_CPtop_Q1.0_cabaret_W2_D1.json,1000,10,100,0.06666666666666667,0.0,0.15592899333902582,0.004480357560618025,0.038485568047530026,0.003624523714682105,tv,0.5,5,20,1.0,2,1,cabaret
sim_results_Umovielens1k_pop1_a0.5_N5_C20_CPtop_Q1.0_cabaret_W2_D2.json,100,10,10,0.03333333333333333,0.0,0.09756854924301145,0.03428276011956508,0.215223668942716,0.05162297598473787,tv,0.5,5,20,1.0,2,2,cabaret
sim_results_Umovielens1k_pop1_a0.5_N5_C20_CPtop_Q1.0_cabaret_W2_D2.json,200,10,20,0.03333333333333333,0.0,0.09756854924301145,0.03428276011956508,0.215223668942716,0.05162297598473787,tv,0.5,5,20,1.0,2,2,cabaret
sim_results_Umovielens1k_pop1_a0.5_N5_C20_CPtop_Q1.0_cabaret_W2_D2.json,300,10,30,0.3,0.1360146347993212,0.4639853652006788,0.03428276011956508,0.215223668942716,0.05162297598473787,tv,0.5,5,20,1.0,2,2,cabaret
sim_results_Umovielens1k_pop1_a0.5_N5_C20_CPtop_Q1.0_cabaret_W2_D2.json,400,10,40,0.6666666666666666,0.497976725365188,0.8353566079681453,0.03428276011956508,0.215223668942716,0.05162297598473787,tv,0.5,5,20,1.0,2,2,cabaret
sim_results_Umovielens1k_pop1_a0.5_N5_C20_CPtop_Q1.0_cabaret_W2_D2.json,500,10,50,0.6,0.4246922705640165,0.7753077294359835,0.03428276011956508,0.215223668942716,0.05162297598473787,tv,0.5,5,20,1.0,2,2,cabaret
sim_results_Umovielens1k_pop1_a0.5_N5_C20_CPtop_Q1.0_cabaret_W2_D2.json,600,10,60,0.9333333333333333,0.8440710066609742,1.0,0.03428276011956508,0.215223668942716,0.05162297598473787,tv,0.5,5,20,1.0,2,2,cabaret
sim_results_Umovielens1k_pop1_a0.5_N5_C20_CPtop_Q1.0_cabaret_W2_D2.json,700,10,70,0.9333333333333333,0.8440710066609742,1.0,0.03428276011956508,0.215223668942716,0.05162297598473787,tv,0.5,5,20,1.0,2,2,cabaret
sim_results_Umovielens1k_pop1_a0.5_N5_C20_CPtop_Q1.0_cabaret_W2_D2.json,800,10,80,0.9666666666666667,0.9024314507569886,1.0,0.03428276011956508,0.215223668942716,0.05162297598473787,tv,0.5,5,20,1.0,2,2,cabaret
sim_results_Umovielens1k_pop1_a0.5_N5_C20_CPtop_Q1.0_cabaret_W2_D2.json,900,10,90,1.0,1.0,1.0,0.03428276011956508,0.215223668942716,0.05162297598473787,tv,0.5,5,20,1.0,2,2,cabaret
sim_results_Umovielens1k_pop1_a0.5_N5_C20_CPtop_Q1.0_cabaret_W2_D2.json,1000,10,100,0.9666666666666667,0.9024314507569886,1.0,0.03428276011956508,0.215223668942716,0.05162297598473787,tv,0.5,5,20,1.0,2,2,cabaret
sim_results_Umovielens1k_pop1_a0.5_N5_C5_CPtop_Q1.0_cabaret_W1_D2.json,100,10,10,0.0,0.0,0.0,0.002524878074681592,0.008902714498970447,0.00037604999215152304,tv,0.5,5,5,1.0,1,2,cabaret
sim_results_Umovielens1k_pop1_a0.5_N5_C5_CPtop_Q1.0_cabaret_W1_D2.json,200,10,20,0.0,0.0,0.0,0.002524878074681592,0.008902714498970447,0.00037604999215152304,tv,0.5,5,5,1.0,1,2,cabaret
sim_results_Umovielens1k_pop1_a0.5_N5_C5_CPtop_Q1.0_cabaret_W1_D2.json,300,10,30,0.03333333333333333,0.0,0.09756854924301145,0.002524878074681592,0.008902714498970447,0.00037604999215152304,tv,0.5,5,5,1.0,1,2,cabaret
sim_results_Umovielens1k_pop1_a0.5_N5_C5_CPtop_Q1.0_cabaret_W1_D2.json,400,10,40,0.13333333333333333,0.011689286729835005,0.25497737993683167,0.002524878074681592,0.008902714498970447,0.00037604999215152304,tv,0.5,5,5,1.0,1,2,cabaret
sim_results_Umovielens1k_pop1_a0.5_N5_C5_CPtop_Q1.0_cabaret_W1_D2.json,500,10,50,0.03333333333333333,0.0,0.09756854924301145,0.002524878074681592,0.008902714498970447,0.00037604999215152304,tv,0.5,5,5,1.0,1,2,cabaret
sim_results_Umovielens1k_pop1_a0.5_N5_C5_CPtop_Q1.0_cabaret_W1_D2.json,600,10,60,0.0,0.0,0.0,0.002524878074681592,0.008902714498970447,0.00037604999215152304,tv,0.5,5,5,1.0,1,2,cabaret
sim_results_Umovielens1k_pop1_a0.5_N5_C5_CPtop_Q1.0_cabaret_W1_D2.json,700,10,70,0.16666666666666666,0.03330555844847141,0.3000277748848619,0.002524878074681592,0.008902714498970447,0.00037604999215152304,tv,0.5,5,5,1.0,1,2,cabaret
sim_results_Umovielens1k_pop1_a0.5_N5_C5_CPtop_Q1.0_cabaret_W1_D2.json,800,10,80,0.1,0.0,0.20735362127101256,0.002524878074681592,0.008902714498970447,0.00037604999215152304,tv,0.5,5,5,1.0,1,2,cabaret
sim_results_Umovielens1k_pop1_a0.5_N5_C5_CPtop_Q1.0_cabaret_W1_D2.json,900,10,90,0.06666666666666667,0.0,0.15592899333902582,0.002524878074681592,0.008902714498970447,0.00037604999215152304,tv,0.5,5,5,1.0,1,2,cabaret
sim_results_Umovielens1k_pop1_a0.5_N5_C5_CPtop_Q1.0_cabaret_W1_D2.json,1000,10,100,0.03333333333333333,0.0,0.09756854924301145,0.002524878074681592,0.008902714498970447,0.00037604999215152304,tv,0.5,5,5,1.0,1,2,cabaret
sim_results_Umovielens1k_pop1_a0.5_N5_C5_CPtop_Q1.0_cabaret_W2_D1.json,100,10,10,0.06666666666666667,0.0,0.15592899333902582,0.0009002219418268592,0.002446077230437157,0.00011687551989780025,tv,0.5,5,5,1.0,2,1,cabaret
sim_results_Umovielens1k_pop1_a0.5_N5_C5_CPtop_Q1.0_cabaret_W2_D1.json,200,10,20,0.0,0.0,0.0,0.0009002219418268592,0.002446077230437157,0.00011687551989780025,tv,0.5,5,5,1.0,2,1,cabaret
sim_results_Umovielens1k_pop1_a0.5_N5_C5_CPtop_Q1.0_cabaret_W2_D1.json,300,10,30,0.06666666666666667,0.0,0.15592899333902582,0.0009002219418268592,0.002446077230437157,0.00011687551989780025,tv,0.5,5,5,1.0,2,1,cabaret
sim_results_Umovielens1k_pop1_a0.5_N5_C5_CPtop_Q1.0_cabaret_W2_D1.json,400,10,40,0.06666666666666667,0.0,0.15592899333902582,0.0009002219418268592,0.002446077230437157,0.00011687551989780025,tv,0.5,5,5,1.0,2,1,cabaret
sim_results_Umovielens1k_pop1_a0.5_N5_C5_CPtop_Q1.0_cabaret_W2_D1.json,500,10,50,0.06666666666666667,0.0,0.15592899333902582,0.0009002219418268592,0.002446077230437157,0.00011687551989780025,tv,0.5,5,5,1.0,2,1,cabaret
sim_results_Umovielens1k_pop1_a0.5_N5_C5_CPtop_Q1.0_cabaret_W2_D1.json,600,10,60,0.0,0.0,0.0,0.0009002219418268592,0.002446077230437157,0.00011687551989780025,tv,0.5,5,5,1.0,2,1,cabaret
sim_results_Umovielens1k_pop1_a0.5_N5_C5_CPtop_Q1.0_cabaret_W2_D1.json,700,10,70,0.03333333333333333,0.0,0.09756854924301145,0.0009002219418268592,0.002446077230437157,0.00011687551989780025,tv,0.5,5,5,1.0,2,1,cabaret
sim_results_Umovielens1k_pop1_a0.5_N5_C5_CPtop_Q1.0_cabaret_W2_D1.json,800,10,80,0.2,0.056861838305316575,0.3431381616946835,0.0009002219418268592,0.002446077230437157,0.00011687551989780025,tv,0.5,5,5,1.0,2,1,cabaret
sim_results_Umovielens1k_pop1_a0.5_N5_C5_CPtop_Q1.0_cabaret_W2_D1.json,900,10,90,0.0,0.0,0.0,0.0009002219418268592,0.002446077230437157,0.00011687551989780025,tv,0.5,5,5,1.0,2,1,cabaret
sim_results_Umovielens1k_pop1_a0.5_N5_C5_CPtop_Q1.0_cabaret_W2_D1.json,1000,10,100,0.03333333333333333,0.0,0.09756854924301145,0.0009002219418268592,0.002446077230437157,0.00011687551989780025,tv,0.5,5,5,1.0,2,1,cabaret
sim_results_Umovielens1k_pop1_a0.5_N5_C5_CPtop_Q1.0_cabaret_W2_D2.json,100,10,10,0.06666666666666667,0.0,0.15592899333902582,0.004823229920780936,0.021299529661216815,0.0015001990000595086,tv,0.5,5,5,1.0,2,2,cabaret
sim_results_Umovielens1k_pop1_a0.5_N5_C5_CPtop_Q1.0_cabaret_W2_D2.json,200,10,20,0.03333333333333333,0.0,0.09756854924301145,0.004823229920780936,0.021299529661216815,0.0015001990000595086,tv,0.5,5,5,1.0,2,2,cabaret
sim_results_Umovielens1k_pop1_a0.5_N5_C5_CPtop_Q1.0_cabaret_W2_D2.json,300,10,30,0.03333333333333333,0.0,0.09756854924301145,0.004823229920780936,0.021299529661216815,0.0015001990000595086,tv,0.5,5,5,1.0,2,2,cabaret
sim_results_Umovielens1k_pop1_a0.5_N5_C5_CPtop_Q1.0_cabaret_W2_D2.json,400,10,40,0.0,0.0,0.0,0.004823229920780936,0.021299529661216815,0.0015001990000595086,tv,0.5,5,5,1.0,2,2,cabaret
sim_results_Umovielens1k_pop1_a0.5_N5_C5_CPtop_Q1.0_cabaret_W2_D2.json,500,10,50,0.06666666666666667,0.0,0.15592899333902582,0.004823229920780936,0.021299529661216815,0.0015001990000595086,tv,0.5,5,5,1.0,2,2,cabaret
sim_results_Umovielens1k_pop1_a0.5_N5_C5_CPtop_Q1.0_cabaret_W2_D2.json,600,10,60,0.1,0.0,0.20735362127101256,0.004823229920780936,0.021299529661216815,0.0015001990000595086,tv,0.5,5,5,1.0,2,2,cabaret
sim_results_Umovielens1k_pop1_a0.5_N5_C5_CPtop_Q1.0_cabaret_W2_D2.json,700,10,70,0.0,0.0,0.0,0.004823229920780936,0.021299529661216815,0.0015001990000595086,tv,0.5,5,5,1.0,2,2,cabaret
sim_results_Umovielens1k_pop1_a0.5_N5_C5_CPtop_Q1.0_cabaret_W2_D2.json,800,10,80,0.06666666666666667,0.0,0.15592899333902582,0.004823229920780936,0.021299529661216815,0.0015001990000595086,tv,0.5,5,5,1.0,2,2,cabaret
sim_results_Umovielens1k_pop1_a0.5_N5_C5_CPtop_Q1.0_cabaret_W2_D2.json,900,10,90,0.2,0.056861838305316575,0.3431381616946835,0.004823229920780936,0.021299529661216815,0.0015001990000595086,tv,0.5,5,5,1.0,2,2,cabaret
sim_results_Umovielens1k_pop1_a0.5_N5_C5_CPtop_Q1.0_cabaret_W2_D2.json,1000,10,100,0.06666666666666667,0.0,0.15592899333902582,0.004823229920780936,0.021299529661216815,0.0015001990000595086,tv,0.5,5,5,1.0,2,2,cabaret
sim_results_Umovielens1k_pop1_a0.8_N10_C10_CPtop_Q1.0_cabaret_W1_D2.json,100,10,10,0.06666666666666667,0.0,0.15592899333902582,0.040474715645447405,0.28998717270920327,0.06473644807168016,tv,0.8,10,10,1.0,1,2,cabaret
sim_results_Umovielens1k_pop1_a0.8_N10_C10_CPtop_Q1.0_cabaret_W1_D2.json,200,10,20,0.2,0.056861838305316575,0.3431381616946835,0.040474715645447405,0.28998717270920327,0.06473644807168016,tv,0.8,10,10,1.0,1,2,cabaret
sim_results_Umovielens1k_pop1_a0.8_N10_C10_CPtop_Q1.0_cabaret_W1_D2.json,300,10,30,0.4666666666666667,0.28814201332194833,0.645191320011385,0.040474715645447405,0.28998717270920327,0.06473644807168016,tv,0.8,10,10,1.0,1,2,cabaret
sim_results_Umovielens1k_pop1_a0.8_N10_C10_CPtop_Q1.0_cabaret_W1_D2.json,400,10,40,0.7666666666666667,0.6153150280283007,0.9180183053050327,0.040474715645447405,0.28998717270920327,0.06473644807168016,tv,0.8,10,10,1.0,1,2,cabaret
sim_results_Umovielens1k_pop1_a0.8_N10_C10_CPtop_Q1.0_cabaret_W1_D2.json,500,10,50,1.0,1.0,1.0,0.040474715645447405,0.28998717270920327,0.06473644807168016,tv,0.8,10,10,1.0,1,2,cabaret
sim_results_Umovielens1k_pop1_a0.8_N10_C10_CPtop_Q1.0_cabaret_W1_D2.json,600,10,60,1.0,1.0,1.0,0.040474715645447405,0.28998717270920327,0.06473644807168016,tv,0.8,10,10,1.0,1,2,cabaret
sim_results_Umovielens1k_pop1_a0.8_N10_C10_CPtop_Q1.0_cabaret_W1_D2.json,700,10,70,1.0,1.0,1.0,0.040474715645447405,0.28998717270920327,0.06473644807168016,tv,0.8,10,10,1.0,1,2,cabaret
sim_results_Umovielens1k_pop1_a0.8_N10_C10_CPtop_Q1.0_cabaret_W1_D2.json,800,10,80,1.0,1.0,1.0,0.040474715645447405,0.28998717270920327,0.06473644807168016,tv,0.8,10,10,1.0,1,2,cabaret
sim_results_Umovielens1k_pop1_a0.8_N10_C10_CPtop_Q1.0_cabaret_W1_D2.json,900,10,90,1.0,1.0,1.0,0.040474715645447405,0.28998717270920327,0.06473644807168016,tv,0.8,10,10,1.0,1,2,cabaret
sim_results_Umovielens1k_pop1_a0.8_N10_C10_CPtop_Q1.0_cabaret_W1_D2.json,1000,10,100,1.0,1.0,1.0,0.040474715645447405,0.28998717270920327,0.06473644807168016,tv,0.8,10,10,1.0,1,2,cabaret
sim_results_Umovielens1k_pop1_a0.8_N10_C10_CPtop_Q1.0_cabaret_W2_D1.json,100,10,10,0.03333333333333333,0.0,0.09756854924301145,0.023472447109573677,0.12851884921725706,0.01691638724558571,tv,0.8,10,10,1.0,2,1,cabaret
sim_results_Umovielens1k_pop1_a0.8_N10_C10_CPtop_Q1.0_cabaret_W2_D1.json,200,10,20,0.0,0.0,0.0,0.023472447109573677,0.12851884921725706,0.01691638724558571,tv,0.8,10,10,1.0,2,1,cabaret
sim_results_Umovielens1k_pop1_a0.8_N10_C10_CPtop_Q1.0_cabaret_W2_D1.json,300,10,30,0.03333333333333333,0.0,0.09756854924301145,0.023472447109573677,0.12851884921725706,0.01691638724558571,tv,0.8,10,10,1.0,2,1,cabaret
sim_results_Umovielens1k_pop1_a0.8_N10_C10_CPtop_Q1.0_cabaret_W2_D1.json,400,10,40,0.0,0.0,0.0,0.023472447109573677,0.12851884921725706,0.01691638724558571,tv,0.8,10,10,1.0,2,1,cabaret
sim_results_Umovielens1k_pop1_a0.8_N10_C10_CPtop_Q1.0_cabaret_W2_D1.json,500,10,50,0.16666666666666666,0.03330555844847141,0.3000277748848619,0.023472447109573677,0.12851884921725706,0.01691638724558571,tv,0.8,10,10,1.0,2,1,cabaret
sim_results_Umovielens1k_pop1_a0.8_N10_C10_CPtop_Q1.0_cabaret_W2_D1.json,600,10,60,0.1,0.0,0.20735362127101256,0.023472447109573677,0.12851884921725706,0.01691638724558571,tv,0.8,10,10,1.0,2,1,cabaret
sim_results_Umovielens1k_pop1_a0.8_N10_C10_CPtop_Q1.0_cabaret_W2_D1.json,700,10,70,0.36666666666666664,0.19422296678282158,0.5391103665505117,0.023472447109573677,0.12851884921725706,0.01691638724558571,tv,0.8,10,10,1.0,2,1,cabaret
sim_results_Umovielens1k_pop1_a0.8_N10_C10_CPtop_Q1.0_cabaret_W2_D1.json,800,10,80,0.36666666666666664,0.19422296678282158,0.5391103665505117,0.023472447109573677,0.12851884921725706,0.01691638724558571,tv,0.8,10,10,1.0,2,1,cabaret
sim_results_Umovielens1k_pop1_a0.8_N10_C10_CPtop_Q1.0_cabaret_W2_D1.json,900,10,90,0.2,0.056861838305316575,0.3431381616946835,0.023472447109573677,0.12851884921725706,0.01691638724558571,tv,0.8,10,10,1.0,2,1,cabaret
sim_results_Umovielens1k_pop1_a0.8_N10_C10_CPtop_Q1.0_cabaret_W2_D1.json,1000,10,100,0.2,0.056861838305316575,0.3431381616946835,0.023472447109573677,0.12851884921725706,0.01691638724558571,tv,0.8,10,10,1.0,2,1,cabaret
sim_results_Umovielens1k_pop1_a0.8_N10_C10_CPtop_Q1.0_cabaret_W2_D2.json,100,10,10,0.2,0.056861838305316575,0.3431381616946835,0.06690497369765996,0.5053034126269882,0.17537869679502754,tv,0.8,10,10,1.0,2,2,cabaret
sim_results_Umovielens1k_pop1_a0.8_N10_C10_CPtop_Q1.0_cabaret_W2_D2.json,200,10,20,0.9333333333333333,0.8440710066609742,1.0,0.06690497369765996,0.5053034126269882,0.17537869679502754,tv,0.8,10,10,1.0,2,2,cabaret
sim_results_Umovielens1k_pop1_a0.8_N10_C10_CPtop_Q1.0_cabaret_W2_D2.json,300,10,30,1.0,1.0,1.0,0.06690497369765996,0.5053034126269882,0.17537869679502754,tv,0.8,10,10,1.0,2,2,cabaret
sim_results_Umovielens1k_pop1_a0.8_N10_C10_CPtop_Q1.0_cabaret_W2_D2.json,400,10,40,1.0,1.0,1.0,0.06690497369765996,0.5053034126269882,0.17537869679502754,tv,0.8,10,10,1.0,2,2,cabaret
sim_results_Umovielens1k_pop1_a0.8_N10_C10_CPtop_Q1.0_cabaret_W2_D2.json,500,10,50,1.0,1.0,1.0,0.06690497369765996,0.5053034126269882,0.17537869679502754,tv,0.8,10,10,1.0,2,2,cabaret
sim_results_Umovielens1k_pop1_a0.8_N10_C10_CPtop_Q1.0_cabaret_W2_D2.json,600,10,60,1.0,1.0,1.0,0.06690497369765996,0.5053034126269882,0.17537869679502754,tv,0.8,10,10,1.0,2,2,cabaret
sim_results_Umovielens1k_pop1_a0.8_N10_C10_CPtop_Q1.0_cabaret_W2_D2.json,700,10,70,1.0,1.0,1.0,0.06690497369765996,0.5053034126269882,0.17537869679502754,tv,0.8,10,10,1.0,2,2,cabaret
sim_results_Umovielens1k_pop1_a0.8_N10_C10_CPtop_Q1.0_cabaret_W2_D2.json,800,10,80,1.0,1.0,1.0,0.06690497369765996,0.5053034126269882,0.17537869679502754,tv,0.8,10,10,1.0,2,2,cabaret
sim_results_Umovielens1k_pop1_a0.8_N10_C10_CPtop_Q1.0_cabaret_W2_D2.json,900,10,90,1.0,1.0,1.0,0.06690497369765996,0.5053034126269882,0.17537869679502754,tv,0.8,10,10,1.0,2,2,cabaret
sim_results_Umovielens1k_pop1_a0.8_N10_C10_CPtop_Q1.0_cabaret_W2_D2.json,1000,10,100,1.0,1.0,1.0,0.06690497369765996,0.5053034126269882,0.17537869679502754,tv,0.8,10,10,1.0,2,2,cabaret
sim_results_Umovielens1k_pop1_a0.8_N10_C20_CPtop_Q1.0_cabaret_W1_D2.json,100,10,10,0.0,0.0,0.0,0.039863619806389146,0.4548806450425796,0.17501696858265783,tv,0.8,10,20,1.0,1,2,cabaret
sim_results_Umovielens1k_pop1_a0.8_N10_C20_CPtop_Q1.0_cabaret_W1_D2.json,200,10,20,0.7666666666666667,0.6153150280283007,0.9180183053050327,0.039863619806389146,0.4548806450425796,0.17501696858265783,tv,0.8,10,20,1.0,1,2,cabaret
sim_results_Umovielens1k_pop1_a0.8_N10_C20_CPtop_Q1.0_cabaret_W1_D2.json,300,10,30,1.0,1.0,1.0,0.039863619806389146,0.4548806450425796,0.17501696858265783,tv,0.8,10,20,1.0,1,2,cabaret
sim_results_Umovielens1k_pop1_a0.8_N10_C20_CPtop_Q1.0_cabaret_W1_D2.json,400,10,40,1.0,1.0,1.0,0.039863619806389146,0.4548806450425796,0.17501696858265783,tv,0.8,10,20,1.0,1,2,cabaret
sim_results_Umovielens1k_pop1_a0.8_N10_C20_CPtop_Q1.0_cabaret_W1_D2.json,500,10,50,1.0,1.0,1.0,0.039863619806389146,0.4548806450425796,0.17501696858265783,tv,0.8,10,20,1.0,1,2,cabaret
sim_results_Umovielens1k_pop1_a0.8_N10_C20_CPtop_Q1.0_cabaret_W1_D2.json,600,10,60,1.0,1.0,1.0,0.039863619806389146,0.4548806450425796,0.17501696858265783,tv,0.8,10,20,1.0,1,2,cabaret
sim_results_Umovielens1k_pop1_a0.8_N10_C20_CPtop_Q1.0_cabaret_W1_D2.json,700,10,70,1.0,1.0,1.0,0.039863619806389146,0.4548806450425796,0.17501696858265783,tv,0.8,10,20,1.0,1,2,cabaret
sim_results_Umovielens1k_pop1_a0.8_N10_C20_CPtop_Q1.0_cabaret_W1_D2.json,800,10,80,1.0,1.0,1.0,0.039863619806389146,0.4548806450425796,0.17501696858265783,tv,0.8,10,20,1.0,1,2,cabaret
sim_results_Umovielens1k_pop1_a0.8_N10_C20_CPtop_Q1.0_cabaret_W1_D2.json,900,10,90,1.0,1.0,1.0,0.039863619806389146,0.4548806450425796,0.17501696858265783,tv,0.8,10,20,1.0,1,2,cabaret
sim_results_Umovielens1k_pop1_a0.8_N10_C20_CPtop_Q1.0_cabaret_W1_D2.json,1000,10,100,1.0,1.0,1.0,0.039863619806389146,0.4548806450425796,0.17501696858265783,tv,0.8,10,20,1.0,1,2,cabaret
sim_results_Umovielens1k_pop1_a0.8_N10_C20_CPtop_Q1.0_cabaret_W2_D1.json,100,10,10,0.0,0.0,0.0,0.024940934522025563,0.24625720545608887,0.050784469696625416,tv,0.8,10,20,1.0,2,1,cabaret
sim_results_Umovielens1k_pop1_a0.8_N10_C20_CPtop_Q1.0_cabaret_W2_D1.json,200,10,20,0.03333333333333333,0.0,0.09756854924301145,0.024940934522025563,0.24625720545608887,0.050784469696625416,tv,0.8,10,20,1.0,2,1,cabaret
sim_results_Umovielens1k_pop1_a0.8_N10_C20_CPtop_Q1.0_cabaret_W2_D1.json,300,10,30,0.13333333333333333,0.011689286729835005,0.25497737993683167,0.024940934522025563,0.24625720545608887,0.050784469696625416,tv,0.8,10,20,1.0,2,1,cabaret
sim_results_Umovielens1k_pop1_a0.8_N10_C20_CPtop_Q1.0_cabaret_W2_D1.json,400,10,40,0.26666666666666666,0.10842147482583778,0.4249118585074956,0.024940934522025563,0.24625720545608887,0.050784469696625416,tv,0.8,10,20,1.0,2,1,cabaret
sim_results_Umovielens1k_pop1_a0.8_N10_C20_CPtop_Q1.0_cabaret_W2_D1.json,500,10,50,0.43333333333333335,0.2560081873235037,0.610658479343163,0.024940934522025563,0.24625720545608887,0.050784469696625416,tv,0.8,10,20,1.0,2,1,cabaret
sim_results_Umovielens1k_pop1_a0.8_N10_C20_CPtop_Q1.0_cabaret_W2_D1.json,600,10,60,0.5666666666666667,0.389341520656837,0.7439918126764963,0.024940934522025563,0.24625720545608887,0.050784469696625416,tv,0.8,10,20,1.0,2,1,cabaret
sim_results_Umovielens1k_pop1_a0.8_N10_C20_CPtop_Q1.0_cabaret_W2_D1.json,700,10,70,0.7666666666666667,0.6153150280283007,0.9180183053050327,0.024940934522025563,0.24625720545608887,0.050784469696625416,tv,0.8,10,20,1.0,2,1,cabaret
sim_results_Umovielens1k_pop1_a0.8_N10_C20_CPtop_Q1.0_cabaret_W2_D1.json,800,10,80,0.7666666666666667,0.6153150280283007,0.9180183053050327,0.024940934522025563,0.24625720545608887,0.050784469696625416,tv,0.8,10,20,1.0,2,1,cabaret
sim_results_Umovielens1k_pop1_a0.8_N10_C20_CPtop_Q1.0_cabaret_W2_D1.json,900,10,90,0.8333333333333334,0.6999722251151381,0.9666944415515286,0.024940934522025563,0.24625720545608887,0.050784469696625416,tv,0.8,10,20,1.0,2,1,cabaret
sim_results_Umovielens1k_pop1_a0.8_N10_C20_CPtop_Q1.0_cabaret_W2_D1.json,1000,10,100,0.9,0.7926463787289875,1.0,0.024940934522025563,0.24625720545608887,0.050784469696625416,tv,0.8,10,20,1.0,2,1,cabaret
sim_results_Umovielens1k_pop1_a0.8_N10_C20_CPtop_Q1.0_cabaret_W2_D2.json,100,10,10,0.1,0.0,0.20735362127101256,0.06119272002220537,0.6498022213671162,0.33342043940498184,tv,0.8,10,20,1.0,2,2,cabaret
sim_results_Umovielens1k_pop1_a0.8_N10_C20_CPtop_Q1.0_cabaret_W2_D2.json,200,10,20,1.0,1.0,1.0,0.06119272002220537,0.6498022213671162,0.33342043940498184,tv,0.8,10,20,1.0,2,2,cabaret
sim_results_Umovielens1k_pop1_a0.8_N10_C20_CPtop_Q1.0_cabaret_W2_D2.json,300,10,30,1.0,1.0,1.0,0.06119272002220537,0.6498022213671162,0.33342043940498184,tv,0.8,10,20,1.0,2,2,cabaret
sim_results_Umovielens1k_pop1_a0.8_N10_C20_CPtop_Q1.0_cabaret_W2_D2.json,400,10,40,1.0,1.0,1.0,0.06119272002220537,0.6498022213671162,0.33342043940498184,tv,0.8,10,20,1.0,2,2,cabaret
sim_results_Umovielens1k_pop1_a0.8_N10_C20_CPtop_Q1.0_cabaret_W2_D2.json,500,10,50,1.0,1.0,1.0,0.06119272002220537,0.6498022213671162,0.33342043940498184,tv,0.8,10,20,1.0,2,2,cabaret
sim_results_Umovielens1k_pop1_a0.8_N10_C20_CPtop_Q1.0_cabaret_W2_D2.json,600,10,60,1.0,1.0,1.0,0.06119272002220537,0.6498022213671162,0.33342043940498184,tv,0.8,10,20,1.0,2,2,cabaret
sim_results_Umovielens1k_pop1_a0.8_N10_C20_CPtop_Q1.0_cabaret_W2_D2.json,700,10,70,1.0,1.0,1.0,0.06119272002220537,0.6498022213671162,0.33342043940498184,tv,0.8,10,20,1.0,2,2,cabaret
sim_results_Umovielens1k_pop1_a0.8_N10_C20_CPtop_Q1.0_cabaret_W2_D2.json,800,10,80,1.0,1.0,1.0,0.06119272002220537,0.6498022213671162,0.33342043940498184,tv,0.8,10,20,1.0,2,2,cabaret
sim_results_Umovielens1k_pop1_a0.8_N10_C20_CPtop_Q1.0_cabaret_W2_D2.json,900,10,90,1.0,1.0,1.0,0.06119272002220537,0.6498022213671162,0.33342043940498184,tv,0.8,10,20,1.0,2,2,cabaret
sim_results_Umovielens1k_pop1_a0.8_N10_C20_CPtop_Q1.0_cabaret_W2_D2.json,1000,10,100,1.0,1.0,1.0,0.06119272002220537,0.6498022213671162,0.33342043940498184,tv,0.8,10,20,1.0,2,2,cabaret
sim_results_Umovielens1k_pop1_a0.8_N10_C5_CPtop_Q1.0_cabaret_W1_D2.json,100,10,10,0.06666666666666667,0.0,0.15592899333902582,0.03373894768616992,0.16366760704109842,0.02409321470670882,tv,0.8,10,5,1.0,1,2,cabaret
sim_results_Umovielens1k_pop1_a0.8_N10_C5_CPtop_Q1.0_cabaret_W1_D2.json,200,10,20,0.2,0.056861838305316575,0.3431381616946835,0.03373894768616992,0.16366760704109842,0.02409321470670882,tv,0.8,10,5,1.0,1,2,cabaret
sim_results_Umovielens1k_pop1_a0.8_N10_C5_CPtop_Q1.0_cabaret_W1_D2.json,300,10,30,0.23333333333333334,0.08198169469496736,0.3846849719716993,0.03373894768616992,0.16366760704109842,0.02409321470670882,tv,0.8,10,5,1.0,1,2,cabaret
sim_results_Umovielens1k_pop1_a0.8_N10_C5_CPtop_Q1.0_cabaret_W1_D2.json,400,10,40,0.5,0.32107729788164574,0.6789227021183543,0.03373894768616992,0.16366760704109842,0.02409321470670882,tv,0.8,10,5,1.0,1,2,cabaret
sim_results_Umovielens1k_pop1_a0.8_N10_C5_CPtop_Q1.0_cabaret_W1_D2.json,500,10,50,0.5,0.32107729788164574,0.6789227021183543,0.03373894768616992,0.16366760704109842,0.02409321470670882,tv,0.8,10,5,1.0,1,2,cabaret
sim_results_Umovielens1k_pop1_a0.8_N10_C5_CPtop_Q1.0_cabaret_W1_D2.json,600,10,60,0.4,0.2246922705640165,0.5753077294359835,0.03373894768616992,0.16366760704109842,0.02409321470670882,tv,0.8,10,5,1.0,1,2,cabaret
sim_results_Umovielens1k_pop1_a0.8_N10_C5_CPtop_Q1.0_cabaret_W1_D2.json,700,10,70,0.6,0.4246922705640165,0.7753077294359835,0.03373894768616992,0.16366760704109842,0.02409321470670882,tv,0.8,10,5,1.0,1,2,cabaret
sim_results_Umovielens1k_pop1_a0.8_N10_C5_CPtop_Q1.0_cabaret_W1_D2.json,800,10,80,0.7333333333333333,0.5750881414925044,0.8915785251741621,0.03373894768616992,0.16366760704109842,0.02409321470670882,tv,0.8,10,5,1.0,1,2,cabaret
sim_results_Umovielens1k_pop1_a0.8_N10_C5_CPtop_Q1.0_cabaret_W1_D2.json,900,10,90,0.9,0.7926463787289875,1.0,0.03373894768616992,0.16366760704109842,0.02409321470670882,tv,0.8,10,5,1.0,1,2,cabaret
sim_results_Umovielens1k_pop1_a0.8_N10_C5_CPtop_Q1.0_cabaret_W1_D2.json,1000,10,100,0.7666666666666667,0.6153150280283007,0.9180183053050327,0.03373894768616992,0.16366760704109842,0.02409321470670882,tv,0.8,10,5,1.0,1,2,cabaret
sim_results_Umovielens1k_pop1_a0.8_N10_C5_CPtop_Q1.0_cabaret_W2_D1.json,100,10,10,0.0,0.0,0.0,0.023270566426101813,0.08849126165422304,0.008973862339497478,tv,0.8,10,5,1.0,2,1,cabaret
sim_results_Umovielens1k_pop1_a0.8_N10_C5_CPtop_Q1.0_cabaret_W2_D1.json,200,10,20,0.06666666666666667,0.0,0.15592899333902582,0.023270566426101813,0.08849126165422304,0.008973862339497478,tv,0.8,10,5,1.0,2,1,cabaret
sim_results_Umovielens1k_pop1_a0.8_N10_C5_CPtop_Q1.0_cabaret_W2_D1.json,300,10,30,0.0,0.0,0.0,0.023270566426101813,0.08849126165422304,0.008973862339497478,tv,0.8,10,5,1.0,2,1,cabaret
sim_results_Umovielens1k_pop1_a0.8_N10_C5_CPtop_Q1.0_cabaret_W2_D1.json,400,10,40,0.16666666666666666,0.03330555844847141,0.3000277748848619,0.023270566426101813,0.08849126165422304,0.008973862339497478,tv,0.8,10,5,1.0,2,1,cabaret
sim_results_Umovielens1k_pop1_a0.8_N10_C5_CPtop_Q1.0_cabaret_W2_D1.json,500,10,50,0.0,0.0,0.0,0.023270566426101813,0.08849126165422304,0.008973862339497478,tv,0.8,10,5,1.0,2,1,cabaret
sim_results_Umovielens1k_pop1_a0.8_N10_C5_CPtop_Q1.0_cabaret_W2_D1.json,600,10,60,0.03333333333333333,0.0,0.09756854924301145,0.023270566426101813,0.08849126165422304,0.008973862339497478,tv,0.8,10,5,1.0,2,1,cabaret
sim_results_Umovielens1k_pop1_a0.8_N10_C5_CPtop_Q1.0_cabaret_W2_D1.json,700,10,70,0.16666666666666666,0.03330555844847141,0.3000277748848619,0.023270566426101813,0.08849126165422304,0.008973862339497478,tv,0.8,10,5,1.0,2,1,cabaret
sim_results_Umovielens1k_pop1_a0.8_N10_C5_CPtop_Q1.0_cabaret_W2_D1.json,800,10,80,0.13333333333333333,0.011689286729835005,0.25497737993683167,0.023270566426101813,0.08849126165422304,0.008973862339497478,tv,0.8,10,5,1.0,2,1,cabaret
sim_results_Umovielens1k_pop1_a0.8_N10_C5_CPtop_Q1.0_cabaret_W2_D1.json,900,10,90,0.2,0.056861838305316575,0.3431381616946835,0.023270566426101813,0.08849126165422304,0.008973862339497478,tv,0.8,10,5,1.0,2,1,cabaret
sim_results_Umovielens1k_pop1_a0.8_N10_C5_CPtop_Q1.0_cabaret_W2_D1.json,1000,10,100,0.1,0.0,0.20735362127101256,0.023270566426101813,0.08849126165422304,0.008973862339497478,tv,0.8,10,5,1.0,2,1,cabaret
sim_results_Umovielens1k_pop1_a0.8_N10_C5_CPtop_Q1.0_cabaret_W2_D2.json,100,10,10,0.16666666666666666,0.03330555844847141,0.3000277748848619,0.05985986222149284,0.32581548459117343,0.07333850222957078,tv,0.8,10,5,1.0,2,2,cabaret
sim_results_Umovielens1k_pop1_a0.8_N10_C5_CPtop_Q1.0_cabaret_W2_D2.json,200,10,20,0.3333333333333333,0.1646433920318547,0.5020232746348119,0.05985986222149284,0.32581548459117343,0.07333850222957078,tv,0.8,10,5,1.0,2,2,cabaret
sim_results_Umovielens1k_pop1_a0.8_N10_C5_CPtop_Q1.0_cabaret_W2_D2.json,300,10,30,0.6333333333333333,0.46088963344948825,0.8057770332171783,0.05985986222149284,0.32581548459117343,0.07333850222957078,tv,0.8,10,5,1.0,2,2,cabaret
sim_results_Umovielens1k_pop1_a0.8_N10_C5_CPtop_Q1.0_cabaret_W2_D2.json,400,10,40,0.9,0.7926463787289875,1.0,0.05985986222149284,0.32581548459117343,0.07333850222957078,tv,0.8,10,5,1.0,2,2,cabaret
sim_results_Umovielens1k_pop1_a0.8_N10_C5_CPtop_Q1.0_cabaret_W2_D2.json,500,10,50,1.0,1.0,1.0,0.05985986222149284,0.32581548459117343,0.07333850222957078,tv,0.8,10,5,1.0,2,2,cabaret
sim_results_Umovielens1k_pop1_a0.8_N10_C5_CPtop_Q1.0_cabaret_W2_D2.json,600,10,60,1.0,1.0,1.0,0.05985986222149284,0.32581548459117343,0.07333850222957078,tv,0.8,10,5,1.0,2,2,cabaret
sim_results_Umovielens1k_pop1_a0.8_N10_C5_CPtop_Q1.0_cabaret_W2_D2.json,700,10,70,0.9666666666666667,0.9024314507569886,1.0,0.05985986222149284,0.32581548459117343,0.07333850222957078,tv,0.8,10,5,1.0,2,2,cabaret
sim_results_Umovielens1k_pop1_a0.8_N10_C5_CPtop_Q1.0_cabaret_W2_D2.json,800,10,80,1.0,1.0,1.0,0.05985986222149284,0.32581548459117343,0.07333850222957078,tv,0.8,10,5,1.0,2,2,cabaret
sim_results_Umovielens1k_pop1_a0.8_N10_C5_CPtop_Q1.0_cabaret_W2_D2.json,900,10,90,1.0,1.0,1.0,0.05985986222149284,0.32581548459117343,0.07333850222957078,tv,0.8,10,5,1.0,2,2,cabaret
sim_results_Umovielens1k_pop1_a0.8_N10_C5_CPtop_Q1.0_cabaret_W2_D2.json,1000,10,100,1.0,1.0,1.0,0.05985986222149284,0.32581548459117343,0.07333850222957078,tv,0.8,10,5,1.0,2,2,cabaret
sim_results_Umovielens1k_pop1_a0.8_N2_C10_CPtop_Q1.0_cabaret_W1_D2.json,100,10,10,0.13333333333333333,0.011689286729835005,0.25497737993683167,0.014195444594211369,0.09859264189814315,0.03712407548292273,tv,0.8,2,10,1.0,1,2,cabaret
sim_results_Umovielens1k_pop1_a0.8_N2_C10_CPtop_Q1.0_cabaret_W1_D2.json,200,10,20,0.03333333333333333,0.0,0.09756854924301145,0.014195444594211369,0.09859264189814315,0.03712407548292273,tv,0.8,2,10,1.0,1,2,cabaret
sim_results_Umovielens1k_pop1_a0.8_N2_C10_CPtop_Q1.0_cabaret_W1_D2.json,300,10,30,0.2,0.056861838305316575,0.3431381616946835,0.014195444594211369,0.09859264189814315,0.03712407548292273,tv,0.8,2,10,1.0,1,2,cabaret
sim_results_Umovielens1k_pop1_a0.8_N2_C10_CPtop_Q1.0_cabaret_W1_D2.json,400,10,40,0.1,0.0,0.20735362127101256,0.014195444594211369,0.09859264189814315,0.03712407548292273,tv,0.8,2,10,1.0,1,2,cabaret
sim_results_Umovielens1k_pop1_a0.8_N2_C10_CPtop_Q1.0_cabaret_W1_D2.json,500,10,50,0.4,0.2246922705640165,0.5753077294359835,0.014195444594211369,0.09859264189814315,0.03712407548292273,tv,0.8,2,10,1.0,1,2,cabaret
sim_results_Umovielens1k_pop1_a0.8_N2_C10_CPtop_Q1.0_cabaret_W1_D2.json,600,10,60,0.2,0.056861838305316575,0.3431381616946835,0.014195444594211369,0.09859264189814315,0.03712407548292273,tv,0.8,2,10,1.0,1,2,cabaret
sim_results_Umovielens1k_pop1_a0.8_N2_C10_CPtop_Q1.0_cabaret_W1_D2.json,700,10,70,0.43333333333333335,0.2560081873235037,0.610658479343163,0.014195444594211369,0.09859264189814315,0.03712407548292273,tv,0.8,2,10,1.0,1,2,cabaret
sim_results_Umovielens1k_pop1_a0.8_N2_C10_CPtop_Q1.0_cabaret_W1_D2.json,800,10,80,0.6,0.4246922705640165,0.7753077294359835,0.014195444594211369,0.09859264189814315,0.03712407548292273,tv,0.8,2,10,1.0,1,2,cabaret
sim_results_Umovielens1k_pop1_a0.8_N2_C10_CPtop_Q1.0_cabaret_W1_D2.json,900,10,90,0.36666666666666664,0.19422296678282158,0.5391103665505117,0.014195444594211369,0.09859264189814315,0.03712407548292273,tv,0.8,2,10,1.0,1,2,cabaret
sim_results_Umovielens1k_pop1_a0.8_N2_C10_CPtop_Q1.0_cabaret_W1_D2.json,1000,10,100,0.36666666666666664,0.19422296678282158,0.5391103665505117,0.014195444594211369,0.09859264189814315,0.03712407548292273,tv,0.8,2,10,1.0,1,2,cabaret
sim_results_Umovielens1k_pop1_a0.8_N2_C10_CPtop_Q1.0_cabaret_W2_D1.json,100,10,10,0.0,0.0,0.0,0.005357900249080448,0.03763800171071667,0.008819840606949392,tv,0.8,2,10,1.0,2,1,cabaret
sim_results_Umovielens1k_pop1_a0.8_N2_C10_CPtop_Q1.0_cabaret_W2_D1.json,200,10,20,0.03333333333333333,0.0,0.09756854924301145,0.005357900249080448,0.03763800171071667,0.008819840606949392,tv,0.8,2,10,1.0,2,1,cabaret
sim_results_Umovielens1k_pop1_a0.8_N2_C10_CPtop_Q1.0_cabaret_W2_D1.json,300,10,30,0.0,0.0,0.0,0.005357900249080448,0.03763800171071667,0.008819840606949392,tv,0.8,2,10,1.0,2,1,cabaret
sim_results_Umovielens1k_pop1_a0.8_N2_C10_CPtop_Q1.0_cabaret_W2_D1.json,400,10,40,0.06666666666666667,0.0,0.15592899333902582,0.005357900249080448,0.03763800171071667,0.008819840606949392,tv,0.8,2,10,1.0,2,1,cabaret
sim_results_Umovielens1k_pop1_a0.8_N2_C10_CPtop_Q1.0_cabaret_W2_D1.json,500,10,50,0.06666666666666667,0.0,0.15592899333902582,0.005357900249080448,0.03763800171071667,0.008819840606949392,tv,0.8,2,10,1.0,2,1,cabaret
sim_results_Umovielens1k_pop1_a0.8_N2_C10_CPtop_Q1.0_cabaret_W2_D1.json,600,10,60,0.1,0.0,0.20735362127101256,0.005357900249080448,0.03763800171071667,0.008819840606949392,tv,0.8,2,10,1.0,2,1,cabaret
sim_results_Umovielens1k_pop1_a0.8_N2_C10_CPtop_Q1.0_cabaret_W2_D1.json,700,10,70,0.1,0.0,0.20735362127101256,0.005357900249080448,0.03763800171071667,0.008819840606949392,tv,0.8,2,10,1.0,2,1,cabaret
sim_results_Umovielens1k_pop1_a0.8_N2_C10_CPtop_Q1.0_cabaret_W2_D1.json,800,10,80,0.03333333333333333,0.0,0.09756854924301145,0.005357900249080448,0.03763800171071667,0.008819840606949392,tv,0.8,2,10,1.0,2,1,cabaret
sim_results_Umovielens1k_pop1_a0.8_N2_C10_CPtop_Q1.0_cabaret_W2_D1.json,900,10,90,0.26666666666666666,0.10842147482583778,0.4249118585074956,0.005357900249080448,0.03763800171071667,0.008819840606949392,tv,0.8,2,10,1.0,2,1,cabaret
sim_results_Umovielens1k_pop1_a0.8_N2_C10_CPtop_Q1.0_cabaret_W2_D1.json,1000,10,100,0.03333333333333333,0.0,0.09756854924301145,0.005357900249080448,0.03763800171071667,0.008819840606949392,tv,0.8,2,10,1.0,2,1,cabaret
sim_results_Umovielens1k_pop1_a0.8_N2_C10_CPtop_Q1.0_cabaret_W2_D2.json,100,10,10,0.06666666666666667,0.0,0.15592899333902582,0.023281766845070558,0.19544266245151604,0.0668409140435891,tv,0.8,2,10,1.0,2,2,cabaret
sim_results_Umovielens1k_pop1_a0.8_N2_C10_CPtop_Q1.0_cabaret_W2_D2.json,200,10,20,0.23333333333333334,0.08198169469496736,0.3846849719716993,0.023281766845070558,0.19544266245151604,0.0668409140435891,tv,0.8,2,10,1.0,2,2,cabaret
sim_results_Umovielens1k_pop1_a0.8_N2_C10_CPtop_Q1.0_cabaret_W2_D2.json,300,10,30,0.4,0.2246922705640165,0.5753077294359835,0.023281766845070558,0.19544266245151604,0.0668409140435891,tv,0.8,2,10,1.0,2,2,cabaret
sim_results_Umovielens1k_pop1_a0.8_N2_C10_CPtop_Q1.0_cabaret_W2_D2.json,400,10,40,0.6333333333333333,0.46088963344948825,0.8057770332171783,0.023281766845070558,0.19544266245151604,0.0668409140435891,tv,0.8,2,10,1.0,2,2,cabaret
sim_results_Umovielens1k_pop1_a0.8_N2_C10_CPtop_Q1.0_cabaret_W2_D2.json,500,10,50,0.8666666666666667,0.7450226200631684,0.988310713270165,0.023281766845070558,0.19544266245151604,0.0668409140435891,tv,0.8,2,10,1.0,2,2,cabaret
sim_results_Umovielens1k_pop1_a0.8_N2_C10_CPtop_Q1.0_cabaret_W2_D2.json,600,10,60,0.8333333333333334,0.6999722251151381,0.9666944415515286,0.023281766845070558,0.19544266245151604,0.0668409140435891,tv,0.8,2,10,1.0,2,2,cabaret
sim_results_Umovielens1k_pop1_a0.8_N2_C10_CPtop_Q1.0_cabaret_W2_D2.json,700,10,70,0.9666666666666667,0.9024314507569886,1.0,0.023281766845070558,0.19544266245151604,0.0668409140435891,tv,0.8,2,10,1.0,2,2,cabaret
sim_results_Umovielens1k_pop1_a0.8_N2_C10_CPtop_Q1.0_cabaret_W2_D2.json,800,10,80,0.9333333333333333,0.8440710066609742,1.0,0.023281766845070558,0.19544266245151604,0.0668409140435891,tv,0.8,2,10,1.0,2,2,cabaret
sim_results_Umovielens1k_pop1_a0.8_N2_C10_CPtop_Q1.0_cabaret_W2_D2.json,900,10,90,0.9666666666666667,0.9024314507569886,1.0,0.023281766845070558,0.19544266245151604,0.0668409140435891,tv,0.8,2,10,1.0,2,2,cabaret
sim_results_Umovielens1k_pop1_a0.8_N2_C10_CPtop_Q1.0_cabaret_W2_D2.json,1000,10,100,1.0,1.0,1.0,0.023281766845070558,0.19544266245151604,0.0668409140435891,tv,0.8,2,10,1.0,2,2,cabaret
sim_results_Umovielens1k_pop1_a0.8_N2_C20_CPtop_Q1.0_cabaret_W1_D2.json,100,10,10,0.03333333333333333,0.0,0.09756854924301145,0.03212009713560929,0.24277332133662466,0.09267756910740567,tv,0.8,2,20,1.0,1,2,cabaret
sim_results_Umovielens1k_pop1_a0.8_N2_C20_CPtop_Q1.0_cabaret_W1_D2.json,200,10,20,0.26666666666666666,0.10842147482583778,0.4249118585074956,0.03212009713560929,0.24277332133662466,0.09267756910740567,tv,0.8,2,20,1.0,1,2,cabaret
sim_results_Umovielens1k_pop1_a0.8_N2_C20_CPtop_Q1.0_cabaret_W1_D2.json,300,10,30,0.6666666666666666,0.497976725365188,0.8353566079681453,0.03212009713560929,0.24277332133662466,0.09267756910740567,tv,0.8,2,20,1.0,1,2,cabaret
sim_results_Umovielens1k_pop1_a0.8_N2_C20_CPtop_Q1.0_cabaret_W1_D2.json,400,10,40,0.8333333333333334,0.6999722251151381,0.9666944415515286,0.03212009713560929,0.24277332133662466,0.09267756910740567,tv,0.8,2,20,1.0,1,2,cabaret
sim_results_Umovielens1k_pop1_a0.8_N2_C20_CPtop_Q1.0_cabaret_W1_D2.json,500,10,50,0.9666666666666667,0.9024314507569886,1.0,0.03212009713560929,0.24277332133662466,0.09267756910740567,tv,0.8,2,20,1.0,1,2,cabaret
sim_results_Umovielens1k_pop1_a0.8_N2_C20_CPtop_Q1.0_cabaret_W1_D2.json,600,10,60,1.0,1.0,1.0,0.03212009713560929,0.24277332133662466,0.09267756910740567,tv,0.8,2,20,1.0,1,2,cabaret
sim_results_Umovielens1k_pop1_a0.8_N2_C20_CPtop_Q1.0_cabaret_W1_D2.json,700,10,70,1.0,1.0,1.0,0.03212009713560929,0.24277332133662466,0.09267756910740567,tv,0.8,2,20,1.0,1,2,cabaret
sim_results_Umovielens1k_pop1_a0.8_N2_C20_CPtop_Q1.0_cabaret_W1_D2.json,800,10,80,1.0,1.0,1.0,0.03212009713560929,0.24277332133662466,0.09267756910740567,tv,0.8,2,20,1.0,1,2,cabaret
sim_results_Umovielens1k_pop1_a0.8_N2_C20_CPtop_Q1.0_cabaret_W1_D2.json,900,10,90,1.0,1.0,1.0,0.03212009713560929,0.24277332133662466,0.09267756910740567,tv,0.8,2,20,1.0,1,2,cabaret
sim_results_Umovielens1k_pop1_a0.8_N2_C20_CPtop_Q1.0_cabaret_W1_D2.json,1000,10,100,1.0,1.0,1.0,0.03212009713560929,0.24277332133662466,0.09267756910740567,tv,0.8,2,20,1.0,1,2,cabaret
sim_results_Umovielens1k_pop1_a0.8_N2_C20_CPtop_Q1.0_cabaret_W2_D1.json,100,10,10,0.0,0.0,0.0,0.010764675194785068,0.11481860508886943,0.027648461385021708,tv,0.8,2,20,1.0,2,1,cabaret
sim_results_Umovielens1k_pop1_a0.8_N2_C20_CPtop_Q1.0_cabaret_W2_D1.json,200,10,20,0.13333333333333333,0.011689286729835005,0.25497737993683167,0.010764675194785068,0.11481860508886943,0.027648461385021708,tv,0.8,2,20,1.0,2,1,cabaret
sim_results_Umovielens1k_pop1_a0.8_N2_C20_CPtop_Q1.0_cabaret_W2_D1.json,300,10,30,0.1,0.0,0.20735362127101256,0.010764675194785068,0.11481860508886943,0.027648461385021708,tv,0.8,2,20,1.0,2,1,cabaret
sim_results_Umovielens1k_pop1_a0.8_N2_C20_CPtop_Q1.0_cabaret_W2_D1.json,400,10,40,0.26666666666666666,0.10842147482583778,0.4249118585074956,0.010764675194785068,0.11481860508886943,0.027648461385021708,tv,0.8,2,20,1.0,2,1,cabaret
sim_results_Umovielens1k_pop1_a0.8_N2_C20_CPtop_Q1.0_cabaret_W2_D1.json,500,10,50,0.16666666666666666,0.03330555844847141,0.3000277748848619,0.010764675194785068,0.11481860508886943,0.027648461385021708,tv,0.8,2,20,1.0,2,1,cabaret
sim_results_Umovielens1k_pop1_a0.8_N2_C20_CPtop_Q1.0_cabaret_W2_D1.json,600,10,60,0.16666666666666666,0.03330555844847141,0.3000277748848619,0.010764675194785068,0.11481860508886943,0.027648461385021708,tv,0.8,2,20,1.0,2,1,cabaret
sim_results_Umovielens1k_pop1_a0.8_N2_C20_CPtop_Q1.0_cabaret_W2_D1.json,700,10,70,0.06666666666666667,0.0,0.15592899333902582,0.010764675194785068,0.11481860508886943,0.027648461385021708,tv,0.8,2,20,1.0,2,1,cabaret
sim_results_Umovielens1k_pop1_a0.8_N2_C20_CPtop_Q1.0_cabaret_W2_D1.json,800,10,80,0.1,0.0,0.20735362127101256,0.010764675194785068,0.11481860508886943,0.027648461385021708,tv,0.8,2,20,1.0,2,1,cabaret
sim_results_Umovielens1k_pop1_a0.8_N2_C20_CPtop_Q1.0_cabaret_W2_D1.json,900,10,90,0.23333333333333334,0.08198169469496736,0.3846849719716993,0.010764675194785068,0.11481860508886943,0.027648461385021708,tv,0.8,2,20,1.0,2,1,cabaret
sim_results_Umovielens1k_pop1_a0.8_N2_C20_CPtop_Q1.0_cabaret_W2_D1.json,1000,10,100,0.26666666666666666,0.10842147482583778,0.4249118585074956,0.010764675194785068,0.11481860508886943,0.027648461385021708,tv,0.8,2,20,1.0,2,1,cabaret
sim_results_Umovielens1k_pop1_a0.8_N2_C20_CPtop_Q1.0_cabaret_W2_D2.json,100,10,10,0.2,0.056861838305316575,0.3431381616946835,0.07970563528317874,0.40371068935181864,0.19208924771562472,tv,0.8,2,20,1.0,2,2,cabaret
sim_results_Umovielens1k_pop1_a0.8_N2_C20_CPtop_Q1.0_cabaret_W2_D2.json,200,10,20,0.9333333333333333,0.8440710066609742,1.0,0.07970563528317874,0.40371068935181864,0.19208924771562472,tv,0.8,2,20,1.0,2,2,cabaret
sim_results_Umovielens1k_pop1_a0.8_N2_C20_CPtop_Q1.0_cabaret_W2_D2.json,300,10,30,1.0,1.0,1.0,0.07970563528317874,0.40371068935181864,0.19208924771562472,tv,0.8,2,20,1.0,2,2,cabaret
sim_results_Umovielens1k_pop1_a0.8_N2_C20_CPtop_Q1.0_cabaret_W2_D2.json,400,10,40,1.0,1.0,1.0,0.07970563528317874,0.40371068935181864,0.19208924771562472,tv,0.8,2,20,1.0,2,2,cabaret
sim_results_Umovielens1k_pop1_a0.8_N2_C20_CPtop_Q1.0_cabaret_W2_D2.json,500,10,50,1.0,1.0,1.0,0.07970563528317874,0.40371068935181864,0.19208924771562472,tv,0.8,2,20,1.0,2,2,cabaret
sim_results_Umovielens1k_pop1_a0.8_N2_C20_CPtop_Q1.0_cabaret_W2_D2.json,600,10,60,1.0,1.0,1.0,0.07970563528317874,0.40371068935181864,0.19208924771562472,tv,0.8,2,20,1.0,2,2,cabaret
sim_results_Umovielens1k_pop1_a0.8_N2_C20_CPtop_Q1.0_cabaret_W2_D2.json,700,10,70,1.0,1.0,1.0,0.07970563528317874,0.40371068935181864,0.19208924771562472,tv,0.8,2,20,1.0,2,2,cabaret
sim_results_Umovielens1k_pop1_a0.8_N2_C20_CPtop_Q1.0_cabaret_W2_D2.json,800,10,80,1.0,1.0,1.0,0.07970563528317874,0.40371068935181864,0.19208924771562472,tv,0.8,2,20,1.0,2,2,cabaret
sim_results_Umovielens1k_pop1_a0.8_N2_C20_CPtop_Q1.0_cabaret_W2_D2.json,900,10,90,1.0,1.0,1.0,0.07970563528317874,0.40371068935181864,0.19208924771562472,tv,0.8,2,20,1.0,2,2,cabaret
sim_results_Umovielens1k_pop1_a0.8_N2_C20_CPtop_Q1.0_cabaret_W2_D2.json,1000,10,100,1.0,1.0,1.0,0.07970563528317874,0.40371068935181864,0.19208924771562472,tv,0.8,2,20,1.0,2,2,cabaret
sim_results_Umovielens1k_pop1_a0.8_N2_C5_CPtop_Q1.0_cabaret_W1_D2.json,100,10,10,0.0,0.0,0.0,0.011380449095329663,0.05841085803960724,0.010152195034473304,tv,0.8,2,5,1.0,1,2,cabaret
sim_results_Umovielens1k_pop1_a0.8_N2_C5_CPtop_Q1.0_cabaret_W1_D2.json,200,10,20,0.03333333333333333,0.0,0.09756854924301145,0.011380449095329663,0.05841085803960724,0.010152195034473304,tv,0.8,2,5,1.0,1,2,cabaret
sim_results_Umovielens1k_pop1_a0.8_N2_C5_CPtop_Q1.0_cabaret_W1_D2.json,300,10,30,0.03333333333333333,0.0,0.09756854924301145,0.011380449095329663,0.05841085803960724,0.010152195034473304,tv,0.8,2,5,1.0,1,2,cabaret
sim_results_Umovielens1k_pop1_a0.8_N2_C5_CPtop_Q1.0_cabaret_W1_D2.json,400,10,40,0.06666666666666667,0.0,0.15592899333902582,0.011380449095329663,0.05841085803960724,0.010152195034473304,tv,0.8,2,5,1.0,1,2,cabaret
sim_results_Umovielens1k_pop1_a0.8_N2_C5_CPtop_Q1.0_cabaret_W1_D2.json,500,10,50,0.03333333333333333,0.0,0.09756854924301145,0.011380449095329663,0.05841085803960724,0.010152195034473304,tv,0.8,2,5,1.0,1,2,cabaret
sim_results_Umovielens1k_pop1_a0.8_N2_C5_CPtop_Q1.0_cabaret_W1_D2.json,600,10,60,0.2,0.056861838305316575,0.3431381616946835,0.011380449095329663,0.05841085803960724,0.010152195034473304,tv,0.8,2,5,1.0,1,2,cabaret
sim_results_Umovielens1k_pop1_a0.8_N2_C5_CPtop_Q1.0_cabaret_W1_D2.json,700,10,70,0.06666666666666667,0.0,0.15592899333902582,0.011380449095329663,0.05841085803960724,0.010152195034473304,tv,0.8,2,5,1.0,1,2,cabaret
sim_results_Umovielens1k_pop1_a0.8_N2_C5_CPtop_Q1.0_cabaret_W1_D2.json,800,10,80,0.2,0.056861838305316575,0.3431381616946835,0.011380449095329663,0.05841085803960724,0.010152195034473304,tv,0.8,2,5,1.0,1,2,cabaret
sim_results_Umovielens1k_pop1_a0.8_N2_C5_CPtop_Q1.0_cabaret_W1_D2.json,900,10,90,0.26666666666666666,0.10842147482583778,0.4249118585074956,0.011380449095329663,0.05841085803960724,0.010152195034473304,tv,0.8,2,5,1.0,1,2,cabaret
sim_results_Umovielens1k_pop1_a0.8_N2_C5_CPtop_Q1.0_cabaret_W1_D2.json,1000,10,100,0.13333333333333333,0.011689286729835005,0.25497737993683167,0.011380449095329663,0.05841085803960724,0.010152195034473304,tv,0.8,2,5,1.0,1,2,cabaret
sim_results_Umovielens1k_pop1_a0.8_N2_C5_CPtop_Q1.0_cabaret_W2_D1.json,100,10,10,0.03333333333333333,0.0,0.09756854924301145,0.00795548903108256,0.020310161225246023,0.0035456827757768053,tv,0.8,2,5,1.0,2,1,cabaret
sim_results_Umovielens1k_pop1_a0.8_N2_C5_CPtop_Q1.0_cabaret_W2_D1.json,200,10,20,0.0,0.0,0.0,0.00795548903108256,0.020310161225246023,0.0035456827757768053,tv,0.8,2,5,1.0,2,1,cabaret
sim_results_Umovielens1k_pop1_a0.8_N2_C5_CPtop_Q1.0_cabaret_W2_D1.json,300,10,30,0.06666666666666667,0.0,0.15592899333902582,0.00795548903108256,0.020310161225246023,0.0035456827757768053,tv,0.8,2,5,1.0,2,1,cabaret
sim_results_Umovielens1k_pop1_a0.8_N2_C5_CPtop_Q1.0_cabaret_W2_D1.json,400,10,40,0.03333333333333333,0.0,0.09756854924301145,0.00795548903108256,0.020310161225246023,0.0035456827757768053,tv,0.8,2,5,1.0,2,1,cabaret
sim_results_Umovielens1k_pop1_a0.8_N2_C5_CPtop_Q1.0_cabaret_W2_D1.json,500,10,50,0.1,0.0,0.20735362127101256,0.00795548903108256,0.020310161225246023,0.0035456827757768053,tv,0.8,2,5,1.0,2,1,cabaret
sim_results_Umovielens1k_pop1_a0.8_N2_C5_CPtop_Q1.0_cabaret_W2_D1.json,600,10,60,0.06666666666666667,0.0,0.15592899333902582,0.00795548903108256,0.020310161225246023,0.0035456827757768053,tv,0.8,2,5,1.0,2,1,cabaret
sim_results_Umovielens1k_pop1_a0.8_N2_C5_CPtop_Q1.0_cabaret_W2_D1.json,700,10,70,0.06666666666666667,0.0,0.15592899333902582,0.00795548903108256,0.020310161225246023,0.0035456827757768053,tv,0.8,2,5,1.0,2,1,cabaret
sim_results_Umovielens1k_pop1_a0.8_N2_C5_CPtop_Q1.0_cabaret_W2_D1.json,800,10,80,0.0,0.0,0.0,0.00795548903108256,0.020310161225246023,0.0035456827757768053,tv,0.8,2,5,1.0,2,1,cabaret
sim_results_Umovielens1k_pop1_a0.8_N2_C5_CPtop_Q1.0_cabaret_W2_D1.json,900,10,90,0.1,0.0,0.20735362127101256,0.00795548903108256,0.020310161225246023,0.0035456827757768053,tv,0.8,2,5,1.0,2,1,cabaret
sim_results_Umovielens1k_pop1_a0.8_N2_C5_CPtop_Q1.0_cabaret_W2_D1.json,1000,10,100,0.06666666666666667,0.0,0.15592899333902582,0.00795548903108256,0.020310161225246023,0.0035456827757768053,tv,0.8,2,5,1.0,2,1,cabaret
sim_results_Umovielens1k_pop1_a0.8_N2_C5_CPtop_Q1.0_cabaret_W2_D2.json,100,10,10,0.2,0.056861838305316575,0.3431381616946835,0.031147648288893194,0.13252816506790455,0.06260780696485202,tv,0.8,2,5,1.0,2,2,cabaret
sim_results_Umovielens1k_pop1_a0.8_N2_C5_CPtop_Q1.0_cabaret_W2_D2.json,200,10,20,0.13333333333333333,0.011689286729835005,0.25497737993683167,0.031147648288893194,0.13252816506790455,0.06260780696485202,tv,0.8,2,5,1.0,2,2,cabaret
sim_results_Umovielens1k_pop1_a0.8_N2_C5_CPtop_Q1.0_cabaret_W2_D2.json,300,10,30,0.23333333333333334,0.08198169469496736,0.3846849719716993,0.031147648288893194,0.13252816506790455,0.06260780696485202,tv,0.8,2,5,1.0,2,2,cabaret
sim_results_Umovielens1k_pop1_a0.8_N2_C5_CPtop_Q1.0_cabaret_W2_D2.json,400,10,40,0.3333333333333333,0.1646433920318547,0.5020232746348119,0.031147648288893194,0.13252816506790455,0.06260780696485202,tv,0.8,2,5,1.0,2,2,cabaret
sim_results_Umovielens1k_pop1_a0.8_N2_C5_CPtop_Q1.0_cabaret_W2_D2.json,500,10,50,0.6,0.4246922705640165,0.7753077294359835,0.031147648288893194,0.13252816506790455,0.06260780696485202,tv,0.8,2,5,1.0,2,2,cabaret
sim_results_Umovielens1k_pop1_a0.8_N2_C5_CPtop_Q1.0_cabaret_W2_D2.json,600,10,60,0.5333333333333333,0.354808679988615,0.7118579866780517,0.031147648288893194,0.13252816506790455,0.06260780696485202,tv,0.8,2,5,1.0,2,2,cabaret
sim_results_Umovielens1k_pop1_a0.8_N2_C5_CPtop_Q1.0_cabaret_W2_D2.json,700,10,70,0.9,0.7926463787289875,1.0,0.031147648288893194,0.13252816506790455,0.06260780696485202,tv,0.8,2,5,1.0,2,2,cabaret
sim_results_Umovielens1k_pop1_a0.8_N2_C5_CPtop_Q1.0_cabaret_W2_D2.json,800,10,80,0.8,0.6568618383053166,0.9431381616946835,0.031147648288893194,0.13252816506790455,0.06260780696485202,tv,0.8,2,5,1.0,2,2,cabaret
sim_results_Umovielens1k_pop1_a0.8_N2_C5_CPtop_Q1.0_cabaret_W2_D2.json,900,10,90,0.8333333333333334,0.6999722251151381,0.9666944415515286,0.031147648288893194,0.13252816506790455,0.06260780696485202,tv,0.8,2,5,1.0,2,2,cabaret
sim_results_Umovielens1k_pop1_a0.8_N2_C5_CPtop_Q1.0_cabaret_W2_D2.json,1000,10,100,0.9333333333333333,0.8440710066609742,1.0,0.031147648288893194,0.13252816506790455,0.06260780696485202,tv,0.8,2,5,1.0,2,2,cabaret
sim_results_Umovielens1k_pop1_a0.8_N5_C10_CPtop_Q1.0_cabaret_W1_D2.json,100,10,10,0.0,0.0,0.0,0.03451094819661605,0.11268262958964849,0.034701115629211174,tv,0.8,5,10,1.0,1,2,cabaret
sim_results_Umovielens1k_pop1_a0.8_N5_C10_CPtop_Q1.0_cabaret_W1_D2.json,200,10,20,0.03333333333333333,0.0,0.09756854924301145,0.03451094819661605,0.11268262958964849,0.034701115629211174,tv,0.8,5,10,1.0,1,2,cabaret
sim_results_Umovielens1k_pop1_a0.8_N5_C10_CPtop_Q1.0_cabaret_W1_D2.json,300,10,30,0.16666666666666666,0.03330555844847141,0.3000277748848619,0.03451094819661605,0.11268262958964849,0.034701115629211174,tv,0.8,5,10,1.0,1,2,cabaret
sim_results_Umovielens1k_pop1_a0.8_N5_C10_CPtop_Q1.0_cabaret_W1_D2.json,400,10,40,0.06666666666666667,0.0,0.15592899333902582,0.03451094819661605,0.11268262958964849,0.034701115629211174,tv,0.8,5,10,1.0,1,2,cabaret
sim_results_Umovielens1k_pop1_a0.8_N5_C10_CPtop_Q1.0_cabaret_W1_D2.json,500,10,50,0.3333333333333333,0.1646433920318547,0.5020232746348119,0.03451094819661605,0.11268262958964849,0.034701115629211174,tv,0.8,5,10,1.0,1,2,cabaret
sim_results_Umovielens1k_pop1_a0.8_N5_C10_CPtop_Q1.0_cabaret_W1_D2.json,600,10,60,0.3333333333333333,0.1646433920318547,0.5020232746348119,0.03451094819661605,0.11268262958964849,0.034701115629211174,tv,0.8,5,10,1.0,1,2,cabaret
sim_results_Umovielens1k_pop1_a0.8_N5_C10_CPtop_Q1.0_cabaret_W1_D2.json,700,10,70,0.26666666666666666,0.10842147482583778,0.4249118585074956,0.03451094819661605,0.11268262958964849,0.034701115629211174,tv,0.8,5,10,1.0,1,2,cabaret
sim_results_Umovielens1k_pop1_a0.8_N5_C10_CPtop_Q1.0_cabaret_W1_D2.json,800,10,80,0.26666666666666666,0.10842147482583778,0.4249118585074956,0.03451094819661605,0.11268262958964849,0.034701115629211174,tv,0.8,5,10,1.0,1,2,cabaret
sim_results_Umovielens1k_pop1_a0.8_N5_C10_CPtop_Q1.0_cabaret_W1_D2.json,900,10,90,0.6666666666666666,0.497976725365188,0.8353566079681453,0.03451094819661605,0.11268262958964849,0.034701115629211174,tv,0.8,5,10,1.0,1,2,cabaret
sim_results_Umovielens1k_pop1_a0.8_N5_C10_CPtop_Q1.0_cabaret_W1_D2.json,1000,10,100,0.26666666666666666,0.10842147482583778,0.4249118585074956,0.03451094819661605,0.11268262958964849,0.034701115629211174,tv,0.8,5,10,1.0,1,2,cabaret
sim_results_Umovielens1k_pop1_a0.8_N5_C10_CPtop_Q1.0_cabaret_W2_D1.json,100,10,10,0.0,0.0,0.0,0.007225359002814026,0.05010075792152161,0.007548779487946743,tv,0.8,5,10,1.0,2,1,cabaret
sim_results_Umovielens1k_pop1_a0.8_N5_C10_CPtop_Q1.0_cabaret_W2_D1.json,200,10,20,0.03333333333333333,0.0,0.09756854924301145,0.007225359002814026,0.05010075792152161,0.007548779487946743,tv,0.8,5,10,1.0,2,1,cabaret
sim_results_Umovielens1k_pop1_a0.8_N5_C10_CPtop_Q1.0_cabaret_W2_D1.json,300,10,30,0.0,0.0,0.0,0.007225359002814026,0.05010075792152161,0.007548779487946743,tv,0.8,5,10,1.0,2,1,cabaret
sim_results_Umovielens1k_pop1_a0.8_N5_C10_CPtop_Q1.0_cabaret_W2_D1.json,400,10,40,0.0,0.0,0.0,0.007225359002814026,0.05010075792152161,0.007548779487946743,tv,0.8,5,10,1.0,2,1,cabaret
sim_results_Umovielens1k_pop1_a0.8_N5_C10_CPtop_Q1.0_cabaret_W2_D1.json,500,10,50,0.0,0.0,0.0,0.007225359002814026,0.05010075792152161,0.007548779487946743,tv,0.8,5,10,1.0,2,1,cabaret
sim_results_Umovielens1k_pop1_a0.8_N5_C10_CPtop_Q1.0_cabaret_W2_D1.json,600,10,60,0.06666666666666667,0.0,0.15592899333902582,0.007225359002814026,0.05010075792152161,0.007548779487946743,tv,0.8,5,10,1.0,2,1,cabaret
sim_results_Umovielens1k_pop1_a0.8_N5_C10_CPtop_Q1.0_cabaret_W2_D1.json,700,10,70,0.13333333333333333,0.011689286729835005,0.25497737993683167,0.007225359002814026,0.05010075792152161,0.007548779487946743,tv,0.8,5,10,1.0,2,1,cabaret
sim_results_Umovielens1k_pop1_a0.8_N5_C10_CPtop_Q1.0_cabaret_W2_D1.json,800,10,80,0.03333333333333333,0.0,0.09756854924301145,0.007225359002814026,0.05010075792152161,0.007548779487946743,tv,0.8,5,10,1.0,2,1,cabaret
sim_results_Umovielens1k_pop1_a0.8_N5_C10_CPtop_Q1.0_cabaret_W2_D1.json,900,10,90,0.03333333333333333,0.0,0.09756854924301145,0.007225359002814026,0.05010075792152161,0.007548779487946743,tv,0.8,5,10,1.0,2,1,cabaret
sim_results_Umovielens1k_pop1_a0.8_N5_C10_CPtop_Q1.0_cabaret_W2_D1.json,1000,10,100,0.03333333333333333,0.0,0.09756854924301145,0.007225359002814026,0.05010075792152161,0.007548779487946743,tv,0.8,5,10,1.0,2,1,cabaret
sim_results_Umovielens1k_pop1_a0.8_N5_C10_CPtop_Q1.0_cabaret_W2_D2.json,100,10,10,0.03333333333333333,0.0,0.09756854924301145,0.061822302897755914,0.332205618758435,0.09455050232640662,tv,0.8,5,10,1.0,2,2,cabaret
sim_results_Umovielens1k_pop1_a0.8_N5_C10_CPtop_Q1.0_cabaret_W2_D2.json,200,10,20,0.5333333333333333,0.354808679988615,0.7118579866780517,0.061822302897755914,0.332205618758435,0.09455050232640662,tv,0.8,5,10,1.0,2,2,cabaret
sim_results_Umovielens1k_pop1_a0.8_N5_C10_CPtop_Q1.0_cabaret_W2_D2.json,300,10,30,0.7333333333333333,0.5750881414925044,0.8915785251741621,0.061822302897755914,0.332205618758435,0.09455050232640662,tv,0.8,5,10,1.0,2,2,cabaret
sim_results_Umovielens1k_pop1_a0.8_N5_C10_CPtop_Q1.0_cabaret_W2_D2.json,400,10,40,1.0,1.0,1.0,0.061822302897755914,0.332205618758435,0.09455050232640662,tv,0.8,5,10,1.0,2,2,cabaret
sim_results_Umovielens1k_pop1_a0.8_N5_C10_CPtop_Q1.0_cabaret_W2_D2.json,500,10,50,1.0,1.0,1.0,0.061822302897755914,0.332205618758435,0.09455050232640662,tv,0.8,5,10,1.0,2,2,cabaret
sim_results_Umovielens1k_pop1_a0.8_N5_C10_CPtop_Q1.0_cabaret_W2_D2.json,600,10,60,1.0,1.0,1.0,0.061822302897755914,0.332205618758435,0.09455050232640662,tv,0.8,5,10,1.0,2,2,cabaret
sim_results_Umovielens1k_pop1_a0.8_N5_C10_CPtop_Q1.0_cabaret_W2_D2.json,700,10,70,1.0,1.0,1.0,0.061822302897755914,0.332205618758435,0.09455050232640662,tv,0.8,5,10,1.0,2,2,cabaret
sim_results_Umovielens1k_pop1_a0.8_N5_C10_CPtop_Q1.0_cabaret_W2_D2.json,800,10,80,1.0,1.0,1.0,0.061822302897755914,0.332205618758435,0.09455050232640662,tv,0.8,5,10,1.0,2,2,cabaret
sim_results_Umovielens1k_pop1_a0.8_N5_C10_CPtop_Q1.0_cabaret_W2_D2.json,900,10,90,1.0,1.0,1.0,0.061822302897755914,0.332205618758435,0.09455050232640662,tv,0.8,5,10,1.0,2,2,cabaret
sim_results_Umovielens1k_pop1_a0.8_N5_C10_CPtop_Q1.0_cabaret_W2_D2.json,1000,10,100,1.0,1.0,1.0,0.061822302897755914,0.332205618758435,0.09455050232640662,tv,0.8,5,10,1.0,2,2,cabaret
sim_results_Umovielens1k_pop1_a0.8_N5_C20_CPtop_Q1.0_cabaret_W1_D2.json,100,10,10,0.03333333333333333,0.0,0.09756854924301145,0.046996078956092716,0.37762012190326066,0.14373601472314,tv,0.8,5,20,1.0,1,2,cabaret
sim_results_Umovielens1k_pop1_a0.8_N5_C20_CPtop_Q1.0_cabaret_W1_D2.json,200,10,20,0.9,0.7926463787289875,1.0,0.046996078956092716,0.37762012190326066,0.14373601472314,tv,0.8,5,20,1.0,1,2,cabaret
sim_results_Umovielens1k_pop1_a0.8_N5_C20_CPtop_Q1.0_cabaret_W1_D2.json,300,10,30,1.0,1.0,1.0,0.046996078956092716,0.37762012190326066,0.14373601472314,tv,0.8,5,20,1.0,1,2,cabaret
sim_results_Umovielens1k_pop1_a0.8_N5_C20_CPtop_Q1.0_cabaret_W1_D2.json,400,10,40,1.0,1.0,1.0,0.046996078956092716,0.37762012190326066,0.14373601472314,tv,0.8,5,20,1.0,1,2,cabaret
sim_results_Umovielens1k_pop1_a0.8_N5_C20_CPtop_Q1.0_cabaret_W1_D2.json,500,10,50,1.0,1.0,1.0,0.046996078956092716,0.37762012190326066,0.14373601472314,tv,0.8,5,20,1.0,1,2,cabaret
sim_results_Umovielens1k_pop1_a0.8_N5_C20_CPtop_Q1.0_cabaret_W1_D2.json,600,10,60,1.0,1.0,1.0,0.046996078956092716,0.37762012190326066,0.14373601472314,tv,0.8,5,20,1.0,1,2,cabaret
sim_results_Umovielens1k_pop1_a0.8_N5_C20_CPtop_Q1.0_cabaret_W1_D2.json,700,10,70,1.0,1.0,1.0,0.046996078956092716,0.37762012190326066,0.14373601472314,tv,0.8,5,20,1.0,1,2,cabaret
sim_results_Umovielens1k_pop1_a0.8_N5_C20_CPtop_Q1.0_cabaret_W1_D2.json,800,10,80,1.0,1.0,1.0,0.046996078956092716,0.37762012190326066,0.14373601472314,tv,0.8,5,20,1.0,1,2,cabaret
sim_results_Umovielens1k_pop1_a0.8_N5_C20_CPtop_Q1.0_cabaret_W1_D2.json,900,10,90,1.0,1.0,1.0,0.046996078956092716,0.37762012190326066,0.14373601472314,tv,0.8,5,20,1.0,1,2,cabaret
sim_results_Umovielens1k_pop1_a0.8_N5_C20_CPtop_Q1.0_cabaret_W1_D2.json,1000,10,100,1.0,1.0,1.0,0.046996078956092716,0.37762012190326066,0.14373601472314,tv,0.8,5,20,1.0,1,2,cabaret
sim_results_Umovielens1k_pop1_a0.8_N5_C20_CPtop_Q1.0_cabaret_W2_D1.json,100,10,10,0.06666666666666667,0.0,0.15592899333902582,0.008681650139064755,0.12530758338010617,0.018482063035065582,tv,0.8,5,20,1.0,2,1,cabaret
sim_results_Umovielens1k_pop1_a0.8_N5_C20_CPtop_Q1.0_cabaret_W2_D1.json,200,10,20,0.03333333333333333,0.0,0.09756854924301145,0.008681650139064755,0.12530758338010617,0.018482063035065582,tv,0.8,5,20,1.0,2,1,cabaret
sim_results_Umovielens1k_pop1_a0.8_N5_C20_CPtop_Q1.0_cabaret_W2_D1.json,300,10,30,0.0,0.0,0.0,0.008681650139064755,0.12530758338010617,0.018482063035065582,tv,0.8,5,20,1.0,2,1,cabaret
sim_results_Umovielens1k_pop1_a0.8_N5_C20_CPtop_Q1.0_cabaret_W2_D1.json,400,10,40,0.13333333333333333,0.011689286729835005,0.25497737993683167,0.008681650139064755,0.12530758338010617,0.018482063035065582,tv,0.8,5,20,1.0,2,1,cabaret
sim_results_Umovielens1k_pop1_a0.8_N5_C20_CPtop_Q1.0_cabaret_W2_D1.json,500,10,50,0.0,0.0,0.0,0.008681650139064755,0.12530758338010617,0.018482063035065582,tv,0.8,5,20,1.0,2,1,cabaret
sim_results_Umovielens1k_pop1_a0.8_N5_C20_CPtop_Q1.0_cabaret_W2_D1.json,600,10,60,0.06666666666666667,0.0,0.15592899333902582,0.008681650139064755,0.12530758338010617,0.018482063035065582,tv,0.8,5,20,1.0,2,1,cabaret
sim_results_Umovielens1k_pop1_a0.8_N5_C20_CPtop_Q1.0_cabaret_W2_D1.json,700,10,70,0.26666666666666666,0.10842147482583778,0.4249118585074956,0.008681650139064755,0.12530758338010617,0.018482063035065582,tv,0.8,5,20,1.0,2,1,cabaret
sim_results_Umovielens1k_pop1_a0.8_N5_C20_CPtop_Q1.0_cabaret_W2_D1.json,800,10,80,0.03333333333333333,0.0,0.09756854924301145,0.008681650139064755,0.12530758338010617,0.018482063035065582,tv,0.8,5,20,1.0,2,1,cabaret
sim_results_Umovielens1k_pop1_a0.8_N5_C20_CPtop_Q1.0_cabaret_W2_D1.json,900,10,90,0.26666666666666666,0.10842147482583778,0.4249118585074956,0.008681650139064755,0.12530758338010617,0.018482063035065582,tv,0.8,5,20,1.0,2,1,cabaret
sim_results_Umovielens1k_pop1_a0.8_N5_C20_CPtop_Q1.0_cabaret_W2_D1.json,1000,10,100,0.13333333333333333,0.011689286729835005,0.25497737993683167,0.008681650139064755,0.12530758338010617,0.018482063035065582,tv,0.8,5,20,1.0,2,1,cabaret
sim_results_Umovielens1k_pop1_a0.8_N5_C20_CPtop_Q1.0_cabaret_W2_D2.json,100,10,10,0.13333333333333333,0.011689286729835005,0.25497737993683167,0.06309131981665074,0.5576879767611793,0.24589387816975591,tv,0.8,5,20,1.0,2,2,cabaret
sim_results_Umovielens1k_pop1_a0.8_N5_C20_CPtop_Q1.0_cabaret_W2_D2.json,200,10,20,0.9666666666666667,0.9024314507569886,1.0,0.06309131981665074,0.5576879767611793,0.24589387816975591,tv,0.8,5,20,1.0,2,2,cabaret
sim_results_Umovielens1k_pop1_a0.8_N5_C20_CPtop_Q1.0_cabaret_W2_D2.json,300,10,30,1.0,1.0,1.0,0.06309131981665074,0.5576879767611793,0.24589387816975591,tv,0.8,5,20,1.0,2,2,cabaret
sim_results_Umovielens1k_pop1_a0.8_N5_C20_CPtop_Q1.0_cabaret_W2_D2.json,400,10,40,1.0,1.0,1.0,0.06309131981665074,0.5576879767611793,0.24589387816975591,tv,0.8,5,20,1.0,2,2,cabaret
sim_results_Umovielens1k_pop1_a0.8_N5_C20_CPtop_Q1.0_cabaret_W2_D2.json,500,10,50,1.0,1.0,1.0,0.06309131981665074,0.5576879767611793,0.24589387816975591,tv,0.8,5,20,1.0,2,2,cabaret
sim_results_Umovielens1k_pop1_a0.8_N5_C20_CPtop_Q1.0_cabaret_W2_D2.json,600,10,60,1.0,1.0,1.0,0.06309131981665074,0.5576879767611793,0.24589387816975591,tv,0.8,5,20,1.0,2,2,cabaret
sim_results_Umovielens1k_pop1_a0.8_N5_C20_CPtop_Q1.0_cabaret_W2_D2.json,700,10,70,1.0,1.0,1.0,0.06309131981665074,0.5576879767611793,0.24589387816975591,tv,0.8,5,20,1.0,2,2,cabaret
sim_results_Umovielens1k_pop1_a0.8_N5_C20_CPtop_Q1.0_cabaret_W2_D2.json,800,10,80,1.0,1.0,1.0,0.06309131981665074,0.5576879767611793,0.24589387816975591,tv,0.8,5,20,1.0,2,2,cabaret
sim_results_Umovielens1k_pop1_a0.8_N5_C20_CPtop_Q1.0_cabaret_W2_D2.json,900,10,90,1.0,1.0,1.0,0.06309131981665074,0.5576879767611793,0.24589387816975591,tv,0.8,5,20,1.0,2,2,cabaret
sim_results_Umovielens1k_pop1_a0.8_N5_C20_CPtop_Q1.0_cabaret_W2_D2.json,1000,10,100,1.0,1.0,1.0,0.06309131981665074,0.5576879767611793,0.24589387816975591,tv,0.8,5,20,1.0,2,2,cabaret
sim_results_Umovielens1k_pop1_a0.8_N5_C5_CPtop_Q1.0_cabaret_W1_D2.json,100,10,10,0.06666666666666667,0.0,0.15592899333902582,0.036035465812996804,0.09265267709461844,0.01884786125262716,tv,0.8,5,5,1.0,1,2,cabaret
sim_results_Umovielens1k_pop1_a0.8_N5_C5_CPtop_Q1.0_cabaret_W1_D2.json,200,10,20,0.0,0.0,0.0,0.036035465812996804,0.09265267709461844,0.01884786125262716,tv,0.8,5,5,1.0,1,2,cabaret
sim_results_Umovielens1k_pop1_a0.8_N5_C5_CPtop_Q1.0_cabaret_W1_D2.json,300,10,30,0.13333333333333333,0.011689286729835005,0.25497737993683167,0.036035465812996804,0.09265267709461844,0.01884786125262716,tv,0.8,5,5,1.0,1,2,cabaret
sim_results_Umovielens1k_pop1_a0.8_N5_C5_CPtop_Q1.0_cabaret_W1_D2.json,400,10,40,0.23333333333333334,0.08198169469496736,0.3846849719716993,0.036035465812996804,0.09265267709461844,0.01884786125262716,tv,0.8,5,5,1.0,1,2,cabaret
sim_results_Umovielens1k_pop1_a0.8_N5_C5_CPtop_Q1.0_cabaret_W1_D2.json,500,10,50,0.2,0.056861838305316575,0.3431381616946835,0.036035465812996804,0.09265267709461844,0.01884786125262716,tv,0.8,5,5,1.0,1,2,cabaret
sim_results_Umovielens1k_pop1_a0.8_N5_C5_CPtop_Q1.0_cabaret_W1_D2.json,600,10,60,0.36666666666666664,0.19422296678282158,0.5391103665505117,0.036035465812996804,0.09265267709461844,0.01884786125262716,tv,0.8,5,5,1.0,1,2,cabaret
sim_results_Umovielens1k_pop1_a0.8_N5_C5_CPtop_Q1.0_cabaret_W1_D2.json,700,10,70,0.4666666666666667,0.28814201332194833,0.645191320011385,0.036035465812996804,0.09265267709461844,0.01884786125262716,tv,0.8,5,5,1.0,1,2,cabaret
sim_results_Umovielens1k_pop1_a0.8_N5_C5_CPtop_Q1.0_cabaret_W1_D2.json,800,10,80,0.8,0.6568618383053166,0.9431381616946835,0.036035465812996804,0.09265267709461844,0.01884786125262716,tv,0.8,5,5,1.0,1,2,cabaret
sim_results_Umovielens1k_pop1_a0.8_N5_C5_CPtop_Q1.0_cabaret_W1_D2.json,900,10,90,0.43333333333333335,0.2560081873235037,0.610658479343163,0.036035465812996804,0.09265267709461844,0.01884786125262716,tv,0.8,5,5,1.0,1,2,cabaret
sim_results_Umovielens1k_pop1_a0.8_N5_C5_CPtop_Q1.0_cabaret_W1_D2.json,1000,10,100,0.7,0.5360146347993211,0.8639853652006788,0.036035465812996804,0.09265267709461844,0.01884786125262716,tv,0.8,5,5,1.0,1,2,cabaret
sim_results_Umovielens1k_pop1_a0.8_N5_C5_CPtop_Q1.0_cabaret_W2_D1.json,100,10,10,0.03333333333333333,0.0,0.09756854924301145,0.006196260162576251,0.018898145875090065,0.0021552575657330744,tv,0.8,5,5,1.0,2,1,cabaret
sim_results_Umovielens1k_pop1_a0.8_N5_C5_CPtop_Q1.0_cabaret_W2_D1.json,200,10,20,0.06666666666666667,0.0,0.15592899333902582,0.006196260162576251,0.018898145875090065,0.0021552575657330744,tv,0.8,5,5,1.0,2,1,cabaret
sim_results_Umovielens1k_pop1_a0.8_N5_C5_CPtop_Q1.0_cabaret_W2_D1.json,300,10,30,0.06666666666666667,0.0,0.15592899333902582,0.006196260162576251,0.018898145875090065,0.0021552575657330744,tv,0.8,5,5,1.0,2,1,cabaret
sim_results_Umovielens1k_pop1_a0.8_N5_C5_CPtop_Q1.0_cabaret_W2_D1.json,400,10,40,0.03333333333333333,0.0,0.09756854924301145,0.006196260162576251,0.018898145875090065,0.0021552575657330744,tv,0.8,5,5,1.0,2,1,cabaret
sim_results_Umovielens1k_pop1_a0.8_N5_C5_CPtop_Q1.0_cabaret_W2_D1.json,500,10,50,0.0,0.0,0.0,0.006196260162576251,0.018898145875090065,0.0021552575657330744,tv,0.8,5,5,1.0,2,1,cabaret
sim_results_Umovielens1k_pop1_a0.8_N5_C5_CPtop_Q1.0_cabaret_W2_D1.json,600,10,60,0.13333333333333333,0.011689286729835005,0.25497737993683167,0.006196260162576251,0.018898145875090065,0.0021552575657330744,tv,0.8,5,5,1.0,2,1,cabaret
sim_results_Umovielens1k_pop1_a0.8_N5_C5_CPtop_Q1.0_cabaret_W2_D1.json,700,10,70,0.06666666666666667,0.0,0.15592899333902582,0.006196260162576251,0.018898145875090065,0.0021552575657330744,tv,0.8,5,5,1.0,2,1,cabaret
sim_results_Umovielens1k_pop1_a0.8_N5_C5_CPtop_Q1.0_cabaret_W2_D1.json,800,10,80,0.0,0.0,0.0,0.006196260162576251,0.018898145875090065,0.0021552575657330744,tv,0.8,5,5,1.0,2,1,cabaret
sim_results_Umovielens1k_pop1_a0.8_N5_C5_CPtop_Q1.0_cabaret_W2_D1.json,900,10,90,0.0,0.0,0.0,0.006196260162576251,0.018898145875090065,0.0021552575657330744,tv,0.8,5,5,1.0,2,1,cabaret
sim_results_Umovielens1k_pop1_a0.8_N5_C5_CPtop_Q1.0_cabaret_W2_D1.json,1000,10,100,0.0,0.0,0.0,0.006196260162576251,0.018898145875090065,0.0021552575657330744,tv,0.8,5,5,1.0,2,1,cabaret
sim_results_Umovielens1k_pop1_a0.8_N5_C5_CPtop_Q1.0_cabaret_W2_D2.json,100,10,10,0.06666666666666667,0.0,0.15592899333902582,0.06421045697744039,0.18039043840656294,0.035301860923336335,tv,0.8,5,5,1.0,2,2,cabaret
sim_results_Umovielens1k_pop1_a0.8_N5_C5_CPtop_Q1.0_cabaret_W2_D2.json,200,10,20,0.06666666666666667,0.0,0.15592899333902582,0.06421045697744039,0.18039043840656294,0.035301860923336335,tv,0.8,5,5,1.0,2,2,cabaret
sim_results_Umovielens1k_pop1_a0.8_N5_C5_CPtop_Q1.0_cabaret_W2_D2.json,300,10,30,0.36666666666666664,0.19422296678282158,0.5391103665505117,0.06421045697744039,0.18039043840656294,0.035301860923336335,tv,0.8,5,5,1.0,2,2,cabaret
sim_results_Umovielens1k_pop1_a0.8_N5_C5_CPtop_Q1.0_cabaret_W2_D2.json,400,10,40,0.3,0.1360146347993212,0.4639853652006788,0.06421045697744039,0.18039043840656294,0.035301860923336335,tv,0.8,5,5,1.0,2,2,cabaret
sim_results_Umovielens1k_pop1_a0.8_N5_C5_CPtop_Q1.0_cabaret_W2_D2.json,500,10,50,0.6666666666666666,0.497976725365188,0.8353566079681453,0.06421045697744039,0.18039043840656294,0.035301860923336335,tv,0.8,5,5,1.0,2,2,cabaret
sim_results_Umovielens1k_pop1_a0.8_N5_C5_CPtop_Q1.0_cabaret_W2_D2.json,600,10,60,0.36666666666666664,0.19422296678282158,0.5391103665505117,0.06421045697744039,0.18039043840656294,0.035301860923336335,tv,0.8,5,5,1.0,2,2,cabaret
sim_results_Umovielens1k_pop1_a0.8_N5_C5_CPtop_Q1.0_cabaret_W2_D2.json,700,10,70,0.7333333333333333,0.5750881414925044,0.8915785251741621,0.06421045697744039,0.18039043840656294,0.035301860923336335,tv,0.8,5,5,1.0,2,2,cabaret
sim_results_Umovielens1k_pop1_a0.8_N5_C5_CPtop_Q1.0_cabaret_W2_D2.json,800,10,80,0.7333333333333333,0.5750881414925044,0.8915785251741621,0.06421045697744039,0.18039043840656294,0.035301860923336335,tv,0.8,5,5,1.0,2,2,cabaret
sim_results_Umovielens1k_pop1_a0.8_N5_C5_CPtop_Q1.0_cabaret_W2_D2.json,900,10,90,0.7333333333333333,0.5750881414925044,0.8915785251741621,0.06421045697744039,0.18039043840656294,0.035301860923336335,tv,0.8,5,5,1.0,2,2,cabaret
sim_results_Umovielens1k_pop1_a0.8_N5_C5_CPtop_Q1.0_cabaret_W2_D2.json,1000,10,100,0.8666666666666667,0.7450226200631684,0.988310713270165,0.06421045697744039,0.18039043840656294,0.035301860923336335,tv,0.8,5,5,1.0,2,2,cabaret
sim_results_Umovielens1k_pop1_a0.99_N2_C10_CPtop_Q1.0_cabaret_W1_D2.json,100,10,10,0.1,0.0,0.20735362127101256,0.049110632051724196,0.3231523926710549,0.18917173710378973,tv,0.99,2,10,1.0,1,2,cabaret
sim_results_Umovielens1k_pop1_a0.99_N2_C10_CPtop_Q1.0_cabaret_W1_D2.json,200,10,20,0.2,0.056861838305316575,0.3431381616946835,0.049110632051724196,0.3231523926710549,0.18917173710378973,tv,0.99,2,10,1.0,1,2,cabaret
sim_results_Umovielens1k_pop1_a0.99_N2_C10_CPtop_Q1.0_cabaret_W1_D2.json,300,10,30,0.06666666666666667,0.0,0.15592899333902582,0.049110632051724196,0.3231523926710549,0.18917173710378973,tv,0.99,2,10,1.0,1,2,cabaret
sim_results_Umovielens1k_pop1_a0.99_N2_C10_CPtop_Q1.0_cabaret_W1_D2.json,400,10,40,0.1,0.0,0.20735362127101256,0.049110632051724196,0.3231523926710549,0.18917173710378973,tv,0.99,2,10,1.0,1,2,cabaret
sim_results_Umovielens1k_pop1_a0.99_N2_C10_CPtop_Q1.0_cabaret_W1_D2.json,500,10,50,0.1,0.0,0.20735362127101256,0.049110632051724196,0.3231523926710549,0.18917173710378973,tv,0.99,2,10,1.0,1,2,cabaret
sim_results_Umovielens1k_pop1_a0.99_N2_C10_CPtop_Q1.0_cabaret_W1_D2.json,600,10,60,0.13333333333333333,0.011689286729835005,0.25497737993683167,0.049110632051724196,0.3231523926710549,0.18917173710378973,tv,0.99,2,10,1.0,1,2,cabaret
sim_results_Umovielens1k_pop1_a0.99_N2_C10_CPtop_Q1.0_cabaret_W1_D2.json,700,10,70,0.4666666666666667,0.28814201332194833,0.645191320011385,0.049110632051724196,0.3231523926710549,0.18917173710378973,tv,0.99,2,10,1.0,1,2,cabaret
sim_results_Umovielens1k_pop1_a0.99_N2_C10_CPtop_Q1.0_cabaret_W1_D2.json,800,10,80,0.4,0.2246922705640165,0.5753077294359835,0.049110632051724196,0.3231523926710549,0.18917173710378973,tv,0.99,2,10,1.0,1,2,cabaret
sim_results_Umovielens1k_pop1_a0.99_N2_C10_CPtop_Q1.0_cabaret_W1_D2.json,900,10,90,0.36666666666666664,0.19422296678282158,0.5391103665505117,0.049110632051724196,0.3231523926710549,0.18917173710378973,tv,0.99,2,10,1.0,1,2,cabaret
sim_results_Umovielens1k_pop1_a0.99_N2_C10_CPtop_Q1.0_cabaret_W1_D2.json,1000,10,100,0.36666666666666664,0.19422296678282158,0.5391103665505117,0.049110632051724196,0.3231523926710549,0.18917173710378973,tv,0.99,2,10,1.0,1,2,cabaret
